[Licensing::Module] Trying to connect to existing licensing client channel...
Built from '6000.4/staging' branch; Version is '6000.4.0f1 (8cf496087c8f) revision 9237654'; Using compiler version '194234433'; Build Type 'Release'
[Licensing::IpcConnector] Successfully connected to: "LicenseClient-Ruben G" at "2026-05-16T22:20:25.0930587Z"
OS: 'Windows 11  (10.0.26200) CoreSingleLanguage' Language: 'es' Physical Memory: 32497 MB
BatchMode: 1, IsHumanControllingUs: 0, StartBugReporterOnCrash: 0, Is64bit: 1
System  architecture: x64
Process architecture: x64
Date: 2026-05-16T22:20:25Z

COMMAND LINE ARGUMENTS:
C:\Program Files\Unity\Hub\Editor\6000.4.0f1\Editor\Unity.exe
-adb2
-batchMode
-noUpm
-name
AssetImportWorker1
-projectPath
C:/Users/Ruben G/Downloads/30032026-20260512T100507Z-3-001/30032026
-logFile
Logs/AssetImportWorker1.log
-srvPort
49674
-licensingIpc
LicenseClient-Ruben G
-force-d3d12
-job-worker-count
9
-background-job-worker-count
8
-gc-helper-count
1
-name
AssetImport
Successfully changed project path to: C:/Users/Ruben G/Downloads/30032026-20260512T100507Z-3-001/30032026
C:/Users/Ruben G/Downloads/30032026-20260512T100507Z-3-001/30032026
[UnityMemory] Configuration Parameters - Can be set up in boot.config
    "memorysetup-temp-allocator-size-gi-baking-worker=262144"
    "memorysetup-temp-allocator-size-gi-baking-worker=262144"
    "memorysetup-temp-allocator-size-gi-baking-worker=262144"
    "memorysetup-temp-allocator-size-gi-baking-worker=262144"
    "memorysetup-temp-allocator-size-gi-baking-worker=262144"
    "memorysetup-temp-allocator-size-nav-mesh-worker=65536"
    "memorysetup-temp-allocator-size-audio-worker=65536"
    "memorysetup-temp-allocator-size-cloud-worker=32768"
    "memorysetup-temp-allocator-size-gfx=262144"
    "memorysetup-temp-allocator-size-preload-manager=33554432"
    "memorysetup-temp-allocator-size-job-worker=262144"
    "memorysetup-temp-allocator-size-background-worker=32768"
    "memorysetup-allocator-temp-initial-block-size-main=262144"
    "memorysetup-allocator-temp-initial-block-size-worker=262144"
    "memorysetup-bucket-allocator-granularity=16"
    "memorysetup-bucket-allocator-bucket-count=8"
    "memorysetup-bucket-allocator-block-size=33554432"
    "memorysetup-bucket-allocator-block-count=8"
    "memorysetup-main-allocator-block-size=16777216"
    "memorysetup-thread-allocator-block-size=16777216"
    "memorysetup-gfx-main-allocator-block-size=16777216"
    "memorysetup-gfx-thread-allocator-block-size=16777216"
    "memorysetup-cache-allocator-block-size=4194304"
    "memorysetup-typetree-allocator-block-size=2097152"
    "memorysetup-profiler-bucket-allocator-granularity=16"
    "memorysetup-profiler-bucket-allocator-bucket-count=8"
    "memorysetup-profiler-bucket-allocator-block-size=33554432"
    "memorysetup-profiler-bucket-allocator-block-count=8"
    "memorysetup-profiler-allocator-block-size=16777216"
    "memorysetup-profiler-editor-allocator-block-size=1048576"
    "memorysetup-temp-allocator-size-main=16777216"
    "memorysetup-job-temp-allocator-block-size=2097152"
    "memorysetup-job-temp-allocator-block-size-background=1048576"
    "memorysetup-job-temp-allocator-reduction-small-platforms=262144"
Player connection [6860]  Target information:

Player connection [6860]  * "[IP] 192.168.18.63 [Port] 0 [Flags] 2 [Guid] 1461398046 [EditorId] 1461398046 [Version] 1048832 [Id] WindowsEditor(7,Ruben) [Debug] 1 [PackageName] WindowsEditor [ProjectName] Editor" 

Player connection [6860] Host joined multi-casting on [225.0.0.222:54997]...
Player connection [6860] Host joined alternative multi-casting on [225.0.0.222:34997]...
JobSystem: Creating JobQueue using job-worker-count value 9
Input System module state changed to: Initialized.
[Physics::Module] Initialized fallback backend.
[Physics::Module] Id: 0xdecafbad
Library Redirect Path: Library/
[Physics::Module] Selected backend.
[Physics::Module] Name: PhysX
[Physics::Module] Id: 0xf2b8ea05
[Physics::Module] SDK Version: 4.1.2
[Physics::Module] Integration Version: 1.0.0
[Physics::Module] Threading Mode: Multi-Threaded
Refreshing native plugins compatible for Editor in 3.22 ms, found 4 plugins.
Initialize engine version: 6000.4.0f1 (8cf496087c8f)
[Subsystems] Discovering subsystems at path C:/Program Files/Unity/Hub/Editor/6000.4.0f1/Editor/Data/Resources/UnitySubsystems
[Subsystems] Discovering subsystems at path C:/Users/Ruben G/Downloads/30032026-20260512T100507Z-3-001/30032026/Assets
Forcing GfxDevice: Direct3D 12
GfxDevice: creating device client; kGfxThreadingModeNonThreaded
d3d12: failed to query info queue interface (0x80004002).
Direct3D:
    Version:         Direct3D 12 [level 12.1]
    Renderer:        Intel(R) Iris(R) Xe Graphics (ID=0xa7a0)
    Vendor:          Intel
    VRAM:            16248 MB
    App VRAM Budget: 15480 MB
    Driver:          32.0.101.7082
    Unified Memory Architecture
    Cache Coherent UMA
Initialize mono
Mono path[0] = 'C:/Program Files/Unity/Hub/Editor/6000.4.0f1/Editor/Data/Managed'
Mono path[1] = 'C:/Program Files/Unity/Hub/Editor/6000.4.0f1/Editor/Data/MonoBleedingEdge/lib/mono/unityjit-win32'
Mono config path = 'C:/Program Files/Unity/Hub/Editor/6000.4.0f1/Editor/Data/MonoBleedingEdge/etc'
Using monoOptions --debugger-agent=transport=dt_socket,embedding=1,server=y,suspend=n,address=127.0.0.1:56848
CodeReloadManager initialized
Begin MonoManager ReloadAssembly
Registering precompiled unity dll's ...
Register platform support module: C:/Program Files/Unity/Hub/Editor/6000.4.0f1/Editor/Data/PlaybackEngines/WindowsStandaloneSupport/UnityEditor.WindowsStandalone.Extensions.dll
Registered in 0.001133 seconds.
[Licensing::Client] Error: HandshakeResponse reported an error:
	ResponseCode: 505
	ResponseStatus: Unsupported protocol version '1.18.1'.
[Licensing::Module] Error: Failed to handshake to channel: "LicenseClient-Ruben G"
[Licensing::IpcConnector] LicenseClient-Ruben G channel disconnected successfully.
[Licensing::IpcConnector] Successfully connected to: "LicenseClient-Ruben G-6000.4.0" at "2026-05-16T22:20:26.103372Z"
Native extension for WindowsStandalone target not found
Package Manager log level set to [2]
[Package Manager] Failed to launch server process. Reason: Unity was launched with the -noUpm command-line argument
[Package Manager] Unable to send message (not connected to server process).
[Package Manager] Cannot connect to Unity Package Manager local server
ScheduleIndexationOnStartup MainProcess:False IndexOnStartup:True
Mono: successfully reloaded assembly
- Finished resetting the current domain, in  0.396 seconds
Domain Reload Profiling: 823ms
	BeginReloadAssembly (119ms)
	RebuildCommonClasses (37ms)
	RebuildNativeTypeToScriptingClass (14ms)
	initialDomainReloadingComplete (55ms)
	LoadAllAssembliesAndSetupDomain (201ms)
		LoadAssemblies (116ms)
		AnalyzeDomain (191ms)
			TypeCache.Refresh (190ms)
				TypeCache.ScanAssembly (176ms)
	FinalizeReload (397ms)
		SetupLoadedEditorAssemblies (0ms)
			InitializePlatformSupportModulesInManaged (42ms)
			BeforeProcessingInitializeOnLoad (92ms)
			ProcessInitializeOnLoadAttributes (112ms)
			ProcessInitializeOnLoadMethodAttributes (90ms)
Assembly reference Packages/com.unity.cinemachine/Editor/Samples/ExposeHDRPInternals/HDRP-Editor-ref.asmref has no target assembly definition
========================================================================
Worker process is ready to serve import requests
Import Worker Mode flag is 0x00
Assembly reference Packages/com.unity.cinemachine/Editor/Samples/ExposeHDRPInternals/HDRP-Editor-ref.asmref has no target assembly definition
Assembly reference Packages/com.unity.cinemachine/Editor/Samples/ExposeHDRPInternals/HDRP-Editor-ref.asmref has no target assembly definition
Begin MonoManager ReloadAssembly
[Licensing::Module] Licensing is not yet initialized.
[Licensing::Client] Handshaking with LicensingClient:
  Version:                 1.18.1+9fbee8e
  Session Id:              b0a9adc44004454ca6fc19ef6dbdf2b0
  Correlation Id:          f2b8caf36912041e07669a0b07bbd23e
  External correlation Id: 1508962450102867821
  Machine Id:              NENznBfcoSW6NXQsx0rHvuiIPpI=
[Licensing::Module] Successfully connected to LicensingClient on channel: "LicenseClient-Ruben G-6000.4.0" (connect: 0.00s, validation: 0.00s, handshake: 0.93s)
[Licensing::IpcConnector] Successfully connected to: "LicenseClient-Ruben G-6000.4.0-notifications" at "2026-05-16T22:20:27.0381877Z"
[Licensing::Module] Licensing Background thread has ended after 1.95s
[Licensing::Module] Licensing is initialized (took 0.14s).
[Licensing::Client] Successfully resolved entitlement details
[Licensing::Module] License group:
  Id: 20067047366488-UnityPersXXXX
  Product: Unity Personal
  Type: Assigned
  Expiration: Unlimited
Assembly Assembly-CSharp-Editor-firstpass.dll at Library/ScriptAssemblies/Assembly-CSharp-Editor-firstpass.dll not valid. Loading of assembly skipped.
Assembly Assembly-CSharp-Editor.dll at Library/ScriptAssemblies/Assembly-CSharp-Editor.dll not valid. Loading of assembly skipped.
Assembly Assembly-CSharp-firstpass.dll at Library/ScriptAssemblies/Assembly-CSharp-firstpass.dll not valid. Loading of assembly skipped.
Assembly DocCodeExamples.dll at Library/ScriptAssemblies/DocCodeExamples.dll not valid. Loading of assembly skipped.
Assembly TestNewCustomAssembly.dll at Library/ScriptAssemblies/TestNewCustomAssembly.dll not valid. Loading of assembly skipped.
Assembly Unity.2D.Animation.EditorTests.dll at Library/ScriptAssemblies/Unity.2D.Animation.EditorTests.dll not valid. Loading of assembly skipped.
Assembly Unity.2D.Aseprite.EditorTests.dll at Library/ScriptAssemblies/Unity.2D.Aseprite.EditorTests.dll not valid. Loading of assembly skipped.
Assembly Unity.2D.Common.EditorTests.dll at Library/ScriptAssemblies/Unity.2D.Common.EditorTests.dll not valid. Loading of assembly skipped.
Assembly Unity.2D.Psdimporter.EditorTests.dll at Library/ScriptAssemblies/Unity.2D.Psdimporter.EditorTests.dll not valid. Loading of assembly skipped.
Assembly Unity.2D.Sprite.Package.EditorTests.dll at Library/ScriptAssemblies/Unity.2D.Sprite.Package.EditorTests.dll not valid. Loading of assembly skipped.
Assembly Unity.2D.SpriteShape.EditorTests.dll at Library/ScriptAssemblies/Unity.2D.SpriteShape.EditorTests.dll not valid. Loading of assembly skipped.
Assembly Unity.2D.Tilemap.Package.EditorTests.dll at Library/ScriptAssemblies/Unity.2D.Tilemap.Package.EditorTests.dll not valid. Loading of assembly skipped.
Assembly Unity.Collections.BurstCompatibilityGen.dll at Library/ScriptAssemblies/Unity.Collections.BurstCompatibilityGen.dll not valid. Loading of assembly skipped.
Assembly Unity.Collections.DocCodeSamples.dll at Library/ScriptAssemblies/Unity.Collections.DocCodeSamples.dll not valid. Loading of assembly skipped.
Assembly Unity.Collections.PerformanceTests.dll at Library/ScriptAssemblies/Unity.Collections.PerformanceTests.dll not valid. Loading of assembly skipped.
Assembly Unity.Collections.Tests.dll at Library/ScriptAssemblies/Unity.Collections.Tests.dll not valid. Loading of assembly skipped.
Assembly Unity.Collections.Tests.Playmode.dll at Library/ScriptAssemblies/Unity.Collections.Tests.Playmode.dll not valid. Loading of assembly skipped.
Assembly Unity.InputSystem.IntegrationTests.dll at Library/ScriptAssemblies/Unity.InputSystem.IntegrationTests.dll not valid. Loading of assembly skipped.
Assembly Unity.Mathematics.Tests.dll at Library/ScriptAssemblies/Unity.Mathematics.Tests.dll not valid. Loading of assembly skipped.
Assembly Unity.Multiplayer.Center.Editor.Tests.dll at Library/ScriptAssemblies/Unity.Multiplayer.Center.Editor.Tests.dll not valid. Loading of assembly skipped.
Assembly Unity.Multiplayer.Center.Tests.dll at Library/ScriptAssemblies/Unity.Multiplayer.Center.Tests.dll not valid. Loading of assembly skipped.
Assembly Unity.Nuget.Mono-Cecil.dll at Library/ScriptAssemblies/Unity.Nuget.Mono-Cecil.dll not valid. Loading of assembly skipped.
Assembly Unity.PathTracing.Editor.Tests.dll at Library/ScriptAssemblies/Unity.PathTracing.Editor.Tests.dll not valid. Loading of assembly skipped.
Assembly Unity.PathTracing.Runtime.Tests.dll at Library/ScriptAssemblies/Unity.PathTracing.Runtime.Tests.dll not valid. Loading of assembly skipped.
Assembly Unity.RenderPipelines.Core.Editor.Tests.dll at Library/ScriptAssemblies/Unity.RenderPipelines.Core.Editor.Tests.dll not valid. Loading of assembly skipped.
Assembly Unity.RenderPipelines.Core.Runtime.Tests.dll at Library/ScriptAssemblies/Unity.RenderPipelines.Core.Runtime.Tests.dll not valid. Loading of assembly skipped.
Assembly Unity.RenderPipelines.Universal.Config.Editor.Tests.dll at Library/ScriptAssemblies/Unity.RenderPipelines.Universal.Config.Editor.Tests.dll not valid. Loading of assembly skipped.
Assembly Unity.RenderPipelines.Universal.Editor.Tests.dll at Library/ScriptAssemblies/Unity.RenderPipelines.Universal.Editor.Tests.dll not valid. Loading of assembly skipped.
Assembly Unity.RenderPipelines.Universal.Runtime.Tests.dll at Library/ScriptAssemblies/Unity.RenderPipelines.Universal.Runtime.Tests.dll not valid. Loading of assembly skipped.
Assembly Unity.Searcher.EditorTests.dll at Library/ScriptAssemblies/Unity.Searcher.EditorTests.dll not valid. Loading of assembly skipped.
Assembly Unity.Settings.Tests.dll at Library/ScriptAssemblies/Unity.Settings.Tests.dll not valid. Loading of assembly skipped.
Assembly Unity.ShaderGraph.Editor.Tests.dll at Library/ScriptAssemblies/Unity.ShaderGraph.Editor.Tests.dll not valid. Loading of assembly skipped.
Assembly Unity.TextMeshPro.Editor.Tests.dll at Library/ScriptAssemblies/Unity.TextMeshPro.Editor.Tests.dll not valid. Loading of assembly skipped.
Assembly Unity.TextMeshPro.Tests.dll at Library/ScriptAssemblies/Unity.TextMeshPro.Tests.dll not valid. Loading of assembly skipped.
Assembly Unity.UnifiedRayTracing.Editor.Tests.dll at Library/ScriptAssemblies/Unity.UnifiedRayTracing.Editor.Tests.dll not valid. Loading of assembly skipped.
Assembly UnityEditor.UI.Common.Tests.dll at Library/ScriptAssemblies/UnityEditor.UI.Common.Tests.dll not valid. Loading of assembly skipped.
Assembly UnityEditor.UI.EditorTests.dll at Library/ScriptAssemblies/UnityEditor.UI.EditorTests.dll not valid. Loading of assembly skipped.
Assembly UnityEngine.UI.Tests.dll at Library/ScriptAssemblies/UnityEngine.UI.Tests.dll not valid. Loading of assembly skipped.
Assembly reference Packages/com.unity.cinemachine/Editor/Samples/ExposeHDRPInternals/HDRP-Editor-ref.asmref has no target assembly definition
'Packages/com.unity.cinemachine/Editor/Obsolete/CinemachineVirtualCameraBaseEditor.cs' contains partial class of Unity.Object, exactly 1 of the partial classes needs to be in a file with the same filename. This is to know the one that can be referenced from ie. GameObjects
'Packages/com.unity.cinemachine/Editor/Editors/CinemachineVirtualCameraBaseEditor.cs' contains partial class of Unity.Object, exactly 1 of the partial classes needs to be in a file with the same filename. This is to know the one that can be referenced from ie. GameObjects
Native extension for WindowsStandalone target not found
Assembly reference Packages/com.unity.cinemachine/Editor/Samples/ExposeHDRPInternals/HDRP-Editor-ref.asmref has no target assembly definition
[Package Manager] Failed to launch server process. Reason: Unity was launched with the -noUpm command-line argument
[Package Manager] Unable to send message (not connected to server process).
[Package Manager] Cannot connect to Unity Package Manager local server
[Package Manager] Failed to launch server process. Reason: Unity was launched with the -noUpm command-line argument
[Package Manager] Unable to send message (not connected to server process).
[Package Manager] Cannot connect to Unity Package Manager local server
[Package Manager] Failed to launch server process. Reason: Unity was launched with the -noUpm command-line argument
[Package Manager] Unable to send message (not connected to server process).
[Package Manager] Cannot connect to Unity Package Manager local server
ScheduleIndexationOnStartup MainProcess:False IndexOnStartup:True
Mono: successfully reloaded assembly
- Finished resetting the current domain, in  0.711 seconds
Domain Reload Profiling: 1592ms
	BeginReloadAssembly (296ms)
		DisableScriptedObjects (4ms)
		CreateAndSetChildDomain (24ms)
	RebuildCommonClasses (32ms)
	RebuildNativeTypeToScriptingClass (11ms)
	initialDomainReloadingComplete (57ms)
	LoadAllAssembliesAndSetupDomain (486ms)
		LoadAssemblies (313ms)
		AnalyzeDomain (255ms)
			TypeCache.Refresh (166ms)
				TypeCache.ScanAssembly (152ms)
			BuildScriptInfoCaches (77ms)
			ResolveRequiredComponents (10ms)
	FinalizeReload (711ms)
		SetupLoadedEditorAssemblies (0ms)
			BeforeProcessingInitializeOnLoad (130ms)
			ProcessInitializeOnLoadAttributes (307ms)
			ProcessInitializeOnLoadMethodAttributes (128ms)
			AfterProcessingInitializeOnLoad (4ms)
		AwakeInstancesAfterBackupRestoration (6ms)
Launched and connected shader compiler UnityShaderCompiler.exe after 0.01 seconds
Unloading 25 Unused Serialized files (Serialized files now loaded: 0)
Unloading 7409 unused Assets / (5.6 MB). Loaded Objects now: 8244.
Memory consumption went from 164.7 MB to 159.1 MB.
Total: 7.611900 ms (FindLiveObjects: 0.539100 ms CreateObjectMapping: 0.428700 ms MarkObjects: 4.613300 ms  DeleteObjects: 2.029000 ms)

========================================================================
Received Import Request.
  Time since last request: 1027.691712 seconds.
  path: Assets/Scripts/playerMovement.cs
  importAddress: Guid(920c47611f7807247bc000e5ff16b3b9) Importer(2089858483,b0f066a214c2f5e87bad3c948f4d605d)
Start importing Assets/Scripts/playerMovement.cs using Guid(920c47611f7807247bc000e5ff16b3b9) Importer(2089858483,b0f066a214c2f5e87bad3c948f4d605d) (ScriptedImporter) -> (Import Result ID: '02a492f12d953ea5128414e49f9a65c7') in 0.0722988 seconds [static and dynamic dependencies]. Details - ImportResultOutputID=7e5631e5ba743a18482ec2a3cf9446a9 DependenciesID=28cf184c7672584d7b8ca1b8352646c7 StaticDependenciesID=1bf7ced60de0e6ddc305921d60ddb1fc 
Number of updated asset objects reloaded before import = 0Number of asset objects unloaded after import = 0

========================================================================
Received Import Request.
  Time since last request: 184.920610 seconds.
  path: Packages/com.unity.render-pipelines.universal/Editor/ShaderGraph/GraphTemplates/2D/2DSpriteUnlitTemplateThumbnail.png
  importAddress: Guid(a1be7992c1f7b0947bc2f9b045098f9e) Importer(815301076,1909f56bfc062723c751e8b465ee728b)
Start importing Packages/com.unity.render-pipelines.universal/Editor/ShaderGraph/GraphTemplates/2D/2DSpriteUnlitTemplateThumbnail.png using Guid(a1be7992c1f7b0947bc2f9b045098f9e) Importer(815301076,1909f56bfc062723c751e8b465ee728b) (PreviewImporter) -> (Import Result ID: 'a97a5e295d93e12ce4253d0fdf3b2a9c') in 0.0758257 seconds [static and dynamic dependencies]. Details - ImportResultOutputID=0e32c2efe655bd50526cf5d13a8c99cc DependenciesID=7ea4ca6bd5f771c4084ede96f3003a5a StaticDependenciesID=3b5d7966f4bf8ac012d6320e5891db22 
Number of updated asset objects reloaded before import = 0Number of asset objects unloaded after import = 2

========================================================================
Received Import Request.
  Time since last request: 0.000030 seconds.
  path: Packages/com.unity.2d.sprite/Editor/ObjectMenuCreation/DefaultAssets/Textures/v2/9Sliced.png
  importAddress: Guid(8884154dfe85442a3a3578be807dbcdf) Importer(815301076,1909f56bfc062723c751e8b465ee728b)
Start importing Packages/com.unity.2d.sprite/Editor/ObjectMenuCreation/DefaultAssets/Textures/v2/9Sliced.png using Guid(8884154dfe85442a3a3578be807dbcdf) Importer(815301076,1909f56bfc062723c751e8b465ee728b) (PreviewImporter) -> (Import Result ID: 'ae958b300a37d41f100b587dcbcf9b59') in 0.0628559 seconds [static and dynamic dependencies]. Details - ImportResultOutputID=cd7a66276b81e89cf47b730bb69f890b DependenciesID=1bbda9203b9add4e0a8144d2ac7993e7 StaticDependenciesID=9626e6c11768d0cf8ce332435c42458e 
Number of updated asset objects reloaded before import = 0Number of asset objects unloaded after import = 3

========================================================================
Received Import Request.
  Time since last request: 0.000038 seconds.
  path: Packages/com.unity.2d.sprite/Editor/ObjectMenuCreation/DefaultAssets/Textures/9-Sliced.png
  importAddress: Guid(71ebafeef3c03457483266a33ab2b270) Importer(815301076,1909f56bfc062723c751e8b465ee728b)
Start importing Packages/com.unity.2d.sprite/Editor/ObjectMenuCreation/DefaultAssets/Textures/9-Sliced.png using Guid(71ebafeef3c03457483266a33ab2b270) Importer(815301076,1909f56bfc062723c751e8b465ee728b) (PreviewImporter) -> (Import Result ID: 'db0c1f71db55dc481ffaccfd09e24a34') in 0.0310866 seconds [static and dynamic dependencies]. Details - ImportResultOutputID=2c30250e38fba4882c465c3e5f98f627 DependenciesID=2cb329120a009aa4d4c792fef93697b9 StaticDependenciesID=20ff08f76da1efec64038bcfed2cc83f 
Number of updated asset objects reloaded before import = 0Number of asset objects unloaded after import = 3

========================================================================
Received Import Request.
  Time since last request: 0.000034 seconds.
  path: Packages/com.unity.render-pipelines.core/Editor/Icons/RenderGraphViewer/AccelerationStructure@2x.png
  importAddress: Guid(78c530431f09533469990aeb78f31210) Importer(815301076,1909f56bfc062723c751e8b465ee728b)
Start importing Packages/com.unity.render-pipelines.core/Editor/Icons/RenderGraphViewer/AccelerationStructure@2x.png using Guid(78c530431f09533469990aeb78f31210) Importer(815301076,1909f56bfc062723c751e8b465ee728b) (PreviewImporter) -> (Import Result ID: 'd303552189ea741e55733e0fb9b20404') in 0.0233169 seconds [static and dynamic dependencies]. Details - ImportResultOutputID=b08dcc3db3daebb35282ad199a6c438b DependenciesID=8044b4b21ae386eabc6a72bbb91fc59b StaticDependenciesID=470d238f86ea6804d24c13d599022462 
Number of updated asset objects reloaded before import = 0Number of asset objects unloaded after import = 2

========================================================================
Received Import Request.
  Time since last request: 2.152886 seconds.
  path: Packages/com.unity.inputsystem/InputSystem/Editor/AssetEditor/PackageResources/personal/actionTreeBackgroundWithoutBorder.png
  importAddress: Guid(cf632ed80bf1f46c980de6b1b8b903ef) Importer(815301076,1909f56bfc062723c751e8b465ee728b)
Start importing Packages/com.unity.inputsystem/InputSystem/Editor/AssetEditor/PackageResources/personal/actionTreeBackgroundWithoutBorder.png using Guid(cf632ed80bf1f46c980de6b1b8b903ef) Importer(815301076,1909f56bfc062723c751e8b465ee728b) (PreviewImporter) -> (Import Result ID: 'eb3bf0e5531127e4f9c7d0c98558e826') in 0.023 seconds [static and dynamic dependencies]. Details - ImportResultOutputID=3190bfdf60658537824ce56e6f864f5d DependenciesID=0a498e2c908b17309b14383b1f6c78a1 StaticDependenciesID=f3dfb45537ed08b6789d16e6ff47ae3c 
Number of updated asset objects reloaded before import = 0Number of asset objects unloaded after import = 2

========================================================================
Received Import Request.
  Time since last request: 0.019615 seconds.
  path: Packages/com.unity.inputsystem/InputSystem/Editor/Icons/Add Binding.png
  importAddress: Guid(958a10dec4f3a4764bb345b0aa03510b) Importer(815301076,1909f56bfc062723c751e8b465ee728b)
Start importing Packages/com.unity.inputsystem/InputSystem/Editor/Icons/Add Binding.png using Guid(958a10dec4f3a4764bb345b0aa03510b) Importer(815301076,1909f56bfc062723c751e8b465ee728b) (PreviewImporter) -> (Import Result ID: 'f90b3cdce1f57adddfe7cdbd4a69ed18') in 0.0272704 seconds [static and dynamic dependencies]. Details - ImportResultOutputID=ab7d6ce9914c70184f8dc8cb2a0ccf99 DependenciesID=a3ec203f0ac306511b22eaaee8e35934 StaticDependenciesID=7152d6a5aa43c5337285774faf24742f 
Number of updated asset objects reloaded before import = 0Number of asset objects unloaded after import = 2

========================================================================
Received Import Request.
  Time since last request: 0.001401 seconds.
  path: Packages/com.unity.inputsystem/InputSystem/Editor/Icons/Add Binding@3x.png
  importAddress: Guid(8be1fbf4b24de44c99840805bdae9e40) Importer(815301076,1909f56bfc062723c751e8b465ee728b)
Start importing Packages/com.unity.inputsystem/InputSystem/Editor/Icons/Add Binding@3x.png using Guid(8be1fbf4b24de44c99840805bdae9e40) Importer(815301076,1909f56bfc062723c751e8b465ee728b) (PreviewImporter) -> (Import Result ID: 'fab6808c7652864607472eef07d6d57e') in 0.0232997 seconds [static and dynamic dependencies]. Details - ImportResultOutputID=0507ab32d8c9bce1a0c37776ff1f3274 DependenciesID=65dadf6a84b400db95511f07030668ca StaticDependenciesID=b331ec1d465fec005c72c8a52881c281 
Number of updated asset objects reloaded before import = 0Number of asset objects unloaded after import = 2

========================================================================
Received Import Request.
  Time since last request: 0.631256 seconds.
  path: Packages/com.unity.render-pipelines.core/Editor/LookDev/Icons/Add@2x.png
  importAddress: Guid(79aba0b290c471c4ba3d3f818d4e9b15) Importer(815301076,1909f56bfc062723c751e8b465ee728b)
Start importing Packages/com.unity.render-pipelines.core/Editor/LookDev/Icons/Add@2x.png using Guid(79aba0b290c471c4ba3d3f818d4e9b15) Importer(815301076,1909f56bfc062723c751e8b465ee728b) (PreviewImporter) -> (Import Result ID: '3d56f2fd724fe9f208965bdd99082344') in 0.0222697 seconds [static and dynamic dependencies]. Details - ImportResultOutputID=cbe747ebe77d3e2af0e6bfefdd04a34d DependenciesID=27e547a12cc4b8f38a25a4429c07e597 StaticDependenciesID=3299242bdda69879ff481e1d2884bbac 
Number of updated asset objects reloaded before import = 0Number of asset objects unloaded after import = 3

========================================================================
Received Import Request.
  Time since last request: 0.000024 seconds.
  path: Packages/com.unity.render-pipelines.core/Editor/Lighting/Icons/Advanced_UnPressed_mini.png
  importAddress: Guid(b356b95f05b77cf49a1b8241134f44c4) Importer(815301076,1909f56bfc062723c751e8b465ee728b)
Start importing Packages/com.unity.render-pipelines.core/Editor/Lighting/Icons/Advanced_UnPressed_mini.png using Guid(b356b95f05b77cf49a1b8241134f44c4) Importer(815301076,1909f56bfc062723c751e8b465ee728b) (PreviewImporter) -> (Import Result ID: '5c3a5c9df061b2ec3ff14b89a5294c0c') in 0.0180123 seconds [static and dynamic dependencies]. Details - ImportResultOutputID=4cad995b8a723a0f784a78b3e874f343 DependenciesID=b0c64754fa8f79323a1003d785c74efc StaticDependenciesID=b4beced9fa39e336d14d849396d24f7f 
Number of updated asset objects reloaded before import = 0Number of asset objects unloaded after import = 2

========================================================================
Received Import Request.
  Time since last request: 0.000024 seconds.
  path: Packages/com.unity.2d.animation/Editor/Assets/ComponentIcons/Animation.IKCCD On@64.png
  importAddress: Guid(cc7e65fd16d39483aa18d865a68e9451) Importer(815301076,1909f56bfc062723c751e8b465ee728b)
Start importing Packages/com.unity.2d.animation/Editor/Assets/ComponentIcons/Animation.IKCCD On@64.png using Guid(cc7e65fd16d39483aa18d865a68e9451) Importer(815301076,1909f56bfc062723c751e8b465ee728b) (PreviewImporter) -> (Import Result ID: '6e4d8ce0f018a34cbe60eaec454d8dcf') in 0.0250653 seconds [static and dynamic dependencies]. Details - ImportResultOutputID=2eec98d1c58f51572596624503708ef0 DependenciesID=bd272bf547add1b92d94bd4e22f15e8b StaticDependenciesID=729c05749a1da54c580828491d747ffb 
Number of updated asset objects reloaded before import = 0Number of asset objects unloaded after import = 3

========================================================================
Received Import Request.
  Time since last request: 0.000026 seconds.
  path: Packages/com.unity.2d.animation/Editor/Assets/ComponentIcons/Animation.IKCCD@64.png
  importAddress: Guid(84b96a9d1862c4a59afc0fff9875bfc4) Importer(815301076,1909f56bfc062723c751e8b465ee728b)
Start importing Packages/com.unity.2d.animation/Editor/Assets/ComponentIcons/Animation.IKCCD@64.png using Guid(84b96a9d1862c4a59afc0fff9875bfc4) Importer(815301076,1909f56bfc062723c751e8b465ee728b) (PreviewImporter) -> (Import Result ID: '7681dae2ab6fcb68b96876e8b931fddb') in 0.0260408 seconds [static and dynamic dependencies]. Details - ImportResultOutputID=5044f39ba44a138e8e1b81744d1cdca5 DependenciesID=c9a07ebf6aef0913bf27734e488af681 StaticDependenciesID=55d236af54634d8a68f8b74a5ceff601 
Number of updated asset objects reloaded before import = 0Number of asset objects unloaded after import = 3

========================================================================
Received Import Request.
  Time since last request: 0.000025 seconds.
  path: Packages/com.unity.2d.animation/Editor/Assets/ComponentIcons/Animation.IKCCD On.png
  importAddress: Guid(40ca859210cd04b62bbfe0e0d5696d3b) Importer(815301076,1909f56bfc062723c751e8b465ee728b)
Start importing Packages/com.unity.2d.animation/Editor/Assets/ComponentIcons/Animation.IKCCD On.png using Guid(40ca859210cd04b62bbfe0e0d5696d3b) Importer(815301076,1909f56bfc062723c751e8b465ee728b) (PreviewImporter) -> (Import Result ID: '6842a95b32404964c6b3ed72a75240de') in 0.0242811 seconds [static and dynamic dependencies]. Details - ImportResultOutputID=f225da54ace79223dc9aa3035359f3e8 DependenciesID=5d2fef706d25775fc588e85f0e2a90a0 StaticDependenciesID=d640724efb8966c7e09b19a0aed88fee 
Number of updated asset objects reloaded before import = 0Number of asset objects unloaded after import = 3

========================================================================
Received Import Request.
  Time since last request: 0.000022 seconds.
  path: Packages/com.unity.2d.animation/Editor/Assets/ComponentIcons/Animation.IKCCD On@256.png
  importAddress: Guid(ba345f2f643d842459447c374943401d) Importer(815301076,1909f56bfc062723c751e8b465ee728b)
Start importing Packages/com.unity.2d.animation/Editor/Assets/ComponentIcons/Animation.IKCCD On@256.png using Guid(ba345f2f643d842459447c374943401d) Importer(815301076,1909f56bfc062723c751e8b465ee728b) (PreviewImporter) -> (Import Result ID: 'e21fd57f24495369602a2a7f18f4922a') in 0.0294531 seconds [static and dynamic dependencies]. Details - ImportResultOutputID=fc8c27849bf409bd2cc029c7f5d52322 DependenciesID=2eef7a06d35ca80037426d77c68b7f48 StaticDependenciesID=605723bc64b9f091c7f35cd0fca6b1ca 
Number of updated asset objects reloaded before import = 0Number of asset objects unloaded after import = 3

========================================================================
Received Import Request.
  Time since last request: 0.215264 seconds.
  path: Packages/com.unity.2d.animation/Editor/Assets/ComponentIcons/Animation.IKFabrik.png
  importAddress: Guid(53d33bff0a9374b6db003552e5767cdb) Importer(815301076,1909f56bfc062723c751e8b465ee728b)
Start importing Packages/com.unity.2d.animation/Editor/Assets/ComponentIcons/Animation.IKFabrik.png using Guid(53d33bff0a9374b6db003552e5767cdb) Importer(815301076,1909f56bfc062723c751e8b465ee728b) (PreviewImporter) -> (Import Result ID: '9070bd56e50ea40c63999173478f357e') in 0.0244422 seconds [static and dynamic dependencies]. Details - ImportResultOutputID=f37549855818427ac9cb066cfbfa605e DependenciesID=6a50b99b60922abac0463c9ec9da1910 StaticDependenciesID=a0599661904ed58fea088ea9196c0d1b 
Number of updated asset objects reloaded before import = 0Number of asset objects unloaded after import = 3

========================================================================
Received Import Request.
  Time since last request: 0.000028 seconds.
  path: Packages/com.unity.2d.animation/Editor/Assets/ComponentIcons/Animation.IKFabrik On@32.png
  importAddress: Guid(f59542040dc5448459691fb41515f463) Importer(815301076,1909f56bfc062723c751e8b465ee728b)
Start importing Packages/com.unity.2d.animation/Editor/Assets/ComponentIcons/Animation.IKFabrik On@32.png using Guid(f59542040dc5448459691fb41515f463) Importer(815301076,1909f56bfc062723c751e8b465ee728b) (PreviewImporter) -> (Import Result ID: 'f244116f3a7fe6353324aaf1b82c1c43') in 0.0258725 seconds [static and dynamic dependencies]. Details - ImportResultOutputID=cb67f965f799a8ca865410d4ef2e3e67 DependenciesID=2d6458fb9172cc420975020d74687482 StaticDependenciesID=6cbec0a7e2d69e8fb36428af5d67a1cc 
Number of updated asset objects reloaded before import = 0Number of asset objects unloaded after import = 3

========================================================================
Received Import Request.
  Time since last request: 0.000022 seconds.
  path: Packages/com.unity.2d.animation/Editor/Assets/ComponentIcons/Animation.IKFabrik On@64.png
  importAddress: Guid(009774248359949e3b9317677c6678da) Importer(815301076,1909f56bfc062723c751e8b465ee728b)
Start importing Packages/com.unity.2d.animation/Editor/Assets/ComponentIcons/Animation.IKFabrik On@64.png using Guid(009774248359949e3b9317677c6678da) Importer(815301076,1909f56bfc062723c751e8b465ee728b) (PreviewImporter) -> (Import Result ID: '5fffb4e09894b3ea98d1f12b96ff07ad') in 0.0256472 seconds [static and dynamic dependencies]. Details - ImportResultOutputID=35563d7708777ef04b9f6005267fcc77 DependenciesID=20051c1c7573f1f08127a4f6192cee7c StaticDependenciesID=400b4a2593f197c446a9fad259e71ea4 
Number of updated asset objects reloaded before import = 0Number of asset objects unloaded after import = 3

========================================================================
Received Import Request.
  Time since last request: 0.277897 seconds.
  path: Packages/com.unity.2d.animation/Editor/Assets/ComponentIcons/Animation.IKFabrik@128.png
  importAddress: Guid(b86d0db9457f24011888218122cc164a) Importer(815301076,1909f56bfc062723c751e8b465ee728b)
Start importing Packages/com.unity.2d.animation/Editor/Assets/ComponentIcons/Animation.IKFabrik@128.png using Guid(b86d0db9457f24011888218122cc164a) Importer(815301076,1909f56bfc062723c751e8b465ee728b) (PreviewImporter) -> (Import Result ID: '2a5724b6ca4b58f2daa7c90e5f77ef8c') in 0.0297191 seconds [static and dynamic dependencies]. Details - ImportResultOutputID=fbc3536fbb6454643063617e31b42440 DependenciesID=77ef6ca079dfd79528515830b5402706 StaticDependenciesID=16eac7bec66605be9afbd89df37469cc 
Number of updated asset objects reloaded before import = 0Number of asset objects unloaded after import = 3

========================================================================
Received Import Request.
  Time since last request: 0.000022 seconds.
  path: Packages/com.unity.2d.animation/Editor/Assets/ComponentIcons/Animation.IKLimb On.png
  importAddress: Guid(4f5364a9fe7e04741862d2af49136835) Importer(815301076,1909f56bfc062723c751e8b465ee728b)
Start importing Packages/com.unity.2d.animation/Editor/Assets/ComponentIcons/Animation.IKLimb On.png using Guid(4f5364a9fe7e04741862d2af49136835) Importer(815301076,1909f56bfc062723c751e8b465ee728b) (PreviewImporter) -> (Import Result ID: '2bc7557c088e0a99558b770d131be696') in 0.0248425 seconds [static and dynamic dependencies]. Details - ImportResultOutputID=64670a9b703fdf551c08cdc03acfa669 DependenciesID=79417a7a3b3b7e7c94da865a2300bcf0 StaticDependenciesID=2b9da5c44463cbea6a3f89f63213e16d 
Number of updated asset objects reloaded before import = 0Number of asset objects unloaded after import = 3

========================================================================
Received Import Request.
  Time since last request: 0.000033 seconds.
  path: Packages/com.unity.2d.animation/Editor/Assets/ComponentIcons/Animation.IKLimb On@128.png
  importAddress: Guid(a7509656986904778b9b80babc278b98) Importer(815301076,1909f56bfc062723c751e8b465ee728b)
Start importing Packages/com.unity.2d.animation/Editor/Assets/ComponentIcons/Animation.IKLimb On@128.png using Guid(a7509656986904778b9b80babc278b98) Importer(815301076,1909f56bfc062723c751e8b465ee728b) (PreviewImporter) -> (Import Result ID: '0981b44b37647fefc2aaf8b3fe93f398') in 0.0271525 seconds [static and dynamic dependencies]. Details - ImportResultOutputID=9725f1731905a18abcea5a79ba9cfecf DependenciesID=d50369f824e9311e95c4e6de4d3514d2 StaticDependenciesID=95dee1e36fdeafdf4c388c1ce70ec84d 
Number of updated asset objects reloaded before import = 0Number of asset objects unloaded after import = 3

========================================================================
Received Import Request.
  Time since last request: 0.527141 seconds.
  path: Packages/com.unity.2d.animation/Editor/Assets/ComponentIcons/Animation.IKManager.png
  importAddress: Guid(60b8296fcb7d548fb845a621c6c4cbb9) Importer(815301076,1909f56bfc062723c751e8b465ee728b)
Start importing Packages/com.unity.2d.animation/Editor/Assets/ComponentIcons/Animation.IKManager.png using Guid(60b8296fcb7d548fb845a621c6c4cbb9) Importer(815301076,1909f56bfc062723c751e8b465ee728b) (PreviewImporter) -> (Import Result ID: 'ec80066a73d9560a5320cb02631ef34d') in 0.0243845 seconds [static and dynamic dependencies]. Details - ImportResultOutputID=097773be7e9b1bcbb138b4b3d1eaad3c DependenciesID=0f12ac6427c762382c53eebc52559ae1 StaticDependenciesID=47d1cefb554780047117eabbbd505cfa 
Number of updated asset objects reloaded before import = 0Number of asset objects unloaded after import = 3

========================================================================
Received Import Request.
  Time since last request: 0.000027 seconds.
  path: Packages/com.unity.2d.animation/Editor/Assets/ComponentIcons/Animation.IKManager On@64.png
  importAddress: Guid(54ce89f1e912746ecb70ddf53bead1f8) Importer(815301076,1909f56bfc062723c751e8b465ee728b)
Start importing Packages/com.unity.2d.animation/Editor/Assets/ComponentIcons/Animation.IKManager On@64.png using Guid(54ce89f1e912746ecb70ddf53bead1f8) Importer(815301076,1909f56bfc062723c751e8b465ee728b) (PreviewImporter) -> (Import Result ID: '647fa0abaa53fd5d6061dedce9ffda28') in 0.0269809 seconds [static and dynamic dependencies]. Details - ImportResultOutputID=c41196c3f46a39a95aef7f1a429c1bb2 DependenciesID=dc96625a27603b10ae8c816da54a5773 StaticDependenciesID=cac936ad5932aab797d29aa5b15187c9 
Number of updated asset objects reloaded before import = 0Number of asset objects unloaded after import = 3

========================================================================
Received Import Request.
  Time since last request: 0.000025 seconds.
  path: Packages/com.unity.2d.animation/Editor/Assets/ComponentIcons/Animation.IKManager@64.png
  importAddress: Guid(0502e3e0c944a4f71948552166af7b48) Importer(815301076,1909f56bfc062723c751e8b465ee728b)
Start importing Packages/com.unity.2d.animation/Editor/Assets/ComponentIcons/Animation.IKManager@64.png using Guid(0502e3e0c944a4f71948552166af7b48) Importer(815301076,1909f56bfc062723c751e8b465ee728b) (PreviewImporter) -> (Import Result ID: '69da8dde1999e0a1d1656bd3181be618') in 0.0266462 seconds [static and dynamic dependencies]. Details - ImportResultOutputID=b467c1de93096eda5ae7103e992b384d DependenciesID=b4b01b51e179e1333c181846cce5ca88 StaticDependenciesID=fb117a267d48a18ce914d83a97042d03 
Number of updated asset objects reloaded before import = 0Number of asset objects unloaded after import = 3

========================================================================
Received Import Request.
  Time since last request: 0.000035 seconds.
  path: Packages/com.unity.2d.animation/Editor/Assets/ComponentIcons/Animation.IKManager@32.png
  importAddress: Guid(a2d8694b191104c8cb1b7e715b3a5e47) Importer(815301076,1909f56bfc062723c751e8b465ee728b)
Start importing Packages/com.unity.2d.animation/Editor/Assets/ComponentIcons/Animation.IKManager@32.png using Guid(a2d8694b191104c8cb1b7e715b3a5e47) Importer(815301076,1909f56bfc062723c751e8b465ee728b) (PreviewImporter) -> (Import Result ID: 'e228e45c3fec510759670e975d0ebc7d') in 0.0252137 seconds [static and dynamic dependencies]. Details - ImportResultOutputID=f772d0768f9204b90b8d0348765262ab DependenciesID=01b7459db4c87ecdc622c266685c3a11 StaticDependenciesID=2265f87d3979f793135f16dc86648740 
Number of updated asset objects reloaded before import = 0Number of asset objects unloaded after import = 3

========================================================================
Received Import Request.
  Time since last request: 0.000023 seconds.
  path: Packages/com.unity.2d.animation/Editor/Assets/ComponentIcons/Animation.SpriteLibrary On.png
  importAddress: Guid(a86c61e5bed184ddc884003f0c947bb4) Importer(815301076,1909f56bfc062723c751e8b465ee728b)
Start importing Packages/com.unity.2d.animation/Editor/Assets/ComponentIcons/Animation.SpriteLibrary On.png using Guid(a86c61e5bed184ddc884003f0c947bb4) Importer(815301076,1909f56bfc062723c751e8b465ee728b) (PreviewImporter) -> (Import Result ID: '3333e16338adb2facf3362751141d4fe') in 0.0252873 seconds [static and dynamic dependencies]. Details - ImportResultOutputID=bb1463d65a70b15dcae1dac76e57fe84 DependenciesID=bb576e3fa30f89934773602d6f855983 StaticDependenciesID=d4e1759a7aab83f35553de56a5e5d4ce 
Number of updated asset objects reloaded before import = 0Number of asset objects unloaded after import = 3

========================================================================
Received Import Request.
  Time since last request: 0.000023 seconds.
  path: Packages/com.unity.2d.animation/Editor/Assets/ComponentIcons/Animation.IKManager@256.png
  importAddress: Guid(63a9bd0d002bb4d598c276d9f5aabc30) Importer(815301076,1909f56bfc062723c751e8b465ee728b)
Start importing Packages/com.unity.2d.animation/Editor/Assets/ComponentIcons/Animation.IKManager@256.png using Guid(63a9bd0d002bb4d598c276d9f5aabc30) Importer(815301076,1909f56bfc062723c751e8b465ee728b) (PreviewImporter) -> (Import Result ID: 'c81ad6ab853bc6642701bfc5a92c7b0f') in 0.0247111 seconds [static and dynamic dependencies]. Details - ImportResultOutputID=9ed58f2120c0181b2fd5a96ef3934456 DependenciesID=574c66c8e14e0d1c554a9d63156f5445 StaticDependenciesID=0fc9f66303f2eadfe9da28d6918a69fd 
Number of updated asset objects reloaded before import = 0Number of asset objects unloaded after import = 3

========================================================================
Received Import Request.
  Time since last request: 0.147640 seconds.
  path: Packages/com.unity.2d.animation/Editor/Assets/ComponentIcons/Animation.SpriteLibrary@32.png
  importAddress: Guid(5c6d7a5595d5b4713980d6a92eb6fced) Importer(815301076,1909f56bfc062723c751e8b465ee728b)
Start importing Packages/com.unity.2d.animation/Editor/Assets/ComponentIcons/Animation.SpriteLibrary@32.png using Guid(5c6d7a5595d5b4713980d6a92eb6fced) Importer(815301076,1909f56bfc062723c751e8b465ee728b) (PreviewImporter) -> (Import Result ID: 'f2450c0a4b63f0bfb42aa1d67478fb3c') in 0.027369 seconds [static and dynamic dependencies]. Details - ImportResultOutputID=cec2d090554d6171978404db524a1ddc DependenciesID=39c53e3c124d86587551de7862310668 StaticDependenciesID=21d1fb3866807cb07e15859876366eb2 
Number of updated asset objects reloaded before import = 0Number of asset objects unloaded after import = 3

========================================================================
Received Import Request.
  Time since last request: 0.000020 seconds.
  path: Packages/com.unity.2d.animation/Editor/Assets/ComponentIcons/Animation.SpriteLibrary@256.png
  importAddress: Guid(b6c49e41a57e648e9a16f44ce4b8d9b9) Importer(815301076,1909f56bfc062723c751e8b465ee728b)
Start importing Packages/com.unity.2d.animation/Editor/Assets/ComponentIcons/Animation.SpriteLibrary@256.png using Guid(b6c49e41a57e648e9a16f44ce4b8d9b9) Importer(815301076,1909f56bfc062723c751e8b465ee728b) (PreviewImporter) -> (Import Result ID: '0e7d3586a2ae2da95f6b1ff4c16a7a11') in 0.03015 seconds [static and dynamic dependencies]. Details - ImportResultOutputID=8bcf0a0c7043bc1864038818c8e8f5d1 DependenciesID=03b2703fd987521643f6439cd1f95477 StaticDependenciesID=f11888aa9af6cdfe8f21e7af8634910b 
Number of updated asset objects reloaded before import = 0Number of asset objects unloaded after import = 3

========================================================================
Received Import Request.
  Time since last request: 0.538266 seconds.
  path: Packages/com.unity.2d.animation/Editor/Assets/ComponentIcons/Animation.SpriteLibraryManager@64.png
  importAddress: Guid(8018f7f22eae14c4b8c25d466fa0d8e8) Importer(815301076,1909f56bfc062723c751e8b465ee728b)
Start importing Packages/com.unity.2d.animation/Editor/Assets/ComponentIcons/Animation.SpriteLibraryManager@64.png using Guid(8018f7f22eae14c4b8c25d466fa0d8e8) Importer(815301076,1909f56bfc062723c751e8b465ee728b) (PreviewImporter) -> (Import Result ID: '8b507ecc3a4003a15b2b3554412e0856') in 0.0293439 seconds [static and dynamic dependencies]. Details - ImportResultOutputID=511e4a4d8d1d259e05ca66276e661328 DependenciesID=ec2f8c30b6bf9f5f9937be5809a56e6d StaticDependenciesID=5762321cd9ce1284443db602b80b6cd0 
Number of updated asset objects reloaded before import = 0Number of asset objects unloaded after import = 3

========================================================================
Received Import Request.
  Time since last request: 0.125572 seconds.
  path: Packages/com.unity.2d.animation/Editor/Assets/ComponentIcons/Animation.SpriteLibraryVar On@64.png
  importAddress: Guid(713f288c6a6fc4514a9403f26e82dc91) Importer(815301076,1909f56bfc062723c751e8b465ee728b)
Start importing Packages/com.unity.2d.animation/Editor/Assets/ComponentIcons/Animation.SpriteLibraryVar On@64.png using Guid(713f288c6a6fc4514a9403f26e82dc91) Importer(815301076,1909f56bfc062723c751e8b465ee728b) (PreviewImporter) -> (Import Result ID: 'e1f68ff6f8e9fda233b2fe4073525761') in 0.0268107 seconds [static and dynamic dependencies]. Details - ImportResultOutputID=7bcdff4907c9f0210d030f0b6b2f1e43 DependenciesID=0e7737927cf1d180b21e2fc923dd5919 StaticDependenciesID=c4285a009c0ae29576415d665302f919 
Number of updated asset objects reloaded before import = 0Number of asset objects unloaded after import = 3

========================================================================
Received Import Request.
  Time since last request: 0.000021 seconds.
  path: Packages/com.unity.2d.animation/Editor/Assets/ComponentIcons/Animation.SpriteLibraryVar@64.png
  importAddress: Guid(33cf904ffefc842ddb5ccf1565cd94b3) Importer(815301076,1909f56bfc062723c751e8b465ee728b)
Start importing Packages/com.unity.2d.animation/Editor/Assets/ComponentIcons/Animation.SpriteLibraryVar@64.png using Guid(33cf904ffefc842ddb5ccf1565cd94b3) Importer(815301076,1909f56bfc062723c751e8b465ee728b) (PreviewImporter) -> (Import Result ID: 'ec60b91054f647ea84c6361754288fa1') in 0.0251174 seconds [static and dynamic dependencies]. Details - ImportResultOutputID=c20d99970bd75637ae11d2f73aba1916 DependenciesID=2c005febb747b83a279125efb3021063 StaticDependenciesID=56ac81c78ffa409ad83aa6085fa31904 
Number of updated asset objects reloaded before import = 0Number of asset objects unloaded after import = 3

========================================================================
Received Import Request.
  Time since last request: 0.000024 seconds.
  path: Packages/com.unity.2d.animation/Editor/Assets/ComponentIcons/Animation.SpriteResolver.asset
  importAddress: Guid(d2cb3a8ce3b824bea895b92d838d0514) Importer(815301076,1909f56bfc062723c751e8b465ee728b)
Start importing Packages/com.unity.2d.animation/Editor/Assets/ComponentIcons/Animation.SpriteResolver.asset using Guid(d2cb3a8ce3b824bea895b92d838d0514) Importer(815301076,1909f56bfc062723c751e8b465ee728b) (PreviewImporter) -> (Import Result ID: '713e0b3c8827a9c25a5008786e36db6a') in 0.0237473 seconds [static and dynamic dependencies]. Details - ImportResultOutputID=fdf3e9eb0a38708e2f5d0a9726a3d201 DependenciesID=63b3f24c0fa6b5f4ba17454ec27a4341 StaticDependenciesID=5d1d263a64acec27d3fca6bf2eb3f0ba 
Number of updated asset objects reloaded before import = 0Number of asset objects unloaded after import = 2

========================================================================
Received Import Request.
  Time since last request: 0.000039 seconds.
  path: Packages/com.unity.2d.animation/Editor/Assets/ComponentIcons/Animation.SpriteResolver.png
  importAddress: Guid(31d22d44ff25f4a5c95ac4842b5fb74f) Importer(815301076,1909f56bfc062723c751e8b465ee728b)
Start importing Packages/com.unity.2d.animation/Editor/Assets/ComponentIcons/Animation.SpriteResolver.png using Guid(31d22d44ff25f4a5c95ac4842b5fb74f) Importer(815301076,1909f56bfc062723c751e8b465ee728b) (PreviewImporter) -> (Import Result ID: '2f4909c49a651dc81760c4f5a248f1fc') in 0.0248292 seconds [static and dynamic dependencies]. Details - ImportResultOutputID=0f3e4a7d0cecacc9cdfe041e41a59f0c DependenciesID=2bad06fd69d0639932c3cce1c37b1285 StaticDependenciesID=816627752d434283bcf3aa61717287c2 
Number of updated asset objects reloaded before import = 0Number of asset objects unloaded after import = 3

========================================================================
Received Import Request.
  Time since last request: 0.000025 seconds.
  path: Packages/com.unity.2d.animation/Editor/Assets/ComponentIcons/Animation.SpriteResolver On@128.png
  importAddress: Guid(5c838469e8ab742f081032f02a904a31) Importer(815301076,1909f56bfc062723c751e8b465ee728b)
Start importing Packages/com.unity.2d.animation/Editor/Assets/ComponentIcons/Animation.SpriteResolver On@128.png using Guid(5c838469e8ab742f081032f02a904a31) Importer(815301076,1909f56bfc062723c751e8b465ee728b) (PreviewImporter) -> (Import Result ID: '1a1ac028f649205879bf2c09b816888d') in 0.0278313 seconds [static and dynamic dependencies]. Details - ImportResultOutputID=d69d865b46347c8de15e46e45c7cef65 DependenciesID=2140a6724cc0ba5828ac9cb45df0e1fe StaticDependenciesID=38ef6a5f8d982f810c45281983a6b938 
Number of updated asset objects reloaded before import = 0Number of asset objects unloaded after import = 3

========================================================================
Received Import Request.
  Time since last request: 0.300225 seconds.
  path: Packages/com.unity.2d.animation/Editor/Assets/ComponentIcons/Animation.SpriteResolver@128.png
  importAddress: Guid(ce009ee7a4fb24c1da2f07064894e6c4) Importer(815301076,1909f56bfc062723c751e8b465ee728b)
Start importing Packages/com.unity.2d.animation/Editor/Assets/ComponentIcons/Animation.SpriteResolver@128.png using Guid(ce009ee7a4fb24c1da2f07064894e6c4) Importer(815301076,1909f56bfc062723c751e8b465ee728b) (PreviewImporter) -> (Import Result ID: 'd16fd64aa022e5edd537fd68085b1b31') in 0.0247106 seconds [static and dynamic dependencies]. Details - ImportResultOutputID=89fa79b44ad14aa29ab363e3c05eb1c2 DependenciesID=d11b7b41432f755f0672c558cd21e9e0 StaticDependenciesID=7e7a6dad5cb9137d81a6aae58b5259fc 
Number of updated asset objects reloaded before import = 0Number of asset objects unloaded after import = 3

========================================================================
Received Import Request.
  Time since last request: 0.000021 seconds.
  path: Packages/com.unity.2d.animation/Editor/Assets/ComponentIcons/Animation.SpriteSkin On.png
  importAddress: Guid(4243996d9393248859e73ff6df05d8b3) Importer(815301076,1909f56bfc062723c751e8b465ee728b)
Start importing Packages/com.unity.2d.animation/Editor/Assets/ComponentIcons/Animation.SpriteSkin On.png using Guid(4243996d9393248859e73ff6df05d8b3) Importer(815301076,1909f56bfc062723c751e8b465ee728b) (PreviewImporter) -> (Import Result ID: '41a0b30c3989becf59fdf0e7c69bc54f') in 0.0246881 seconds [static and dynamic dependencies]. Details - ImportResultOutputID=b8953c9de21ba6d41fefda0bf172f510 DependenciesID=ce1b35a6cc6f6c65ecdd25033f8820c3 StaticDependenciesID=88656132f7e64d55f7cf81f10b38f9b4 
Number of updated asset objects reloaded before import = 0Number of asset objects unloaded after import = 3

========================================================================
Received Import Request.
  Time since last request: 0.000026 seconds.
  path: Packages/com.unity.2d.animation/Editor/Assets/ComponentIcons/Animation.SpriteSkin@32.png
  importAddress: Guid(35f90efdb1e6d4fb29c4108de82bf1b2) Importer(815301076,1909f56bfc062723c751e8b465ee728b)
Start importing Packages/com.unity.2d.animation/Editor/Assets/ComponentIcons/Animation.SpriteSkin@32.png using Guid(35f90efdb1e6d4fb29c4108de82bf1b2) Importer(815301076,1909f56bfc062723c751e8b465ee728b) (PreviewImporter) -> (Import Result ID: 'eea5cb08a4821924983c572a213faef6') in 0.028053 seconds [static and dynamic dependencies]. Details - ImportResultOutputID=faf368d14b6d4a6f2c2e6dfded817887 DependenciesID=7b1cb666d0277411b38990e768388855 StaticDependenciesID=411004a40c24ba43fc530771031e10ea 
Number of updated asset objects reloaded before import = 0Number of asset objects unloaded after import = 3

========================================================================
Received Import Request.
  Time since last request: 0.000027 seconds.
  path: Packages/com.unity.2d.animation/Editor/Assets/ComponentIcons/Animation.SpriteSkin On@32.png
  importAddress: Guid(c48d0173f2d2c40679bc236de8551a69) Importer(815301076,1909f56bfc062723c751e8b465ee728b)
Start importing Packages/com.unity.2d.animation/Editor/Assets/ComponentIcons/Animation.SpriteSkin On@32.png using Guid(c48d0173f2d2c40679bc236de8551a69) Importer(815301076,1909f56bfc062723c751e8b465ee728b) (PreviewImporter) -> (Import Result ID: '0da4805f1059cd8ca259665a49c9b8d8') in 0.0271015 seconds [static and dynamic dependencies]. Details - ImportResultOutputID=f69d72c733a672e7e32a89d20ff65643 DependenciesID=7e09f681794a386ef820efc15ba36219 StaticDependenciesID=f64b5e878f98663e7b0404dea4a65638 
Number of updated asset objects reloaded before import = 0Number of asset objects unloaded after import = 3

========================================================================
Received Import Request.
  Time since last request: 0.000188 seconds.
  path: Packages/com.unity.2d.animation/Editor/Assets/ComponentIcons/Animation.SpriteSkin On@64.png
  importAddress: Guid(af48269279273434687aeac541f87ca8) Importer(815301076,1909f56bfc062723c751e8b465ee728b)
Start importing Packages/com.unity.2d.animation/Editor/Assets/ComponentIcons/Animation.SpriteSkin On@64.png using Guid(af48269279273434687aeac541f87ca8) Importer(815301076,1909f56bfc062723c751e8b465ee728b) (PreviewImporter) -> (Import Result ID: '20ca03af8e45f4e612b2bb1673c1a582') in 0.025462 seconds [static and dynamic dependencies]. Details - ImportResultOutputID=878cd0b2d3e9994b302acb260b5ba6c3 DependenciesID=b4a862781c6f3b89bd27201e26e91abb StaticDependenciesID=71e5bbf485a7f538f15a7683c2cb167d 
Number of updated asset objects reloaded before import = 0Number of asset objects unloaded after import = 3

========================================================================
Received Import Request.
  Time since last request: 0.000029 seconds.
  path: Packages/com.unity.2d.animation/Editor/Assets/ComponentIcons/Animation.SpriteSkin On@128.png
  importAddress: Guid(d2ddd27a2c7de4ad99b3d8c9d00e4265) Importer(815301076,1909f56bfc062723c751e8b465ee728b)
Start importing Packages/com.unity.2d.animation/Editor/Assets/ComponentIcons/Animation.SpriteSkin On@128.png using Guid(d2ddd27a2c7de4ad99b3d8c9d00e4265) Importer(815301076,1909f56bfc062723c751e8b465ee728b) (PreviewImporter) -> (Import Result ID: 'ed21d20689542d06eb6dfa54fe3a2060') in 0.029554 seconds [static and dynamic dependencies]. Details - ImportResultOutputID=5e629d1cd329e7b560bc37acf1b0ba4a DependenciesID=e3b940bd159dec8f6e20647d0754ec31 StaticDependenciesID=5c0cdef5462240ecb7e0cf8e810c7336 
Number of updated asset objects reloaded before import = 0Number of asset objects unloaded after import = 3

========================================================================
Received Import Request.
  Time since last request: 0.000022 seconds.
  path: Packages/com.unity.2d.animation/Editor/Assets/ComponentIcons/Animation.SpriteSkin@64.png
  importAddress: Guid(dd3db1e5b4263437aa298781bd55d726) Importer(815301076,1909f56bfc062723c751e8b465ee728b)
Start importing Packages/com.unity.2d.animation/Editor/Assets/ComponentIcons/Animation.SpriteSkin@64.png using Guid(dd3db1e5b4263437aa298781bd55d726) Importer(815301076,1909f56bfc062723c751e8b465ee728b) (PreviewImporter) -> (Import Result ID: 'cfb35eecb358364fd7439d7b35f5a94d') in 0.0255484 seconds [static and dynamic dependencies]. Details - ImportResultOutputID=0e85d73e1c413073ab3e92dc16e223c9 DependenciesID=1a764ce74515ebf09bfdbe381aeee98b StaticDependenciesID=704bf5c54d00a96a2f9f5d1c81a56748 
Number of updated asset objects reloaded before import = 0Number of asset objects unloaded after import = 3

========================================================================
Received Import Request.
  Time since last request: 0.000028 seconds.
  path: Packages/com.unity.splines/Editor/Editor Resources/Icons/AutoSmoothKnot.png
  importAddress: Guid(07322254109944bb4b45b7b3e0131c6d) Importer(815301076,1909f56bfc062723c751e8b465ee728b)
Start importing Packages/com.unity.splines/Editor/Editor Resources/Icons/AutoSmoothKnot.png using Guid(07322254109944bb4b45b7b3e0131c6d) Importer(815301076,1909f56bfc062723c751e8b465ee728b) (PreviewImporter) -> (Import Result ID: '32eb230595e2bfb89e721d1df205bfd1') in 0.0198358 seconds [static and dynamic dependencies]. Details - ImportResultOutputID=327e646886409fdb18d506f7a8bb935f DependenciesID=ed3ef6b3a2b12854fc7de26b67d544fc StaticDependenciesID=b8c934423244e3363313e0492dbae77c 
Number of updated asset objects reloaded before import = 0Number of asset objects unloaded after import = 2

========================================================================
Received Import Request.
  Time since last request: 0.085358 seconds.
  path: Packages/com.unity.splines/Editor/Editor Resources/Icons/AutoSmoothKnot@2x.png
  importAddress: Guid(5703201e903d44191959e7b8d400f961) Importer(815301076,1909f56bfc062723c751e8b465ee728b)
Start importing Packages/com.unity.splines/Editor/Editor Resources/Icons/AutoSmoothKnot@2x.png using Guid(5703201e903d44191959e7b8d400f961) Importer(815301076,1909f56bfc062723c751e8b465ee728b) (PreviewImporter) -> (Import Result ID: '76b8556fc3997ec4fa24aa51be55570c') in 0.0171809 seconds [static and dynamic dependencies]. Details - ImportResultOutputID=025c849093968b9e89f69b4b335a977b DependenciesID=2e3a51beacd01ad4e64907260589442a StaticDependenciesID=8ca9bae3931ac1c3c211c7d7e0e533ef 
Number of updated asset objects reloaded before import = 0Number of asset objects unloaded after import = 2

========================================================================
Received Import Request.
  Time since last request: 0.000021 seconds.
  path: Packages/com.unity.inputsystem/InputSystem/Editor/Icons/Axis@3x.png
  importAddress: Guid(2e27a82b5cc4e4ef98cbef2d0b324aed) Importer(815301076,1909f56bfc062723c751e8b465ee728b)
Start importing Packages/com.unity.inputsystem/InputSystem/Editor/Icons/Axis@3x.png using Guid(2e27a82b5cc4e4ef98cbef2d0b324aed) Importer(815301076,1909f56bfc062723c751e8b465ee728b) (PreviewImporter) -> (Import Result ID: '523b413a7c419688ceaa9881b7c4e8f2') in 0.0227934 seconds [static and dynamic dependencies]. Details - ImportResultOutputID=b84854169e84f52d7c6715a1150b45f0 DependenciesID=63449ce06338b0a023906a554b64c171 StaticDependenciesID=fe041baa37dc67d24ac537d9c2e26254 
Number of updated asset objects reloaded before import = 0Number of asset objects unloaded after import = 2

========================================================================
Received Import Request.
  Time since last request: 0.000019 seconds.
  path: Packages/com.unity.shadergraph/Editor/Resources/Icons/blackboard.png
  importAddress: Guid(954de74b6fa234cfbb474898019e0acf) Importer(815301076,1909f56bfc062723c751e8b465ee728b)
Start importing Packages/com.unity.shadergraph/Editor/Resources/Icons/blackboard.png using Guid(954de74b6fa234cfbb474898019e0acf) Importer(815301076,1909f56bfc062723c751e8b465ee728b) (PreviewImporter) -> (Import Result ID: '5d9b3192e1fd9f36fd4077a3f632dcd3') in 0.0255906 seconds [static and dynamic dependencies]. Details - ImportResultOutputID=87320595155d0418d38b3d315146844f DependenciesID=8f3ddfc981123a390e30fb21daebdc7c StaticDependenciesID=89cf1eb4c4ab56aaa21f21da9ee82717 
Number of updated asset objects reloaded before import = 0Number of asset objects unloaded after import = 2

========================================================================
Received Import Request.
  Time since last request: 0.000030 seconds.
  path: Packages/com.unity.shadergraph/Editor/Resources/GraphView/Nodes/BlackboardFieldPillBackground.png
  importAddress: Guid(56603bbe7a2b54640bbd90104bea4981) Importer(815301076,1909f56bfc062723c751e8b465ee728b)
Start importing Packages/com.unity.shadergraph/Editor/Resources/GraphView/Nodes/BlackboardFieldPillBackground.png using Guid(56603bbe7a2b54640bbd90104bea4981) Importer(815301076,1909f56bfc062723c751e8b465ee728b) (PreviewImporter) -> (Import Result ID: '773800892a73408fd55c89957c21891f') in 0.0174607 seconds [static and dynamic dependencies]. Details - ImportResultOutputID=65fbb5f6d30c0643ca4d4f8b9352acd5 DependenciesID=1c057b4816f7094ef767431cf78cd89e StaticDependenciesID=461f9cb0c390da2f5059de58be10fd1c 
Number of updated asset objects reloaded before import = 0Number of asset objects unloaded after import = 2

========================================================================
Received Import Request.
  Time since last request: 0.000033 seconds.
  path: Packages/com.unity.2d.animation/Editor/Assets/EditorIcons/Light/Bone@3x.png
  importAddress: Guid(76beef9fdae7b48468ddf07d0400a374) Importer(815301076,1909f56bfc062723c751e8b465ee728b)
Start importing Packages/com.unity.2d.animation/Editor/Assets/EditorIcons/Light/Bone@3x.png using Guid(76beef9fdae7b48468ddf07d0400a374) Importer(815301076,1909f56bfc062723c751e8b465ee728b) (PreviewImporter) -> (Import Result ID: 'e0c3a16a94b4cb1f6cd6073372366bd0') in 0.0324032 seconds [static and dynamic dependencies]. Details - ImportResultOutputID=0a528cd53a77d3b66259b95123174b16 DependenciesID=65a1f3fcc4f021071b17cea2ccae0c74 StaticDependenciesID=5c3f335e75193f8f0a4e2a662cdc22c3 
Number of updated asset objects reloaded before import = 0Number of asset objects unloaded after import = 3

========================================================================
Received Import Request.
  Time since last request: 0.000021 seconds.
  path: Packages/com.unity.shadergraph/Editor/Resources/Icons/blackboard_dark@2x.png
  importAddress: Guid(aa09d480b04b3437db2ba9c9cdbc77be) Importer(815301076,1909f56bfc062723c751e8b465ee728b)
Start importing Packages/com.unity.shadergraph/Editor/Resources/Icons/blackboard_dark@2x.png using Guid(aa09d480b04b3437db2ba9c9cdbc77be) Importer(815301076,1909f56bfc062723c751e8b465ee728b) (PreviewImporter) -> (Import Result ID: '35e13556bdf71ba5e23284702ce35af0') in 0.0214025 seconds [static and dynamic dependencies]. Details - ImportResultOutputID=88235dfa05fa3d27658d201011578f17 DependenciesID=8563d72c6211e9e8938aea1ba8f16540 StaticDependenciesID=fa904cb018657b5ff0f6b2bea424b758 
Number of updated asset objects reloaded before import = 0Number of asset objects unloaded after import = 2

========================================================================
Received Import Request.
  Time since last request: 0.000018 seconds.
  path: Packages/com.unity.shadergraph/Editor/Resources/Icons/blackboard_dark.png
  importAddress: Guid(2162b791346804a7792168e6fc526ced) Importer(815301076,1909f56bfc062723c751e8b465ee728b)
Start importing Packages/com.unity.shadergraph/Editor/Resources/Icons/blackboard_dark.png using Guid(2162b791346804a7792168e6fc526ced) Importer(815301076,1909f56bfc062723c751e8b465ee728b) (PreviewImporter) -> (Import Result ID: '62f9a7ef2143eeaa4d80e6476b038bdb') in 0.0301753 seconds [static and dynamic dependencies]. Details - ImportResultOutputID=739f40d0c0697fa030d6f4bcbe9d1e7b DependenciesID=e147dd19321558541885994a6a9529ea StaticDependenciesID=31cb35bf8aa70ca7708538424e51f396 
Number of updated asset objects reloaded before import = 0Number of asset objects unloaded after import = 2

========================================================================
Received Import Request.
  Time since last request: 0.000019 seconds.
  path: Packages/com.unity.2d.animation/Editor/Assets/EditorIcons/Light/Bone@4x.png
  importAddress: Guid(9125c204f566db048a92ebcb64d9d14a) Importer(815301076,1909f56bfc062723c751e8b465ee728b)
Start importing Packages/com.unity.2d.animation/Editor/Assets/EditorIcons/Light/Bone@4x.png using Guid(9125c204f566db048a92ebcb64d9d14a) Importer(815301076,1909f56bfc062723c751e8b465ee728b) (PreviewImporter) -> (Import Result ID: '4e4e990ab7435b18a44b245233acf9dd') in 0.0321312 seconds [static and dynamic dependencies]. Details - ImportResultOutputID=43bee3eea9f4a07e404a3c36edfadf64 DependenciesID=c114134e454e8328cb90032854880181 StaticDependenciesID=7423028049d86a8ad0824f4e36beb9c9 
Number of updated asset objects reloaded before import = 0Number of asset objects unloaded after import = 3

========================================================================
Received Import Request.
  Time since last request: 0.000043 seconds.
  path: Packages/com.unity.render-pipelines.universal/Textures/BayerMatrix.png
  importAddress: Guid(f9ee4ed84c1d10c49aabb9b210b0fc44) Importer(815301076,1909f56bfc062723c751e8b465ee728b)
Start importing Packages/com.unity.render-pipelines.universal/Textures/BayerMatrix.png using Guid(f9ee4ed84c1d10c49aabb9b210b0fc44) Importer(815301076,1909f56bfc062723c751e8b465ee728b) (PreviewImporter) -> (Import Result ID: '4c1af955cb9bb3f5a62531ddd67a3ff3') in 0.0462046 seconds [static and dynamic dependencies]. Details - ImportResultOutputID=70400e2e016bbcc993b89ec30578b75d DependenciesID=35aae1049edfbc8183b07fb9cc3330a0 StaticDependenciesID=bd184d07c6636c45aa3d63d65dfafae3 
Number of updated asset objects reloaded before import = 0Number of asset objects unloaded after import = 0

========================================================================
Received Import Request.
  Time since last request: 0.000043 seconds.
  path: Packages/com.unity.render-pipelines.core/Editor/Lighting/Icons/LightUnitIcons/BlueSky.png
  importAddress: Guid(60d4d0573fefbf24198d33863004e7f9) Importer(815301076,1909f56bfc062723c751e8b465ee728b)
Start importing Packages/com.unity.render-pipelines.core/Editor/Lighting/Icons/LightUnitIcons/BlueSky.png using Guid(60d4d0573fefbf24198d33863004e7f9) Importer(815301076,1909f56bfc062723c751e8b465ee728b) (PreviewImporter) -> (Import Result ID: 'cd2509c7f07db6b6689da875bdc28c02') in 0.0291036 seconds [static and dynamic dependencies]. Details - ImportResultOutputID=32cd2ec5c0622e44003d711dac08610b DependenciesID=3d38b4d2de33bc60097f4ca2e1b78001 StaticDependenciesID=1504f158c7658adfcc390b1411d456ab 
Number of updated asset objects reloaded before import = 0Number of asset objects unloaded after import = 2

========================================================================
Received Import Request.
  Time since last request: 3.470221 seconds.
  path: Packages/com.unity.2d.animation/Editor/Assets/EditorIcons/Selected/Bone_Influence@4x.png
  importAddress: Guid(daf2ab606d4db0d4f9ecf4c02137d2a8) Importer(815301076,1909f56bfc062723c751e8b465ee728b)
Start importing Packages/com.unity.2d.animation/Editor/Assets/EditorIcons/Selected/Bone_Influence@4x.png using Guid(daf2ab606d4db0d4f9ecf4c02137d2a8) Importer(815301076,1909f56bfc062723c751e8b465ee728b) (PreviewImporter) -> (Import Result ID: '216c406b573394fb80eefb134e62ac4b') in 0.0265547 seconds [static and dynamic dependencies]. Details - ImportResultOutputID=6f73ee531ca1b91d7672885924284ddf DependenciesID=a2c51c2ebaa1bb11d3c9e5d66e855bbe StaticDependenciesID=61b6f2d0461ec4d79f79930cd7ae2c94 
Number of updated asset objects reloaded before import = 0Number of asset objects unloaded after import = 3

========================================================================
Received Import Request.
  Time since last request: 0.000025 seconds.
  path: Packages/com.unity.ugui/Editor Resources/Textures/btn_AlignBaseLine.psd
  importAddress: Guid(8bc445bb79654bf496c92d0407840a92) Importer(815301076,1909f56bfc062723c751e8b465ee728b)
Start importing Packages/com.unity.ugui/Editor Resources/Textures/btn_AlignBaseLine.psd using Guid(8bc445bb79654bf496c92d0407840a92) Importer(815301076,1909f56bfc062723c751e8b465ee728b) (PreviewImporter) -> (Import Result ID: 'af952a3e15cecfd5e6e28ae00915181d') in 0.0247665 seconds [static and dynamic dependencies]. Details - ImportResultOutputID=582ba66486a3d2d5cdc85c1099d1fe45 DependenciesID=a861cf71a67802e9ccb0292b21c65928 StaticDependenciesID=59dc526b04a1bf3f491be834ea257b71 
Number of updated asset objects reloaded before import = 0Number of asset objects unloaded after import = 2

========================================================================
Received Import Request.
  Time since last request: 0.242150 seconds.
  path: Packages/com.unity.ugui/Editor Resources/Textures/btn_AlignBottom_Light.psd
  importAddress: Guid(585b70cb75dd43efbfead809c30a1731) Importer(815301076,1909f56bfc062723c751e8b465ee728b)
Start importing Packages/com.unity.ugui/Editor Resources/Textures/btn_AlignBottom_Light.psd using Guid(585b70cb75dd43efbfead809c30a1731) Importer(815301076,1909f56bfc062723c751e8b465ee728b) (PreviewImporter) -> (Import Result ID: '12d32976b2e1ae19521d2cf99527a254') in 0.0242344 seconds [static and dynamic dependencies]. Details - ImportResultOutputID=f95c8b8bfe542222e1e9f04e51a15869 DependenciesID=67ac8800e7a10734025d02e73be62d1e StaticDependenciesID=e75aac58d88197fa0bac6a591cef1012 
Number of updated asset objects reloaded before import = 0Number of asset objects unloaded after import = 2

========================================================================
Received Import Request.
  Time since last request: 0.000019 seconds.
  path: Packages/com.unity.ugui/Editor Resources/Textures/btn_AlignCenter.psd
  importAddress: Guid(81ed8c76d2bc4a4c95d092c98af4e58f) Importer(815301076,1909f56bfc062723c751e8b465ee728b)
Start importing Packages/com.unity.ugui/Editor Resources/Textures/btn_AlignCenter.psd using Guid(81ed8c76d2bc4a4c95d092c98af4e58f) Importer(815301076,1909f56bfc062723c751e8b465ee728b) (PreviewImporter) -> (Import Result ID: '16d2895ebf17e012f2168e035cdc55b1') in 0.0198254 seconds [static and dynamic dependencies]. Details - ImportResultOutputID=d17916fe465db45bd3b19f73af36ea50 DependenciesID=18dadae4b8557dee556901e9f869f5e5 StaticDependenciesID=dca5817887091d22058e81b889d963a8 
Number of updated asset objects reloaded before import = 0Number of asset objects unloaded after import = 2

========================================================================
Received Import Request.
  Time since last request: 0.000022 seconds.
  path: Packages/com.unity.ugui/Editor Resources/Textures/btn_AlignCenterGeo_Light.psd
  importAddress: Guid(35ff0937876540d3bd4b6a941df62a92) Importer(815301076,1909f56bfc062723c751e8b465ee728b)
Start importing Packages/com.unity.ugui/Editor Resources/Textures/btn_AlignCenterGeo_Light.psd using Guid(35ff0937876540d3bd4b6a941df62a92) Importer(815301076,1909f56bfc062723c751e8b465ee728b) (PreviewImporter) -> (Import Result ID: '343e35e972110f4aada3bdf9c78c6778') in 0.0229609 seconds [static and dynamic dependencies]. Details - ImportResultOutputID=b2ac8dbdea72aa7f221aa5f168a8c145 DependenciesID=f98d9b95a399264e1b6634822734193b StaticDependenciesID=7d3bb57e2590e7a9c8aeaedc4ad8b287 
Number of updated asset objects reloaded before import = 0Number of asset objects unloaded after import = 2

========================================================================
Received Import Request.
  Time since last request: 0.000029 seconds.
  path: Packages/com.unity.ugui/Editor Resources/Textures/btn_AlignLeft.psd
  importAddress: Guid(9288066c33474b94b6ee5465f4df1cc0) Importer(815301076,1909f56bfc062723c751e8b465ee728b)
Start importing Packages/com.unity.ugui/Editor Resources/Textures/btn_AlignLeft.psd using Guid(9288066c33474b94b6ee5465f4df1cc0) Importer(815301076,1909f56bfc062723c751e8b465ee728b) (PreviewImporter) -> (Import Result ID: 'b29e78bf303b08a3568fe0c20afeb262') in 0.0185972 seconds [static and dynamic dependencies]. Details - ImportResultOutputID=c2dbccd608b3101e6ffa6749c4382cd0 DependenciesID=b280b58bd6f449bdbd55829a866ad642 StaticDependenciesID=04b9c3ed69d28abba70c4c43b1c1ef91 
Number of updated asset objects reloaded before import = 0Number of asset objects unloaded after import = 2

========================================================================
Received Import Request.
  Time since last request: 0.000029 seconds.
  path: Packages/com.unity.ugui/Editor Resources/Textures/btn_AlignLeft_Light.psd
  importAddress: Guid(12736c98af174f91827a26b66d2b01b9) Importer(815301076,1909f56bfc062723c751e8b465ee728b)
Start importing Packages/com.unity.ugui/Editor Resources/Textures/btn_AlignLeft_Light.psd using Guid(12736c98af174f91827a26b66d2b01b9) Importer(815301076,1909f56bfc062723c751e8b465ee728b) (PreviewImporter) -> (Import Result ID: '0acc8391db40a6853a0743528bda0a15') in 0.0211892 seconds [static and dynamic dependencies]. Details - ImportResultOutputID=feef160e117caccefd8d49bbce898466 DependenciesID=696965dbf8509192c0fc7c63a7831104 StaticDependenciesID=3f09af336c1ab6a471191ada8e447c4c 
Number of updated asset objects reloaded before import = 0Number of asset objects unloaded after import = 2

========================================================================
Received Import Request.
  Time since last request: 0.084853 seconds.
  path: Packages/com.unity.ugui/Editor Resources/Textures/btn_AlignMidline_Light.psd
  importAddress: Guid(bb42b2d967d6427983c901a4ffc8ecd9) Importer(815301076,1909f56bfc062723c751e8b465ee728b)
Start importing Packages/com.unity.ugui/Editor Resources/Textures/btn_AlignMidline_Light.psd using Guid(bb42b2d967d6427983c901a4ffc8ecd9) Importer(815301076,1909f56bfc062723c751e8b465ee728b) (PreviewImporter) -> (Import Result ID: '06e9cfaba9b06811df6cdfcd9e4f18ad') in 0.0163577 seconds [static and dynamic dependencies]. Details - ImportResultOutputID=ebb37e8749e2b56518c244f11a813736 DependenciesID=daca738ab131d972a1082fef56c24f69 StaticDependenciesID=3dd89f3d48d3a95c4e3c00f5e3dc719a 
Number of updated asset objects reloaded before import = 0Number of asset objects unloaded after import = 2

========================================================================
Received Import Request.
  Time since last request: 0.000020 seconds.
  path: Packages/com.unity.ugui/Editor Resources/Textures/btn_AlignTop.psd
  importAddress: Guid(48d034c499ee4697af9dd6e327110249) Importer(815301076,1909f56bfc062723c751e8b465ee728b)
Start importing Packages/com.unity.ugui/Editor Resources/Textures/btn_AlignTop.psd using Guid(48d034c499ee4697af9dd6e327110249) Importer(815301076,1909f56bfc062723c751e8b465ee728b) (PreviewImporter) -> (Import Result ID: 'fb3703c925e9db82eb4a02ec2490f384') in 0.0178802 seconds [static and dynamic dependencies]. Details - ImportResultOutputID=9ba7eb389bd5e25121f68d5e85c104a1 DependenciesID=e49127237281e11066d1fe67868e2967 StaticDependenciesID=00e434fccc129b6c032a7578315f73e3 
Number of updated asset objects reloaded before import = 0Number of asset objects unloaded after import = 2

========================================================================
Received Import Request.
  Time since last request: 0.000045 seconds.
  path: Packages/com.unity.render-pipelines.core/Editor/Icons/RenderGraphViewer/Buffer@2x.png
  importAddress: Guid(42f2be07082fcb641bfabb2ccd126ac0) Importer(815301076,1909f56bfc062723c751e8b465ee728b)
Start importing Packages/com.unity.render-pipelines.core/Editor/Icons/RenderGraphViewer/Buffer@2x.png using Guid(42f2be07082fcb641bfabb2ccd126ac0) Importer(815301076,1909f56bfc062723c751e8b465ee728b) (PreviewImporter) -> (Import Result ID: 'a13b18720fcf263851cffbe5f7f5f4f0') in 0.0215687 seconds [static and dynamic dependencies]. Details - ImportResultOutputID=f8ff174fcfa208abd1a2b1f4abbcf57c DependenciesID=be33317f1e9c9592431690560c5f8527 StaticDependenciesID=8407f811d704dff647b100baae3af9e8 
Number of updated asset objects reloaded before import = 0Number of asset objects unloaded after import = 2

========================================================================
Received Import Request.
  Time since last request: 0.088993 seconds.
  path: Packages/com.unity.inputsystem/InputSystem/Editor/Icons/Button.png
  importAddress: Guid(2a5d0a7febdc741039abf135883517e5) Importer(815301076,1909f56bfc062723c751e8b465ee728b)
Start importing Packages/com.unity.inputsystem/InputSystem/Editor/Icons/Button.png using Guid(2a5d0a7febdc741039abf135883517e5) Importer(815301076,1909f56bfc062723c751e8b465ee728b) (PreviewImporter) -> (Import Result ID: '2f4a57fca10929efa2c2cf07c9c45dd2') in 0.0251772 seconds [static and dynamic dependencies]. Details - ImportResultOutputID=9f0f07f43ced1b1e5d0968bac87515fd DependenciesID=a26ef693605cc5ba3bd5231f46997358 StaticDependenciesID=2cb8b0920c0e4a2f35464b0a15b9b5e5 
Number of updated asset objects reloaded before import = 0Number of asset objects unloaded after import = 2

========================================================================
Received Import Request.
  Time since last request: 0.000027 seconds.
  path: Packages/com.unity.collab-proxy/Editor/Assets/Images/buttonssosigninemail.png
  importAddress: Guid(d24e7e0b75e1a244bb9687d6fd4315ef) Importer(815301076,1909f56bfc062723c751e8b465ee728b)
Start importing Packages/com.unity.collab-proxy/Editor/Assets/Images/buttonssosigninemail.png using Guid(d24e7e0b75e1a244bb9687d6fd4315ef) Importer(815301076,1909f56bfc062723c751e8b465ee728b) (PreviewImporter) -> (Import Result ID: '9259086efe97cdcd82c274767f43844c') in 0.0242214 seconds [static and dynamic dependencies]. Details - ImportResultOutputID=91146ac36e5f181555ab5299241d1c31 DependenciesID=225066dd801881635c4da86d1359aeb4 StaticDependenciesID=2bd75fba5423e11c5cad7b7cb048f87a 
Number of updated asset objects reloaded before import = 0Number of asset objects unloaded after import = 2

========================================================================
Received Import Request.
  Time since last request: 0.141430 seconds.
  path: Packages/com.unity.collab-proxy/Editor/Assets/Images/buttonssosigninunity.png
  importAddress: Guid(f9161c6c9e06dc445ada3ee16d991f90) Importer(815301076,1909f56bfc062723c751e8b465ee728b)
Start importing Packages/com.unity.collab-proxy/Editor/Assets/Images/buttonssosigninunity.png using Guid(f9161c6c9e06dc445ada3ee16d991f90) Importer(815301076,1909f56bfc062723c751e8b465ee728b) (PreviewImporter) -> (Import Result ID: '4f74f81451b97ee5a5dbe20ab77c9708') in 0.021075 seconds [static and dynamic dependencies]. Details - ImportResultOutputID=5cbc3e89e5cbd6b6710a9f6686ae03a7 DependenciesID=5faae9ab21fdd3c0b8997a2b26827d5a StaticDependenciesID=92ecc8578e5725d5e4eac57677fa24d6 
Number of updated asset objects reloaded before import = 0Number of asset objects unloaded after import = 2

========================================================================
Received Import Request.
  Time since last request: 0.000029 seconds.
  path: Packages/com.unity.render-pipelines.core/Editor/LookDev/Icons/Camera1@2x.png
  importAddress: Guid(52b3ad4181ffbec4cad6eb26d07127f6) Importer(815301076,1909f56bfc062723c751e8b465ee728b)
Start importing Packages/com.unity.render-pipelines.core/Editor/LookDev/Icons/Camera1@2x.png using Guid(52b3ad4181ffbec4cad6eb26d07127f6) Importer(815301076,1909f56bfc062723c751e8b465ee728b) (PreviewImporter) -> (Import Result ID: 'f62b7cbcef989d46a17bb6cef2688221') in 0.0263082 seconds [static and dynamic dependencies]. Details - ImportResultOutputID=f9a3f298146e6102cdf3fee2cd540385 DependenciesID=16abb18543809b2cd181a42194c7b67b StaticDependenciesID=484e6208115725a69ef6dca09bc1d794 
Number of updated asset objects reloaded before import = 0Number of asset objects unloaded after import = 3

========================================================================
Received Import Request.
  Time since last request: 0.000040 seconds.
  path: Packages/com.unity.render-pipelines.universal/Editor/Gizmos/Camera_Base.png
  importAddress: Guid(24b1fe14c2b41d6489a7e7819483df6b) Importer(815301076,1909f56bfc062723c751e8b465ee728b)
Start importing Packages/com.unity.render-pipelines.universal/Editor/Gizmos/Camera_Base.png using Guid(24b1fe14c2b41d6489a7e7819483df6b) Importer(815301076,1909f56bfc062723c751e8b465ee728b) (PreviewImporter) -> (Import Result ID: 'b54bbab8fa18a074aca63219f315daaa') in 0.0231844 seconds [static and dynamic dependencies]. Details - ImportResultOutputID=55e1eb05b29d935e6350c63fc0b5836e DependenciesID=a74aa765f9cf077191da411c759cbe32 StaticDependenciesID=006f8fe6ecc1eb745168dc0187550e7f 
Number of updated asset objects reloaded before import = 0Number of asset objects unloaded after import = 2

========================================================================
Received Import Request.
  Time since last request: 0.362701 seconds.
  path: Packages/com.unity.render-pipelines.core/Editor/LookDev/Icons/CenterLight.png
  importAddress: Guid(3092b2985cafe0b43b1f02ce1d6829d5) Importer(815301076,1909f56bfc062723c751e8b465ee728b)
Start importing Packages/com.unity.render-pipelines.core/Editor/LookDev/Icons/CenterLight.png using Guid(3092b2985cafe0b43b1f02ce1d6829d5) Importer(815301076,1909f56bfc062723c751e8b465ee728b) (PreviewImporter) -> (Import Result ID: '6e9dcef4804dfff7fd3ed8b12cc08391') in 0.0268902 seconds [static and dynamic dependencies]. Details - ImportResultOutputID=1cb61ab86acdcba481b5597a43d57d84 DependenciesID=c0d3355e66386d24200183b227ba3b23 StaticDependenciesID=5e4bd960e2b39c77e5a0e52779138e19 
Number of updated asset objects reloaded before import = 0Number of asset objects unloaded after import = 3

========================================================================
Received Import Request.
  Time since last request: 0.000024 seconds.
  path: Packages/com.unity.2d.animation/Editor/Assets/EditorIcons/Light/character_Mode.png
  importAddress: Guid(d4d64a6cd9624c34a815dd79fb2a20a4) Importer(815301076,1909f56bfc062723c751e8b465ee728b)
Start importing Packages/com.unity.2d.animation/Editor/Assets/EditorIcons/Light/character_Mode.png using Guid(d4d64a6cd9624c34a815dd79fb2a20a4) Importer(815301076,1909f56bfc062723c751e8b465ee728b) (PreviewImporter) -> (Import Result ID: 'ea8040a08e92ed4c32c8dd64e9f04eea') in 0.030641 seconds [static and dynamic dependencies]. Details - ImportResultOutputID=d97e2e91cc65b26a986d88f23a8026e8 DependenciesID=90ce21b6a39278011b3f76f8e7159a32 StaticDependenciesID=5c7e026a41b29e02a6d5bfcd4110cd68 
Number of updated asset objects reloaded before import = 0Number of asset objects unloaded after import = 3

========================================================================
Received Import Request.
  Time since last request: 0.000019 seconds.
  path: Packages/com.unity.2d.animation/Editor/Assets/EditorIcons/Light/character_Mode@3x.png
  importAddress: Guid(17fa84703485d314b8d6b5216987d4b1) Importer(815301076,1909f56bfc062723c751e8b465ee728b)
Start importing Packages/com.unity.2d.animation/Editor/Assets/EditorIcons/Light/character_Mode@3x.png using Guid(17fa84703485d314b8d6b5216987d4b1) Importer(815301076,1909f56bfc062723c751e8b465ee728b) (PreviewImporter) -> (Import Result ID: 'e246a8fd75b56506cc7d9f702b25baa2') in 0.0314039 seconds [static and dynamic dependencies]. Details - ImportResultOutputID=d53c70559efe0ae0b192a2b54ad16c7e DependenciesID=dd65ccc4b9a9968ea4f7608513b3cc6d StaticDependenciesID=7dd416e1546322c46b262f048edec64c 
Number of updated asset objects reloaded before import = 0Number of asset objects unloaded after import = 3

========================================================================
Received Import Request.
  Time since last request: 0.000031 seconds.
  path: Packages/com.unity.2d.animation/Editor/Assets/EditorIcons/Light/character_Mode@4x.png
  importAddress: Guid(748ae8b33df036b46a86e0387f1602cf) Importer(815301076,1909f56bfc062723c751e8b465ee728b)
Start importing Packages/com.unity.2d.animation/Editor/Assets/EditorIcons/Light/character_Mode@4x.png using Guid(748ae8b33df036b46a86e0387f1602cf) Importer(815301076,1909f56bfc062723c751e8b465ee728b) (PreviewImporter) -> (Import Result ID: 'a271082886c6c230288443f8b63c6a47') in 0.027587 seconds [static and dynamic dependencies]. Details - ImportResultOutputID=f6eb520d31f72907b6a178fd255cd3f4 DependenciesID=c8e6279fa1b0b534455e2d8d998b3f01 StaticDependenciesID=f3d7c9cc906b23db7a939d67333947d5 
Number of updated asset objects reloaded before import = 0Number of asset objects unloaded after import = 3

========================================================================
Received Import Request.
  Time since last request: 0.174533 seconds.
  path: Packages/com.unity.inputsystem/InputSystem/Editor/Icons/ChevronDown@3x.png
  importAddress: Guid(985cbca1705a64c80b370afdb30b3ee7) Importer(815301076,1909f56bfc062723c751e8b465ee728b)
Start importing Packages/com.unity.inputsystem/InputSystem/Editor/Icons/ChevronDown@3x.png using Guid(985cbca1705a64c80b370afdb30b3ee7) Importer(815301076,1909f56bfc062723c751e8b465ee728b) (PreviewImporter) -> (Import Result ID: '470af339b2341b75dbf46e0fdfa18422') in 0.0101548 seconds [static and dynamic dependencies]. Details - ImportResultOutputID=e2ae2181d7584fce9b40679917a02c91 DependenciesID=79baabd7d92c1bc415498c6e6a530a65 StaticDependenciesID=8c33722a35eaaa9005a3d9376b3e46e8 
Number of updated asset objects reloaded before import = 0Number of asset objects unloaded after import = 2

========================================================================
Received Import Request.
  Time since last request: 0.430223 seconds.
  path: Packages/com.unity.2d.sprite/Editor/ObjectMenuCreation/DefaultAssets/Textures/Circle.png
  importAddress: Guid(ebe73ca9363db456bacf42c025bb4847) Importer(815301076,1909f56bfc062723c751e8b465ee728b)
Start importing Packages/com.unity.2d.sprite/Editor/ObjectMenuCreation/DefaultAssets/Textures/Circle.png using Guid(ebe73ca9363db456bacf42c025bb4847) Importer(815301076,1909f56bfc062723c751e8b465ee728b) (PreviewImporter) -> (Import Result ID: 'fbdd8f64f8379e23d72532a85a014f11') in 0.0236507 seconds [static and dynamic dependencies]. Details - ImportResultOutputID=62491ab2404b5837d1a93d832dc1b429 DependenciesID=7d2cc3c5f2ac5daf585054f96e89ae29 StaticDependenciesID=7322102f72fd58e500909040fb633936 
Number of updated asset objects reloaded before import = 0Number of asset objects unloaded after import = 3

========================================================================
Received Import Request.
  Time since last request: 0.000024 seconds.
  path: Packages/com.unity.render-pipelines.core/Editor/Lighting/Icons/LightUnitIcons/ClearSky.png
  importAddress: Guid(db0321d865208c648ae843f39ab69004) Importer(815301076,1909f56bfc062723c751e8b465ee728b)
Start importing Packages/com.unity.render-pipelines.core/Editor/Lighting/Icons/LightUnitIcons/ClearSky.png using Guid(db0321d865208c648ae843f39ab69004) Importer(815301076,1909f56bfc062723c751e8b465ee728b) (PreviewImporter) -> (Import Result ID: '7916066e38a2797a8d1a6a301a26d920') in 0.0177041 seconds [static and dynamic dependencies]. Details - ImportResultOutputID=22bd1428ec4dd02b0cc2a68b17fe1c76 DependenciesID=3b4c1a85545d34a49f51e80ca8376dc7 StaticDependenciesID=d64cafd94ed10f7713d88be3d883a45c 
Number of updated asset objects reloaded before import = 0Number of asset objects unloaded after import = 2

========================================================================
Received Import Request.
  Time since last request: 0.000019 seconds.
  path: Packages/com.unity.multiplayer.center/Editor/MultiplayerCenterWindow/UI/Icons/ClientHosted@2x.png
  importAddress: Guid(c7a38e6eccbfc49778cb8b77f594a971) Importer(815301076,1909f56bfc062723c751e8b465ee728b)
Start importing Packages/com.unity.multiplayer.center/Editor/MultiplayerCenterWindow/UI/Icons/ClientHosted@2x.png using Guid(c7a38e6eccbfc49778cb8b77f594a971) Importer(815301076,1909f56bfc062723c751e8b465ee728b) (PreviewImporter) -> (Import Result ID: '4fcf426e94f0c24c8838f2861f499662') in 0.0225801 seconds [static and dynamic dependencies]. Details - ImportResultOutputID=18377434af246db2eb070a1f609442f0 DependenciesID=6451f9290ee19eb7eb41c52952a22208 StaticDependenciesID=a0614556d6e14f2625b798404efe0234 
Number of updated asset objects reloaded before import = 0Number of asset objects unloaded after import = 2

========================================================================
Received Import Request.
  Time since last request: 0.000024 seconds.
  path: Packages/com.unity.cinemachine/Editor/EditorResources/Icons/Dark/CmComponent@256.png
  importAddress: Guid(13a8f64bcf72e441e89a7114d5ab78c2) Importer(815301076,1909f56bfc062723c751e8b465ee728b)
Start importing Packages/com.unity.cinemachine/Editor/EditorResources/Icons/Dark/CmComponent@256.png using Guid(13a8f64bcf72e441e89a7114d5ab78c2) Importer(815301076,1909f56bfc062723c751e8b465ee728b) (PreviewImporter) -> (Import Result ID: '7a27e1173de660e414cb014fa0925a77') in 0.0215127 seconds [static and dynamic dependencies]. Details - ImportResultOutputID=aff63e479cbd8abd14d3d891d2dddd51 DependenciesID=9d49f829750ecc16e5d5883275325b4c StaticDependenciesID=de9bccc95f6d6a84f31e2458d5d21246 
Number of updated asset objects reloaded before import = 0Number of asset objects unloaded after import = 2

========================================================================
Received Import Request.
  Time since last request: 0.000049 seconds.
  path: Packages/com.unity.cinemachine/Editor/EditorResources/Icons/Dark/CmSplineLookAtTargetsTool@256.png
  importAddress: Guid(4d21a1675986608408960b065895aa54) Importer(815301076,1909f56bfc062723c751e8b465ee728b)
Start importing Packages/com.unity.cinemachine/Editor/EditorResources/Icons/Dark/CmSplineLookAtTargetsTool@256.png using Guid(4d21a1675986608408960b065895aa54) Importer(815301076,1909f56bfc062723c751e8b465ee728b) (PreviewImporter) -> (Import Result ID: '6e0fb5339835146b213544d46eae3838') in 0.0197537 seconds [static and dynamic dependencies]. Details - ImportResultOutputID=748549c63ff9ca87cad4318e64b33cee DependenciesID=901bbb563d56017ddbddcbc3d8b336de StaticDependenciesID=01942460d2dde44986d10e1b2cbeafc0 
Number of updated asset objects reloaded before import = 0Number of asset objects unloaded after import = 2

========================================================================
Received Import Request.
  Time since last request: 0.000026 seconds.
  path: Packages/com.unity.cinemachine/Editor/EditorResources/Icons/Light/CmSplineLookAtTargetsTool@256.png
  importAddress: Guid(be15d08d234eb234592b477784a70fd0) Importer(815301076,1909f56bfc062723c751e8b465ee728b)
Start importing Packages/com.unity.cinemachine/Editor/EditorResources/Icons/Light/CmSplineLookAtTargetsTool@256.png using Guid(be15d08d234eb234592b477784a70fd0) Importer(815301076,1909f56bfc062723c751e8b465ee728b) (PreviewImporter) -> (Import Result ID: '0343ff0bd9b9da08ebd4d17963176b91') in 0.0254019 seconds [static and dynamic dependencies]. Details - ImportResultOutputID=1c9fd55970b44c579628b5ec7158df68 DependenciesID=72f1ca570ccac23e465d869b7b096efc StaticDependenciesID=2a379f80b491caf80b644063dbe79ffc 
Number of updated asset objects reloaded before import = 0Number of asset objects unloaded after import = 2

========================================================================
Received Import Request.
  Time since last request: 0.000033 seconds.
  path: Packages/com.unity.cinemachine/Editor/EditorResources/Icons/Light/CmComponent@256.png
  importAddress: Guid(26663a5ec9987421996161615506b6c5) Importer(815301076,1909f56bfc062723c751e8b465ee728b)
Start importing Packages/com.unity.cinemachine/Editor/EditorResources/Icons/Light/CmComponent@256.png using Guid(26663a5ec9987421996161615506b6c5) Importer(815301076,1909f56bfc062723c751e8b465ee728b) (PreviewImporter) -> (Import Result ID: '3545b3c51209a41ac48dc9834579f905') in 0.0237666 seconds [static and dynamic dependencies]. Details - ImportResultOutputID=4ed2fd0250526f9489fd44c67d95e49c DependenciesID=92fbf7f4916cd7d00ae76f3d4898c80c StaticDependenciesID=3ea75b5780985fad09db286b74827ab6 
Number of updated asset objects reloaded before import = 0Number of asset objects unloaded after import = 2

========================================================================
Received Import Request.
  Time since last request: 0.000030 seconds.
  path: Packages/com.unity.cinemachine/Editor/EditorResources/Icons/Dark/CmSplineRollTool@256.png
  importAddress: Guid(1b2b4365da9f1fe4ea910a6cc7b91b18) Importer(815301076,1909f56bfc062723c751e8b465ee728b)
Start importing Packages/com.unity.cinemachine/Editor/EditorResources/Icons/Dark/CmSplineRollTool@256.png using Guid(1b2b4365da9f1fe4ea910a6cc7b91b18) Importer(815301076,1909f56bfc062723c751e8b465ee728b) (PreviewImporter) -> (Import Result ID: 'c9db87d84e56cf79cce870b5a9756259') in 0.0201612 seconds [static and dynamic dependencies]. Details - ImportResultOutputID=e0528c5cde9f0e68b0fcea7d14fc923f DependenciesID=5b562cf87103a8c1354efab202af40c7 StaticDependenciesID=145796eb9a885afc1b269d046f707367 
Number of updated asset objects reloaded before import = 0Number of asset objects unloaded after import = 2

========================================================================
Received Import Request.
  Time since last request: 0.000021 seconds.
  path: Packages/com.unity.2d.animation/Editor/Assets/EditorIcons/Selected/Copy.png
  importAddress: Guid(678095381d851334fb550c5032ba1a81) Importer(815301076,1909f56bfc062723c751e8b465ee728b)
Start importing Packages/com.unity.2d.animation/Editor/Assets/EditorIcons/Selected/Copy.png using Guid(678095381d851334fb550c5032ba1a81) Importer(815301076,1909f56bfc062723c751e8b465ee728b) (PreviewImporter) -> (Import Result ID: '6721b618178722b841df0493e33e2ade') in 0.0248074 seconds [static and dynamic dependencies]. Details - ImportResultOutputID=eb97f1d4a363819ad666a548386239ec DependenciesID=5cc1f5d853d2a41d6dc8ef9750b9b474 StaticDependenciesID=2a32c3d50cd9952e046da9891798a94a 
Number of updated asset objects reloaded before import = 0Number of asset objects unloaded after import = 3

========================================================================
Received Import Request.
  Time since last request: 0.000072 seconds.
  path: Packages/com.unity.render-pipelines.core/Editor/PostProcessing/LensFlareResource/CircleFlareThumbnail@2x.png
  importAddress: Guid(37e93113453ac0d46863acd4090899c8) Importer(815301076,1909f56bfc062723c751e8b465ee728b)
Start importing Packages/com.unity.render-pipelines.core/Editor/PostProcessing/LensFlareResource/CircleFlareThumbnail@2x.png using Guid(37e93113453ac0d46863acd4090899c8) Importer(815301076,1909f56bfc062723c751e8b465ee728b) (PreviewImporter) -> (Import Result ID: 'b689bcb1b5130078846b49a1b148e0ea') in 0.0252342 seconds [static and dynamic dependencies]. Details - ImportResultOutputID=2aeebb6a649de8aa84b2aff40ad8341c DependenciesID=429ae9ee66d10750dce176b20b8fbccd StaticDependenciesID=a586879aa5281aef8de976068dbfd64c 
Number of updated asset objects reloaded before import = 0Number of asset objects unloaded after import = 2

========================================================================
Received Import Request.
  Time since last request: 0.245280 seconds.
  path: Packages/com.unity.2d.animation/Editor/Assets/EditorIcons/Light/Copy@3x.png
  importAddress: Guid(55ad4b6109677be42b239f450ce98c29) Importer(815301076,1909f56bfc062723c751e8b465ee728b)
Start importing Packages/com.unity.2d.animation/Editor/Assets/EditorIcons/Light/Copy@3x.png using Guid(55ad4b6109677be42b239f450ce98c29) Importer(815301076,1909f56bfc062723c751e8b465ee728b) (PreviewImporter) -> (Import Result ID: '3a0484bf9c0a9be3847c467fa7a67371') in 0.0288359 seconds [static and dynamic dependencies]. Details - ImportResultOutputID=d587deb20d3d536f3e1786f5d7cab4b6 DependenciesID=a15ce4ba6255faf3ad7b60c3a1e6256e StaticDependenciesID=76f950119ab2ce44eb5e5127dbd238c5 
Number of updated asset objects reloaded before import = 0Number of asset objects unloaded after import = 3

========================================================================
Received Import Request.
  Time since last request: 0.014618 seconds.
  path: Packages/com.unity.2d.animation/Editor/Assets/EditorIcons/Selected/Create Bones.png
  importAddress: Guid(7b86a539750e1a44ca7ec5b7f690babd) Importer(815301076,1909f56bfc062723c751e8b465ee728b)
Start importing Packages/com.unity.2d.animation/Editor/Assets/EditorIcons/Selected/Create Bones.png using Guid(7b86a539750e1a44ca7ec5b7f690babd) Importer(815301076,1909f56bfc062723c751e8b465ee728b) (PreviewImporter) -> (Import Result ID: '3dfe666a0fd9e7d2e073366dbc6af248') in 0.0312121 seconds [static and dynamic dependencies]. Details - ImportResultOutputID=c5cf3708621966f0e8a3ebebdb2095d8 DependenciesID=cf8b801d0d50a75559995a7b9bb11e6e StaticDependenciesID=bbee72d703e3a25c259cdcaf0dff3c97 
Number of updated asset objects reloaded before import = 0Number of asset objects unloaded after import = 3

========================================================================
Received Import Request.
  Time since last request: 0.195378 seconds.
  path: Packages/com.unity.2d.animation/Editor/Assets/EditorIcons/Selected/Create Bones@3x.png
  importAddress: Guid(7835bec40f86c2c4fb3f91a6eb3b7034) Importer(815301076,1909f56bfc062723c751e8b465ee728b)
Start importing Packages/com.unity.2d.animation/Editor/Assets/EditorIcons/Selected/Create Bones@3x.png using Guid(7835bec40f86c2c4fb3f91a6eb3b7034) Importer(815301076,1909f56bfc062723c751e8b465ee728b) (PreviewImporter) -> (Import Result ID: '6abb78577542eeeee7e1ce5138822b76') in 0.0272491 seconds [static and dynamic dependencies]. Details - ImportResultOutputID=fb86a23c5a1ff66737cf618eaf900912 DependenciesID=3066ec3007759787b4887cec0bd06aaa StaticDependenciesID=894ab7a0a9fb2f820a5c7dba32a13f13 
Number of updated asset objects reloaded before import = 0Number of asset objects unloaded after import = 3

========================================================================
Received Import Request.
  Time since last request: 0.000026 seconds.
  path: Packages/com.unity.2d.animation/Editor/Assets/EditorIcons/Selected/Create_Edge.png
  importAddress: Guid(ad7b296d426713b4593ee1a19fcbf9d1) Importer(815301076,1909f56bfc062723c751e8b465ee728b)
Start importing Packages/com.unity.2d.animation/Editor/Assets/EditorIcons/Selected/Create_Edge.png using Guid(ad7b296d426713b4593ee1a19fcbf9d1) Importer(815301076,1909f56bfc062723c751e8b465ee728b) (PreviewImporter) -> (Import Result ID: 'b4661145a4d2f6ae34178994f477f03a') in 0.0288564 seconds [static and dynamic dependencies]. Details - ImportResultOutputID=7dbf46e061bb7b37fe154d7f50925f0c DependenciesID=44ef1ceae4413b78bf91afb35206b0e4 StaticDependenciesID=a4ef7d8525d73cb67657c75e7d379863 
Number of updated asset objects reloaded before import = 0Number of asset objects unloaded after import = 3

========================================================================
Received Import Request.
  Time since last request: 0.000037 seconds.
  path: Packages/com.unity.2d.animation/Editor/Assets/EditorIcons/Selected/Create_Edge@3x.png
  importAddress: Guid(374643871a39dd44880f1c0eff14f46c) Importer(815301076,1909f56bfc062723c751e8b465ee728b)
Start importing Packages/com.unity.2d.animation/Editor/Assets/EditorIcons/Selected/Create_Edge@3x.png using Guid(374643871a39dd44880f1c0eff14f46c) Importer(815301076,1909f56bfc062723c751e8b465ee728b) (PreviewImporter) -> (Import Result ID: '1ed26549efbf37a6b7a46856433bb5b4') in 0.0237328 seconds [static and dynamic dependencies]. Details - ImportResultOutputID=a72a13546942fda277a7ad1c63460ef4 DependenciesID=7bc0cbfc15afd17acedb7e09bb5810a8 StaticDependenciesID=45b8724359d0432f2423c30f6a333736 
Number of updated asset objects reloaded before import = 0Number of asset objects unloaded after import = 3

========================================================================
Received Import Request.
  Time since last request: 0.358525 seconds.
  path: Packages/com.unity.2d.animation/Editor/Assets/EditorIcons/Light/Create_Edge@4x.png
  importAddress: Guid(1f21190ca9d1e8540b2a3a2e46002685) Importer(815301076,1909f56bfc062723c751e8b465ee728b)
Start importing Packages/com.unity.2d.animation/Editor/Assets/EditorIcons/Light/Create_Edge@4x.png using Guid(1f21190ca9d1e8540b2a3a2e46002685) Importer(815301076,1909f56bfc062723c751e8b465ee728b) (PreviewImporter) -> (Import Result ID: '02cc713aebfe070aa17b38472e5f2a24') in 0.0235716 seconds [static and dynamic dependencies]. Details - ImportResultOutputID=a70a8d9db27965235ad0d874c587f10c DependenciesID=110451e75aa0c78591066c4921da44e8 StaticDependenciesID=48692acaaacf23195241079e9c611352 
Number of updated asset objects reloaded before import = 0Number of asset objects unloaded after import = 3

========================================================================
Received Import Request.
  Time since last request: 0.000044 seconds.
  path: Packages/com.unity.2d.animation/Editor/Assets/EditorIcons/Light/Create_Vertex@2x.png
  importAddress: Guid(a0c33b3a6e0728343b29883d739f1322) Importer(815301076,1909f56bfc062723c751e8b465ee728b)
Start importing Packages/com.unity.2d.animation/Editor/Assets/EditorIcons/Light/Create_Vertex@2x.png using Guid(a0c33b3a6e0728343b29883d739f1322) Importer(815301076,1909f56bfc062723c751e8b465ee728b) (PreviewImporter) -> (Import Result ID: '2950690c09e00cc45d0165c33cfc095e') in 0.0226709 seconds [static and dynamic dependencies]. Details - ImportResultOutputID=b801092eadc4fdae89a52c85c51b9624 DependenciesID=a8296ef666956a68a160677c9e622d79 StaticDependenciesID=20786e350cba6100ec67bc4f45ce4a7d 
Number of updated asset objects reloaded before import = 0Number of asset objects unloaded after import = 3

========================================================================
Received Import Request.
  Time since last request: 0.000024 seconds.
  path: Packages/com.unity.2d.animation/Editor/Assets/EditorIcons/Light/Create_Vertex@4x.png
  importAddress: Guid(e6a6624ab013b8e44beddfa2668afb65) Importer(815301076,1909f56bfc062723c751e8b465ee728b)
Start importing Packages/com.unity.2d.animation/Editor/Assets/EditorIcons/Light/Create_Vertex@4x.png using Guid(e6a6624ab013b8e44beddfa2668afb65) Importer(815301076,1909f56bfc062723c751e8b465ee728b) (PreviewImporter) -> (Import Result ID: '18de80e30ca25acae10e1ee49eda8682') in 0.0258393 seconds [static and dynamic dependencies]. Details - ImportResultOutputID=b4326de92aa0d10d4831b182c376d80b DependenciesID=c638bb29cc86c0bb5e7c3dbf44d801ba StaticDependenciesID=bcfc70b01475108ac03b15ca6d947ed9 
Number of updated asset objects reloaded before import = 0Number of asset objects unloaded after import = 3

========================================================================
Received Import Request.
  Time since last request: 0.276087 seconds.
  path: Packages/com.unity.multiplayer.center/Editor/MultiplayerCenterWindow/UI/Icons/CustomNetcode@2x.png
  importAddress: Guid(d7711b0cc806d430b8a95f1e33ec3649) Importer(815301076,1909f56bfc062723c751e8b465ee728b)
Start importing Packages/com.unity.multiplayer.center/Editor/MultiplayerCenterWindow/UI/Icons/CustomNetcode@2x.png using Guid(d7711b0cc806d430b8a95f1e33ec3649) Importer(815301076,1909f56bfc062723c751e8b465ee728b) (PreviewImporter) -> (Import Result ID: 'c7bae95df774a3db59707ddfb81a1103') in 0.0213386 seconds [static and dynamic dependencies]. Details - ImportResultOutputID=765b9380f94a4715d5ebf5dd1295d969 DependenciesID=c1bbd9370da507e4a149c1ff0aa6b707 StaticDependenciesID=5b19e9dced16f1b10a4029b56ef86448 
Number of updated asset objects reloaded before import = 0Number of asset objects unloaded after import = 2

========================================================================
Received Import Request.
  Time since last request: 0.000021 seconds.
  path: Packages/com.unity.inputsystem/InputSystem/Editor/Icons/d_Add Binding.png
  importAddress: Guid(a4bbff684804d4c84b61cd0256cd2360) Importer(815301076,1909f56bfc062723c751e8b465ee728b)
Start importing Packages/com.unity.inputsystem/InputSystem/Editor/Icons/d_Add Binding.png using Guid(a4bbff684804d4c84b61cd0256cd2360) Importer(815301076,1909f56bfc062723c751e8b465ee728b) (PreviewImporter) -> (Import Result ID: 'fb34dd7fa610007b2f51bd2fcc9de7c8') in 0.0229788 seconds [static and dynamic dependencies]. Details - ImportResultOutputID=1adea2d31f3f45524010e2153f43d43c DependenciesID=4adb0457d8ff8127a9b5e497fe64e1be StaticDependenciesID=56bbe2c99c5cb2f08f78beb20f041236 
Number of updated asset objects reloaded before import = 0Number of asset objects unloaded after import = 2

========================================================================
Received Import Request.
  Time since last request: 0.000021 seconds.
  path: Packages/com.unity.inputsystem/InputSystem/Editor/Icons/d_Add Binding@2x.png
  importAddress: Guid(3d7dc8d6b9a96490b9aa433645712fdf) Importer(815301076,1909f56bfc062723c751e8b465ee728b)
Start importing Packages/com.unity.inputsystem/InputSystem/Editor/Icons/d_Add Binding@2x.png using Guid(3d7dc8d6b9a96490b9aa433645712fdf) Importer(815301076,1909f56bfc062723c751e8b465ee728b) (PreviewImporter) -> (Import Result ID: 'b09dd5a25f0af4cb8add398130ac55f7') in 0.0222903 seconds [static and dynamic dependencies]. Details - ImportResultOutputID=93b07fa86aa630793d55718d804c47ab DependenciesID=bf4f65f0c34352dd0a7c19dea26b9ca1 StaticDependenciesID=374f478a164a5ec2c7daefcb19d7e77b 
Number of updated asset objects reloaded before import = 0Number of asset objects unloaded after import = 2

========================================================================
Received Import Request.
  Time since last request: 0.171597 seconds.
  path: Packages/com.unity.2d.animation/Editor/Assets/ComponentIcons/d_Animation.IKCCD@64.png
  importAddress: Guid(dac7ed727b01c440b9eeee0e2641a333) Importer(815301076,1909f56bfc062723c751e8b465ee728b)
Start importing Packages/com.unity.2d.animation/Editor/Assets/ComponentIcons/d_Animation.IKCCD@64.png using Guid(dac7ed727b01c440b9eeee0e2641a333) Importer(815301076,1909f56bfc062723c751e8b465ee728b) (PreviewImporter) -> (Import Result ID: '4e1fd8ef9760d63462168b0baa2870a7') in 0.0245535 seconds [static and dynamic dependencies]. Details - ImportResultOutputID=55fdf3ba8a1e649871a4a87fa0e0b5cb DependenciesID=19c9bf1fc9eeec50e44205bb22ba783a StaticDependenciesID=b8932512cf62fd0587dda42eac702bd7 
Number of updated asset objects reloaded before import = 0Number of asset objects unloaded after import = 3

========================================================================
Received Import Request.
  Time since last request: 0.000022 seconds.
  path: Packages/com.unity.2d.animation/Editor/Assets/ComponentIcons/d_Animation.IKFabrik.png
  importAddress: Guid(56fdc1dd1bbc04a65a5c2ac1d9eacb5d) Importer(815301076,1909f56bfc062723c751e8b465ee728b)
Start importing Packages/com.unity.2d.animation/Editor/Assets/ComponentIcons/d_Animation.IKFabrik.png using Guid(56fdc1dd1bbc04a65a5c2ac1d9eacb5d) Importer(815301076,1909f56bfc062723c751e8b465ee728b) (PreviewImporter) -> (Import Result ID: 'e3843f4fce9fd23c69deac8b02dec64d') in 0.0285279 seconds [static and dynamic dependencies]. Details - ImportResultOutputID=75527dc1e8d6171e1e2700620e5e3df3 DependenciesID=1b081dbb4cfd776f8955a06f37da05bc StaticDependenciesID=39ccc88beb0c2ac53e7b0837e4db8963 
Number of updated asset objects reloaded before import = 0Number of asset objects unloaded after import = 3

========================================================================
Received Import Request.
  Time since last request: 0.230561 seconds.
  path: Packages/com.unity.2d.animation/Editor/Assets/ComponentIcons/d_Animation.IKLimb.png
  importAddress: Guid(aba5d07cce7d34a7587f27f48d05dd9b) Importer(815301076,1909f56bfc062723c751e8b465ee728b)
Start importing Packages/com.unity.2d.animation/Editor/Assets/ComponentIcons/d_Animation.IKLimb.png using Guid(aba5d07cce7d34a7587f27f48d05dd9b) Importer(815301076,1909f56bfc062723c751e8b465ee728b) (PreviewImporter) -> (Import Result ID: 'daff1ea191663dbe0dd16c2d691f1b47') in 0.0201221 seconds [static and dynamic dependencies]. Details - ImportResultOutputID=954086817fc17153b9775112792d89b2 DependenciesID=47b558f9b488189b5d15d59a5809f67c StaticDependenciesID=d2b429baf4469644a5d9f8f339ebdfb0 
Number of updated asset objects reloaded before import = 0Number of asset objects unloaded after import = 3

========================================================================
Received Import Request.
  Time since last request: 0.000023 seconds.
  path: Packages/com.unity.2d.animation/Editor/Assets/ComponentIcons/d_Animation.IKLimb@128.png
  importAddress: Guid(4328211baea95405ab6b8d24456fcbc9) Importer(815301076,1909f56bfc062723c751e8b465ee728b)
Start importing Packages/com.unity.2d.animation/Editor/Assets/ComponentIcons/d_Animation.IKLimb@128.png using Guid(4328211baea95405ab6b8d24456fcbc9) Importer(815301076,1909f56bfc062723c751e8b465ee728b) (PreviewImporter) -> (Import Result ID: 'c1d1f7885dacbef5429e3ba98c2a6d0e') in 0.0226225 seconds [static and dynamic dependencies]. Details - ImportResultOutputID=439426acf84023935ee322accb6253e7 DependenciesID=fc549bbd8c154f55175ae03e5b71415e StaticDependenciesID=4ff80653d5e60dcaf10befe0c8035034 
Number of updated asset objects reloaded before import = 0Number of asset objects unloaded after import = 3

========================================================================
Received Import Request.
  Time since last request: 0.000022 seconds.
  path: Packages/com.unity.2d.animation/Editor/Assets/ComponentIcons/d_Animation.IKManager@32.png
  importAddress: Guid(305b8effee6b040328c293f518335b37) Importer(815301076,1909f56bfc062723c751e8b465ee728b)
Start importing Packages/com.unity.2d.animation/Editor/Assets/ComponentIcons/d_Animation.IKManager@32.png using Guid(305b8effee6b040328c293f518335b37) Importer(815301076,1909f56bfc062723c751e8b465ee728b) (PreviewImporter) -> (Import Result ID: '09913690931b21a84e55bb9ef1ac0840') in 0.0285772 seconds [static and dynamic dependencies]. Details - ImportResultOutputID=4610e9199fdfd3786cdbead23c096acb DependenciesID=8cb51f122b11caaff86654368a0522b3 StaticDependenciesID=052b7989597328cf51438fce1ed5bfc0 
Number of updated asset objects reloaded before import = 0Number of asset objects unloaded after import = 3

========================================================================
Received Import Request.
  Time since last request: 0.000020 seconds.
  path: Packages/com.unity.2d.animation/Editor/Assets/ComponentIcons/d_Animation.SpriteLibraryManager@2x.png
  importAddress: Guid(7e3251474ee614d5bba6dfa1affe3e86) Importer(815301076,1909f56bfc062723c751e8b465ee728b)
Start importing Packages/com.unity.2d.animation/Editor/Assets/ComponentIcons/d_Animation.SpriteLibraryManager@2x.png using Guid(7e3251474ee614d5bba6dfa1affe3e86) Importer(815301076,1909f56bfc062723c751e8b465ee728b) (PreviewImporter) -> (Import Result ID: '6fbb080a149448a9262fd181f40e2ea9') in 0.0205274 seconds [static and dynamic dependencies]. Details - ImportResultOutputID=c9cb4aaa70d119cd83f58b74eb489b54 DependenciesID=6b09e33ec29eb1d091fb68f3a476a047 StaticDependenciesID=afc054ba5e30fcc90d99032e1e3c0003 
Number of updated asset objects reloaded before import = 0Number of asset objects unloaded after import = 3

========================================================================
Received Import Request.
  Time since last request: 0.000030 seconds.
  path: Packages/com.unity.2d.animation/Editor/Assets/ComponentIcons/d_Animation.IKManager@256.png
  importAddress: Guid(ae40df8c9f7d34e72ac6a5232cb18366) Importer(815301076,1909f56bfc062723c751e8b465ee728b)
Start importing Packages/com.unity.2d.animation/Editor/Assets/ComponentIcons/d_Animation.IKManager@256.png using Guid(ae40df8c9f7d34e72ac6a5232cb18366) Importer(815301076,1909f56bfc062723c751e8b465ee728b) (PreviewImporter) -> (Import Result ID: '1228145bc0a8fc19f581f0c2e246a3fb') in 0.0217251 seconds [static and dynamic dependencies]. Details - ImportResultOutputID=746d02b2ff3dee6f5e832336db052d8a DependenciesID=374cd9e584257736f1809e38b4824d58 StaticDependenciesID=44a5e5f2f9e260b4d216517fadde4102 
Number of updated asset objects reloaded before import = 0Number of asset objects unloaded after import = 3

========================================================================
Received Import Request.
  Time since last request: 0.000015 seconds.
  path: Packages/com.unity.2d.animation/Editor/Assets/ComponentIcons/d_Animation.SpriteResolver.png
  importAddress: Guid(a1585a67bdb5741a6bc69877b78cdcd3) Importer(815301076,1909f56bfc062723c751e8b465ee728b)
Start importing Packages/com.unity.2d.animation/Editor/Assets/ComponentIcons/d_Animation.SpriteResolver.png using Guid(a1585a67bdb5741a6bc69877b78cdcd3) Importer(815301076,1909f56bfc062723c751e8b465ee728b) (PreviewImporter) -> (Import Result ID: '62fa2a00ec6b5a68bcaf6174cc95db57') in 0.0223512 seconds [static and dynamic dependencies]. Details - ImportResultOutputID=4d0af42de00f3c05dba58521760111be DependenciesID=149a0055a9f1e83fe60448efa0dea76e StaticDependenciesID=eba5e45a72ed90ca732a4b404f7456fc 
Number of updated asset objects reloaded before import = 0Number of asset objects unloaded after import = 3

========================================================================
Received Import Request.
  Time since last request: 0.000016 seconds.
  path: Packages/com.unity.2d.animation/Editor/Assets/ComponentIcons/d_Animation.SpriteSkin@32.png
  importAddress: Guid(49e6e07d70170412982a1e51c6c6d4de) Importer(815301076,1909f56bfc062723c751e8b465ee728b)
Start importing Packages/com.unity.2d.animation/Editor/Assets/ComponentIcons/d_Animation.SpriteSkin@32.png using Guid(49e6e07d70170412982a1e51c6c6d4de) Importer(815301076,1909f56bfc062723c751e8b465ee728b) (PreviewImporter) -> (Import Result ID: '02a3a012ea2e518ba386ab04062599d7') in 0.0226275 seconds [static and dynamic dependencies]. Details - ImportResultOutputID=c44509586d66f05a88078f18ec141206 DependenciesID=1253242ab4a47ba84d237e0a4b4521a4 StaticDependenciesID=57b63a4d16d5fb44ac069bb1c16c132e 
Number of updated asset objects reloaded before import = 0Number of asset objects unloaded after import = 3

========================================================================
Received Import Request.
  Time since last request: 0.000023 seconds.
  path: Packages/com.unity.splines/Editor/Editor Resources/Icons/d_AutoSmoothKnot@2x.png
  importAddress: Guid(485306800ba13455ca2c05a5fb6b1309) Importer(815301076,1909f56bfc062723c751e8b465ee728b)
Start importing Packages/com.unity.splines/Editor/Editor Resources/Icons/d_AutoSmoothKnot@2x.png using Guid(485306800ba13455ca2c05a5fb6b1309) Importer(815301076,1909f56bfc062723c751e8b465ee728b) (PreviewImporter) -> (Import Result ID: 'c18fdbc9bd9a475ee8eea721b5fd2841') in 0.0201207 seconds [static and dynamic dependencies]. Details - ImportResultOutputID=a85de8bb98d6dba2cfac660cc9f3158b DependenciesID=244dbc495363203907a0b24f84d883a3 StaticDependenciesID=bd6612a7a8b09d63e25b287c34e9b946 
Number of updated asset objects reloaded before import = 0Number of asset objects unloaded after import = 2

========================================================================
Received Import Request.
  Time since last request: 0.000019 seconds.
  path: Packages/com.unity.inputsystem/InputSystem/Editor/Icons/d_Axis@3x.png
  importAddress: Guid(62c846073cb844a2b926e4bbd3189647) Importer(815301076,1909f56bfc062723c751e8b465ee728b)
Start importing Packages/com.unity.inputsystem/InputSystem/Editor/Icons/d_Axis@3x.png using Guid(62c846073cb844a2b926e4bbd3189647) Importer(815301076,1909f56bfc062723c751e8b465ee728b) (PreviewImporter) -> (Import Result ID: '9486fef9b9a0c232b824cff8e0a8a36c') in 0.02447 seconds [static and dynamic dependencies]. Details - ImportResultOutputID=0e014e319378cd315e420b56c00e573e DependenciesID=2b5b74f9dd13d099321ba51c3ce9ee85 StaticDependenciesID=62ec8e3b5bf7a28020e4640081300ea8 
Number of updated asset objects reloaded before import = 0Number of asset objects unloaded after import = 2

========================================================================
Received Import Request.
  Time since last request: 0.000024 seconds.
  path: Packages/com.unity.inputsystem/InputSystem/Editor/Icons/d_Axis@2x.png
  importAddress: Guid(27163f3cda5b9431d928f2b33eeb5cf1) Importer(815301076,1909f56bfc062723c751e8b465ee728b)
Start importing Packages/com.unity.inputsystem/InputSystem/Editor/Icons/d_Axis@2x.png using Guid(27163f3cda5b9431d928f2b33eeb5cf1) Importer(815301076,1909f56bfc062723c751e8b465ee728b) (PreviewImporter) -> (Import Result ID: 'ec886d8c353c3b36dc8d5ce37f576c6a') in 0.0192108 seconds [static and dynamic dependencies]. Details - ImportResultOutputID=af395e97af19f7a80ee4151d0706de60 DependenciesID=6af5c14ee912a16a433cf4cfd4e390bf StaticDependenciesID=b9521f2cf20d6963ee61c4902413f85d 
Number of updated asset objects reloaded before import = 0Number of asset objects unloaded after import = 2

========================================================================
Received Import Request.
  Time since last request: 0.000016 seconds.
  path: Packages/com.unity.render-pipelines.core/Editor/Lighting/Icons/LightUnitIcons/d_Candlelight.png
  importAddress: Guid(3f9a63faecec9a34c9ffbfedd9ac5c3b) Importer(815301076,1909f56bfc062723c751e8b465ee728b)
Start importing Packages/com.unity.render-pipelines.core/Editor/Lighting/Icons/LightUnitIcons/d_Candlelight.png using Guid(3f9a63faecec9a34c9ffbfedd9ac5c3b) Importer(815301076,1909f56bfc062723c751e8b465ee728b) (PreviewImporter) -> (Import Result ID: '9a36a71dbcb1d5d750c19c991cf265df') in 0.0190799 seconds [static and dynamic dependencies]. Details - ImportResultOutputID=cda948d7b61db3c737b5b63ecbb6f50c DependenciesID=da867676840c9b79af982553e0640c0a StaticDependenciesID=51d880e919475a78b1fb125ad70d6c0f 
Number of updated asset objects reloaded before import = 0Number of asset objects unloaded after import = 2

========================================================================
Received Import Request.
  Time since last request: 0.000018 seconds.
  path: Packages/com.unity.render-pipelines.core/Editor/LookDev/Icons/d_CenterLight@2x.png
  importAddress: Guid(a14e6ee680df42f4c99bf69bc3d6b9ca) Importer(815301076,1909f56bfc062723c751e8b465ee728b)
Start importing Packages/com.unity.render-pipelines.core/Editor/LookDev/Icons/d_CenterLight@2x.png using Guid(a14e6ee680df42f4c99bf69bc3d6b9ca) Importer(815301076,1909f56bfc062723c751e8b465ee728b) (PreviewImporter) -> (Import Result ID: '80d3d3513bcebf61d30a1f586a86945d') in 0.0222918 seconds [static and dynamic dependencies]. Details - ImportResultOutputID=86cdfc6f63b59e54611ed4ed11dbf5d1 DependenciesID=4f8909d3bf98c158fbcbaf176e61a459 StaticDependenciesID=263b3aa1e49fb1b8a4612c3c09e58f18 
Number of updated asset objects reloaded before import = 0Number of asset objects unloaded after import = 3

========================================================================
Received Import Request.
  Time since last request: 0.000017 seconds.
  path: Packages/com.unity.inputsystem/InputSystem/Editor/Icons/d_ChevronDown@2x.png
  importAddress: Guid(0068f400a72d84c92a1b8f5889a574b2) Importer(815301076,1909f56bfc062723c751e8b465ee728b)
Start importing Packages/com.unity.inputsystem/InputSystem/Editor/Icons/d_ChevronDown@2x.png using Guid(0068f400a72d84c92a1b8f5889a574b2) Importer(815301076,1909f56bfc062723c751e8b465ee728b) (PreviewImporter) -> (Import Result ID: '11ca15b13790555210d6630983892319') in 0.0176869 seconds [static and dynamic dependencies]. Details - ImportResultOutputID=b269c8e3ad3a051aac32080ad1f8fd52 DependenciesID=9d94257c652db32199f98cc5be0ceb14 StaticDependenciesID=51b334f576b04453d6adb2550a0daf0e 
Number of updated asset objects reloaded before import = 0Number of asset objects unloaded after import = 2

========================================================================
Received Import Request.
  Time since last request: 0.000021 seconds.
  path: Packages/com.unity.render-pipelines.core/Editor/Lighting/Icons/LightUnitIcons/d_CloudySky.png
  importAddress: Guid(0c24a3ead3381ee4cb4574c5be266d87) Importer(815301076,1909f56bfc062723c751e8b465ee728b)
Start importing Packages/com.unity.render-pipelines.core/Editor/Lighting/Icons/LightUnitIcons/d_CloudySky.png using Guid(0c24a3ead3381ee4cb4574c5be266d87) Importer(815301076,1909f56bfc062723c751e8b465ee728b) (PreviewImporter) -> (Import Result ID: 'a45b858e1be0b1bbcf23fbff5bb397e4') in 0.0201292 seconds [static and dynamic dependencies]. Details - ImportResultOutputID=b8a4df2395eb557c5539cd884d079eeb DependenciesID=0da4ad0ae3f7f449cb14e37568fee9bd StaticDependenciesID=e87192974e44d6375d9874a8683eb698 
Number of updated asset objects reloaded before import = 0Number of asset objects unloaded after import = 2

========================================================================
Received Import Request.
  Time since last request: 0.000027 seconds.
  path: Packages/com.unity.2d.animation/Editor/Assets/EditorIcons/Dark/d_Create Bones@3x.png
  importAddress: Guid(6e2c347c12b3fe04b94007ad25ace23a) Importer(815301076,1909f56bfc062723c751e8b465ee728b)
Start importing Packages/com.unity.2d.animation/Editor/Assets/EditorIcons/Dark/d_Create Bones@3x.png using Guid(6e2c347c12b3fe04b94007ad25ace23a) Importer(815301076,1909f56bfc062723c751e8b465ee728b) (PreviewImporter) -> (Import Result ID: '166e8c33609db51a0675521759bc7d1f') in 0.0219782 seconds [static and dynamic dependencies]. Details - ImportResultOutputID=da9e9f74cae3dc1ba956d5e1d9f93406 DependenciesID=2ba6a66021f8af708d75541467c35e87 StaticDependenciesID=1208d03b6deca84fa4f5c7e1ec851b06 
Number of updated asset objects reloaded before import = 0Number of asset objects unloaded after import = 3

========================================================================
Received Import Request.
  Time since last request: 0.000022 seconds.
  path: Packages/com.unity.2d.animation/Editor/Assets/EditorIcons/Dark/d_Create Bones.png
  importAddress: Guid(b4b58192a0265df4980d56bf9054df08) Importer(815301076,1909f56bfc062723c751e8b465ee728b)
Start importing Packages/com.unity.2d.animation/Editor/Assets/EditorIcons/Dark/d_Create Bones.png using Guid(b4b58192a0265df4980d56bf9054df08) Importer(815301076,1909f56bfc062723c751e8b465ee728b) (PreviewImporter) -> (Import Result ID: '75b2a7c3fa21c3658c50332a889bc8d4') in 0.0209526 seconds [static and dynamic dependencies]. Details - ImportResultOutputID=de1b2f68bd017c7f03b1c152bcf9fdf8 DependenciesID=7aec26ad58220529cd8900b0268f6fdb StaticDependenciesID=1d1de9d193d5971df443fd60f4f4bedc 
Number of updated asset objects reloaded before import = 0Number of asset objects unloaded after import = 3

========================================================================
Received Import Request.
  Time since last request: 0.000019 seconds.
  path: Packages/com.unity.render-pipelines.core/Editor/Icons/Processed/d_DecalProjector Icon.asset
  importAddress: Guid(340b2e8f8761e254d8ee52bc663cedbd) Importer(815301076,1909f56bfc062723c751e8b465ee728b)
Start importing Packages/com.unity.render-pipelines.core/Editor/Icons/Processed/d_DecalProjector Icon.asset using Guid(340b2e8f8761e254d8ee52bc663cedbd) Importer(815301076,1909f56bfc062723c751e8b465ee728b) (PreviewImporter) -> (Import Result ID: '1d57957c93d82ec086f490f7e1f04c85') in 0.0244035 seconds [static and dynamic dependencies]. Details - ImportResultOutputID=6321ef652b40ba3d2a54773e866eb1fc DependenciesID=2a71fc751cd03848d16e04250cfc6ba2 StaticDependenciesID=7fed4314044911112c51d24fc6667be2 
Number of updated asset objects reloaded before import = 0Number of asset objects unloaded after import = 2

========================================================================
Received Import Request.
  Time since last request: 0.000021 seconds.
  path: Packages/com.unity.render-pipelines.core/Editor/Lighting/Icons/LightUnitIcons/d_DirectSunlight@2x.png
  importAddress: Guid(392581b798d70d0408e104d352ffb20b) Importer(815301076,1909f56bfc062723c751e8b465ee728b)
Start importing Packages/com.unity.render-pipelines.core/Editor/Lighting/Icons/LightUnitIcons/d_DirectSunlight@2x.png using Guid(392581b798d70d0408e104d352ffb20b) Importer(815301076,1909f56bfc062723c751e8b465ee728b) (PreviewImporter) -> (Import Result ID: 'b3a60fbe5b9f1057acfee1825867d500') in 0.0206681 seconds [static and dynamic dependencies]. Details - ImportResultOutputID=875da35edf9c7e5535419edc23002b66 DependenciesID=7d49f9d426353dffb1d4d2487123f08e StaticDependenciesID=455bdcefbbd2d946cdc8a7da153909c7 
Number of updated asset objects reloaded before import = 0Number of asset objects unloaded after import = 2

========================================================================
Received Import Request.
  Time since last request: 0.000019 seconds.
  path: Packages/com.unity.inputsystem/InputSystem/Editor/Icons/d_ChevronUp@3x.png
  importAddress: Guid(0efecba65ae4341a385cd5d39a2af765) Importer(815301076,1909f56bfc062723c751e8b465ee728b)
Start importing Packages/com.unity.inputsystem/InputSystem/Editor/Icons/d_ChevronUp@3x.png using Guid(0efecba65ae4341a385cd5d39a2af765) Importer(815301076,1909f56bfc062723c751e8b465ee728b) (PreviewImporter) -> (Import Result ID: 'b967cc96b1149c7e8e44db0720b10936') in 0.0088736 seconds [static and dynamic dependencies]. Details - ImportResultOutputID=f71947235dc3f55e51fc2c2494e08489 DependenciesID=aea1cd6560c092bb8cdeb4ba04bbf36a StaticDependenciesID=ce56ec933366094a4f5338a58cfe4f54 
Number of updated asset objects reloaded before import = 0Number of asset objects unloaded after import = 2

========================================================================
Received Import Request.
  Time since last request: 0.000031 seconds.
  path: Packages/com.unity.render-pipelines.core/Editor/Lighting/Icons/LightUnitIcons/d_ClearSky@2x.png
  importAddress: Guid(490d69b278eff784b85feca736d57389) Importer(815301076,1909f56bfc062723c751e8b465ee728b)
Start importing Packages/com.unity.render-pipelines.core/Editor/Lighting/Icons/LightUnitIcons/d_ClearSky@2x.png using Guid(490d69b278eff784b85feca736d57389) Importer(815301076,1909f56bfc062723c751e8b465ee728b) (PreviewImporter) -> (Import Result ID: 'd78e7a26174f512bcaabf25b869da7c0') in 0.0223639 seconds [static and dynamic dependencies]. Details - ImportResultOutputID=8a3d60e11adea4d6621102d0f486a2f3 DependenciesID=d1aa5900bbfa673e6bf3e2ee4494c1fa StaticDependenciesID=db2377ae8f53f00d5bfff0974fc8fff7 
Number of updated asset objects reloaded before import = 0Number of asset objects unloaded after import = 2

========================================================================
Received Import Request.
  Time since last request: 0.000019 seconds.
  path: Packages/com.unity.2d.animation/Editor/Assets/EditorIcons/Selected/d_Bone@4x.png
  importAddress: Guid(1bb69cd91685d9248a58b144052746f3) Importer(815301076,1909f56bfc062723c751e8b465ee728b)
Start importing Packages/com.unity.2d.animation/Editor/Assets/EditorIcons/Selected/d_Bone@4x.png using Guid(1bb69cd91685d9248a58b144052746f3) Importer(815301076,1909f56bfc062723c751e8b465ee728b) (PreviewImporter) -> (Import Result ID: 'a2532c84cd6a848c14c6d99d789d9b48') in 0.02459 seconds [static and dynamic dependencies]. Details - ImportResultOutputID=b69c5cef354349f932ee63bf5adfbd67 DependenciesID=f8ef7a3903673e3e1258cc60d2187fd7 StaticDependenciesID=974e2577c45b2fafb68a575e5c0b102a 
Number of updated asset objects reloaded before import = 0Number of asset objects unloaded after import = 3

========================================================================
Received Import Request.
  Time since last request: 0.000021 seconds.
  path: Packages/com.unity.2d.animation/Editor/Assets/EditorIcons/Dark/d_character_Mode@3x.png
  importAddress: Guid(c22340e383b54c44196cb7765328e79d) Importer(815301076,1909f56bfc062723c751e8b465ee728b)
Start importing Packages/com.unity.2d.animation/Editor/Assets/EditorIcons/Dark/d_character_Mode@3x.png using Guid(c22340e383b54c44196cb7765328e79d) Importer(815301076,1909f56bfc062723c751e8b465ee728b) (PreviewImporter) -> (Import Result ID: '4dfcfd31ea0c7da92f1e05c53777cc97') in 0.027373 seconds [static and dynamic dependencies]. Details - ImportResultOutputID=bf67ab4756729f5226cd6cf1b8dc3fac DependenciesID=505702388e74d9d6218e06b1a199a87d StaticDependenciesID=1ec491285e707edf491f329ceb61570c 
Number of updated asset objects reloaded before import = 0Number of asset objects unloaded after import = 3

========================================================================
Received Import Request.
  Time since last request: 0.000024 seconds.
  path: Packages/com.unity.inputsystem/InputSystem/Editor/Icons/d_ChevronUp.png
  importAddress: Guid(7fad89501bb5c408e956934bf2eb8ae3) Importer(815301076,1909f56bfc062723c751e8b465ee728b)
Start importing Packages/com.unity.inputsystem/InputSystem/Editor/Icons/d_ChevronUp.png using Guid(7fad89501bb5c408e956934bf2eb8ae3) Importer(815301076,1909f56bfc062723c751e8b465ee728b) (PreviewImporter) -> (Import Result ID: '357cff41b68545d0c6d577875539dba5') in 0.0233521 seconds [static and dynamic dependencies]. Details - ImportResultOutputID=e2fd6c67970f2df4949b0564294dbe8b DependenciesID=a472fb403fdc0092f8ab93a6c09ecb34 StaticDependenciesID=2509e2dd6abb502005b0380e1fbf9943 
Number of updated asset objects reloaded before import = 0Number of asset objects unloaded after import = 2

========================================================================
Received Import Request.
  Time since last request: 0.000030 seconds.
  path: Packages/com.unity.collab-proxy/Editor/Assets/Images/d_buttonssosigninemail@2x.png
  importAddress: Guid(144aa74618b85974a9a50f612c2fa8fd) Importer(815301076,1909f56bfc062723c751e8b465ee728b)
Start importing Packages/com.unity.collab-proxy/Editor/Assets/Images/d_buttonssosigninemail@2x.png using Guid(144aa74618b85974a9a50f612c2fa8fd) Importer(815301076,1909f56bfc062723c751e8b465ee728b) (PreviewImporter) -> (Import Result ID: '837c1a9bf6db0b7506f0a3662afd3f48') in 0.0230485 seconds [static and dynamic dependencies]. Details - ImportResultOutputID=d560567e227300491b2b7b2966cb8637 DependenciesID=e955e907c5eb36a6a7e10c5657f3c80f StaticDependenciesID=3a5b4a1669c2a90809d6a832013adf6e 
Number of updated asset objects reloaded before import = 0Number of asset objects unloaded after import = 2

========================================================================
Received Import Request.
  Time since last request: 0.000036 seconds.
  path: Packages/com.unity.2d.animation/Editor/Assets/EditorIcons/Dark/d_Create_Edge@4x.png
  importAddress: Guid(62053ed690017d143bd2cfa8e5dc3ff5) Importer(815301076,1909f56bfc062723c751e8b465ee728b)
Start importing Packages/com.unity.2d.animation/Editor/Assets/EditorIcons/Dark/d_Create_Edge@4x.png using Guid(62053ed690017d143bd2cfa8e5dc3ff5) Importer(815301076,1909f56bfc062723c751e8b465ee728b) (PreviewImporter) -> (Import Result ID: 'a2cec8286370216cd9fd2e0ba21dfecd') in 0.0282799 seconds [static and dynamic dependencies]. Details - ImportResultOutputID=84727769ba35469a5c5747dae4e1f48d DependenciesID=63af2379ff6d5c5007d9b224cc1830b5 StaticDependenciesID=84b5c53dff6adae268cd9e5904125fee 
Number of updated asset objects reloaded before import = 0Number of asset objects unloaded after import = 3

========================================================================
Received Import Request.
  Time since last request: 0.000029 seconds.
  path: Packages/com.unity.render-pipelines.core/Editor/Lighting/Icons/LightUnitIcons/d_ClearSky.png
  importAddress: Guid(76c10465276fcb9498b1fd312e3f74ed) Importer(815301076,1909f56bfc062723c751e8b465ee728b)
Start importing Packages/com.unity.render-pipelines.core/Editor/Lighting/Icons/LightUnitIcons/d_ClearSky.png using Guid(76c10465276fcb9498b1fd312e3f74ed) Importer(815301076,1909f56bfc062723c751e8b465ee728b) (PreviewImporter) -> (Import Result ID: '11b6892ae753038ce4c5b8e8e060a44e') in 0.0239537 seconds [static and dynamic dependencies]. Details - ImportResultOutputID=b369fce5a7e37738164f50382fc2ef22 DependenciesID=e6e44d22076efe576ba57a5fd89feb5b StaticDependenciesID=0a51e20d3a712156963bb177bb3b7d7f 
Number of updated asset objects reloaded before import = 0Number of asset objects unloaded after import = 2

========================================================================
Received Import Request.
  Time since last request: 0.000020 seconds.
  path: Packages/com.unity.render-pipelines.core/Editor/Lighting/Icons/LightUnitIcons/d_BrightSky@2x.png
  importAddress: Guid(9a278b70c427e8e4caa47a45a5d59de8) Importer(815301076,1909f56bfc062723c751e8b465ee728b)
Start importing Packages/com.unity.render-pipelines.core/Editor/Lighting/Icons/LightUnitIcons/d_BrightSky@2x.png using Guid(9a278b70c427e8e4caa47a45a5d59de8) Importer(815301076,1909f56bfc062723c751e8b465ee728b) (PreviewImporter) -> (Import Result ID: 'b1efe77c258bec50c59db97e1845eac9') in 0.0269726 seconds [static and dynamic dependencies]. Details - ImportResultOutputID=fd41a842a7729eaf25f172efe4f27ff8 DependenciesID=98e47a272d2d7a29827136b4170276a8 StaticDependenciesID=e5e074f1938b9efd4ec3819b47756314 
Number of updated asset objects reloaded before import = 0Number of asset objects unloaded after import = 2

========================================================================
Received Import Request.
  Time since last request: 0.000020 seconds.
  path: Packages/com.unity.inputsystem/InputSystem/Editor/Icons/d_Dpad@2x.png
  importAddress: Guid(ab9b5824ece1d443aa1f3a5672d9da86) Importer(815301076,1909f56bfc062723c751e8b465ee728b)
Start importing Packages/com.unity.inputsystem/InputSystem/Editor/Icons/d_Dpad@2x.png using Guid(ab9b5824ece1d443aa1f3a5672d9da86) Importer(815301076,1909f56bfc062723c751e8b465ee728b) (PreviewImporter) -> (Import Result ID: '1812253633fa7ff5ec6e9a45b85d1436') in 0.0169585 seconds [static and dynamic dependencies]. Details - ImportResultOutputID=611869d94881eb3ef3a51dcfd946dcf7 DependenciesID=7a1a6166b76224979be9d724b29a7ae7 StaticDependenciesID=0e2f8881415110e56e16c91c8224c651 
Number of updated asset objects reloaded before import = 0Number of asset objects unloaded after import = 2

========================================================================
Received Import Request.
  Time since last request: 0.000024 seconds.
  path: Packages/com.unity.inputsystem/InputSystem/Editor/Icons/d_Dpad.png
  importAddress: Guid(b60b9eb0384c345c89435d0982a6e4fd) Importer(815301076,1909f56bfc062723c751e8b465ee728b)
Start importing Packages/com.unity.inputsystem/InputSystem/Editor/Icons/d_Dpad.png using Guid(b60b9eb0384c345c89435d0982a6e4fd) Importer(815301076,1909f56bfc062723c751e8b465ee728b) (PreviewImporter) -> (Import Result ID: 'a1acf074e00d95bddd7c100e7f027bb9') in 0.0243655 seconds [static and dynamic dependencies]. Details - ImportResultOutputID=11c90ea20191292345e9d54815576917 DependenciesID=ed2c75a29af60a119a22b311e4e0abc0 StaticDependenciesID=4b5f5acfad78da6416880cbeca2a0dc4 
Number of updated asset objects reloaded before import = 0Number of asset objects unloaded after import = 2

========================================================================
Received Import Request.
  Time since last request: 0.000027 seconds.
  path: Packages/com.unity.render-pipelines.core/Editor/LookDev/Icons/d_Duplicate.png
  importAddress: Guid(0d692588b1d40e9429620400bd5efe63) Importer(815301076,1909f56bfc062723c751e8b465ee728b)
Start importing Packages/com.unity.render-pipelines.core/Editor/LookDev/Icons/d_Duplicate.png using Guid(0d692588b1d40e9429620400bd5efe63) Importer(815301076,1909f56bfc062723c751e8b465ee728b) (PreviewImporter) -> (Import Result ID: 'f822c22883a92426457566def29992f2') in 0.0243797 seconds [static and dynamic dependencies]. Details - ImportResultOutputID=35e8e5ffb7b365f9ae2d0077612b2c72 DependenciesID=016907c64af4d4d6c4fba72726bf0097 StaticDependenciesID=7471c74d0a25cdc6cb9a38128d9799a7 
Number of updated asset objects reloaded before import = 0Number of asset objects unloaded after import = 3

========================================================================
Received Import Request.
  Time since last request: 0.000023 seconds.
  path: Packages/com.unity.2d.tilemap/Editor/Icons/d_EditorUI.Filter@2x.png
  importAddress: Guid(24a4dd7831e4a46f593e94273994b42c) Importer(815301076,1909f56bfc062723c751e8b465ee728b)
Start importing Packages/com.unity.2d.tilemap/Editor/Icons/d_EditorUI.Filter@2x.png using Guid(24a4dd7831e4a46f593e94273994b42c) Importer(815301076,1909f56bfc062723c751e8b465ee728b) (PreviewImporter) -> (Import Result ID: '8d78c007e5cdf925bee3c9fea547989e') in 0.0200946 seconds [static and dynamic dependencies]. Details - ImportResultOutputID=8f9ef716e67668775f742004ec02163c DependenciesID=0346ab7a8e31a741b4aaa107eacffa7c StaticDependenciesID=54001183a34d479ac2a9bbad8d8c8dab 
Number of updated asset objects reloaded before import = 0Number of asset objects unloaded after import = 3

========================================================================
Received Import Request.
  Time since last request: 0.000021 seconds.
  path: Packages/com.unity.2d.tilemap/Editor/Icons/d_EditorUI.Target.png
  importAddress: Guid(04e6c3cc740a491458073f2f715066f6) Importer(815301076,1909f56bfc062723c751e8b465ee728b)
Start importing Packages/com.unity.2d.tilemap/Editor/Icons/d_EditorUI.Target.png using Guid(04e6c3cc740a491458073f2f715066f6) Importer(815301076,1909f56bfc062723c751e8b465ee728b) (PreviewImporter) -> (Import Result ID: '1bf6f51638402341a01c613f2ac0e7e0') in 0.0239419 seconds [static and dynamic dependencies]. Details - ImportResultOutputID=9cdf0f7bf951841b2f505ff96bea9db7 DependenciesID=3cd481ad1c2fe66d1b54cf60d47d5107 StaticDependenciesID=0d998dbe79ff7af0703c0e344dfa6e33 
Number of updated asset objects reloaded before import = 0Number of asset objects unloaded after import = 3

========================================================================
Received Import Request.
  Time since last request: 0.000028 seconds.
  path: Packages/com.unity.2d.tilemap.extras/Editor/Brushes/GameObjectBrush/d_GameObjectBrush@2x.png
  importAddress: Guid(682d09f2707a84283a24884f2ec0e963) Importer(815301076,1909f56bfc062723c751e8b465ee728b)
Start importing Packages/com.unity.2d.tilemap.extras/Editor/Brushes/GameObjectBrush/d_GameObjectBrush@2x.png using Guid(682d09f2707a84283a24884f2ec0e963) Importer(815301076,1909f56bfc062723c751e8b465ee728b) (PreviewImporter) -> (Import Result ID: 'f37918630261b28dc0caaf65415e1c37') in 0.0213113 seconds [static and dynamic dependencies]. Details - ImportResultOutputID=9bf47b521c4777ac025413308e26eca0 DependenciesID=d700cd19ab9a4f6a8cf9096de389b8a9 StaticDependenciesID=1c931a0f44f1d350022835448640a601 
Number of updated asset objects reloaded before import = 0Number of asset objects unloaded after import = 3

========================================================================
Received Import Request.
  Time since last request: 0.000021 seconds.
  path: Packages/com.unity.2d.animation/Editor/Assets/EditorIcons/Dark/d_Generate_Geometry.png
  importAddress: Guid(bba3ad14ed4c2d64fbd090a846ffaaea) Importer(815301076,1909f56bfc062723c751e8b465ee728b)
Start importing Packages/com.unity.2d.animation/Editor/Assets/EditorIcons/Dark/d_Generate_Geometry.png using Guid(bba3ad14ed4c2d64fbd090a846ffaaea) Importer(815301076,1909f56bfc062723c751e8b465ee728b) (PreviewImporter) -> (Import Result ID: 'e383f4e8fa0ffc9080f5d33a82bb1bda') in 0.0201983 seconds [static and dynamic dependencies]. Details - ImportResultOutputID=bf54f5974c323ef7fa852bdbcdad3284 DependenciesID=c9123dc277f3cfe36f5b659d4e0d1c6a StaticDependenciesID=3dde366519f96804d04bf781e51842f6 
Number of updated asset objects reloaded before import = 0Number of asset objects unloaded after import = 3

========================================================================
Received Import Request.
  Time since last request: 0.000025 seconds.
  path: Packages/com.unity.2d.animation/Editor/Assets/EditorIcons/Dark/d_Generate_Geometry@4x.png
  importAddress: Guid(db49e13fa9e16dc44b5ffb6bc43d4235) Importer(815301076,1909f56bfc062723c751e8b465ee728b)
Start importing Packages/com.unity.2d.animation/Editor/Assets/EditorIcons/Dark/d_Generate_Geometry@4x.png using Guid(db49e13fa9e16dc44b5ffb6bc43d4235) Importer(815301076,1909f56bfc062723c751e8b465ee728b) (PreviewImporter) -> (Import Result ID: '67f03b51c8759a18483a79762759b854') in 0.019267 seconds [static and dynamic dependencies]. Details - ImportResultOutputID=6a318dba97c4bc1d33dd0138b9a9c26f DependenciesID=884ac35658093c2174ed292bd30e1422 StaticDependenciesID=94ce5dc0429f78364b300d57fb1904f0 
Number of updated asset objects reloaded before import = 0Number of asset objects unloaded after import = 3

========================================================================
Received Import Request.
  Time since last request: 0.000021 seconds.
  path: Packages/com.unity.2d.tilemap/Editor/Icons/d_Grid.FlipX.png
  importAddress: Guid(238833eb2176e7d429d5020dc9232155) Importer(815301076,1909f56bfc062723c751e8b465ee728b)
Start importing Packages/com.unity.2d.tilemap/Editor/Icons/d_Grid.FlipX.png using Guid(238833eb2176e7d429d5020dc9232155) Importer(815301076,1909f56bfc062723c751e8b465ee728b) (PreviewImporter) -> (Import Result ID: '02474d55e88b865a5faf647d19dc1d46') in 0.0278354 seconds [static and dynamic dependencies]. Details - ImportResultOutputID=a4ff1899c1128d87898268d49196db93 DependenciesID=35919712d13e5ec3618aea9d82ce8ade StaticDependenciesID=250aea93919882a4fe4f0310ea6a7049 
Number of updated asset objects reloaded before import = 0Number of asset objects unloaded after import = 3

========================================================================
Received Import Request.
  Time since last request: 0.000033 seconds.
  path: Packages/com.unity.2d.tilemap/Editor/Icons/d_Grid.FlipY.png
  importAddress: Guid(0219184e13f92e94896b4df6846db652) Importer(815301076,1909f56bfc062723c751e8b465ee728b)
Start importing Packages/com.unity.2d.tilemap/Editor/Icons/d_Grid.FlipY.png using Guid(0219184e13f92e94896b4df6846db652) Importer(815301076,1909f56bfc062723c751e8b465ee728b) (PreviewImporter) -> (Import Result ID: 'aada72f14827aa9c85ef0af93d2a80c7') in 0.0311933 seconds [static and dynamic dependencies]. Details - ImportResultOutputID=a4d871138b891f466df24d1f95abe0b3 DependenciesID=5048088fc5f24ee8a9a8b5f10e7b7dc7 StaticDependenciesID=34675115716f3edd339fb6c683589c22 
Number of updated asset objects reloaded before import = 0Number of asset objects unloaded after import = 3

========================================================================
Received Import Request.
  Time since last request: 0.000023 seconds.
  path: Packages/com.unity.2d.tilemap.extras/Editor/Brushes/GameObjectBrush/d_GameObjectBrush@4x.png
  importAddress: Guid(8a585d635efb349edbcfc142059feb21) Importer(815301076,1909f56bfc062723c751e8b465ee728b)
Start importing Packages/com.unity.2d.tilemap.extras/Editor/Brushes/GameObjectBrush/d_GameObjectBrush@4x.png using Guid(8a585d635efb349edbcfc142059feb21) Importer(815301076,1909f56bfc062723c751e8b465ee728b) (PreviewImporter) -> (Import Result ID: '6f7d50f3a206d2e78e4184a22dcc8442') in 0.0270278 seconds [static and dynamic dependencies]. Details - ImportResultOutputID=0e16697ea1334d3380be0676fa9622eb DependenciesID=09efd91fffd67fdd09becc3ceae83ddd StaticDependenciesID=b018cfd48d8afad7a9685fa732c179ae 
Number of updated asset objects reloaded before import = 0Number of asset objects unloaded after import = 3

========================================================================
Received Import Request.
  Time since last request: 0.000027 seconds.
  path: Packages/com.unity.2d.tilemap/Editor/Icons/d_EditorUI.TargetHover.png
  importAddress: Guid(c130b41d1f572a14793b146add3d6e3f) Importer(815301076,1909f56bfc062723c751e8b465ee728b)
Start importing Packages/com.unity.2d.tilemap/Editor/Icons/d_EditorUI.TargetHover.png using Guid(c130b41d1f572a14793b146add3d6e3f) Importer(815301076,1909f56bfc062723c751e8b465ee728b) (PreviewImporter) -> (Import Result ID: 'a3f0b06dbbd920244f1914a788959f69') in 0.0251809 seconds [static and dynamic dependencies]. Details - ImportResultOutputID=f0ae2ccc22436ed63d56d21755703896 DependenciesID=6a81cd10577311de09d39675c49b93b9 StaticDependenciesID=64d4a89ba8e867f341fb0587e0876de4 
Number of updated asset objects reloaded before import = 0Number of asset objects unloaded after import = 3

========================================================================
Received Import Request.
  Time since last request: 0.000035 seconds.
  path: Packages/com.unity.render-pipelines.core/Editor/Lighting/Icons/LightUnitIcons/d_Fluorescent@2x.png
  importAddress: Guid(9ed59abbb45e72140ae72a33b30ea19e) Importer(815301076,1909f56bfc062723c751e8b465ee728b)
Start importing Packages/com.unity.render-pipelines.core/Editor/Lighting/Icons/LightUnitIcons/d_Fluorescent@2x.png using Guid(9ed59abbb45e72140ae72a33b30ea19e) Importer(815301076,1909f56bfc062723c751e8b465ee728b) (PreviewImporter) -> (Import Result ID: '7cc0293a690309ac5c2303cf417eeba4') in 0.0233731 seconds [static and dynamic dependencies]. Details - ImportResultOutputID=3abef896e40e19d3ba58e63bfdf90c92 DependenciesID=ab6dd1bc211ee4a3d7cc20db6e4e501d StaticDependenciesID=38cc110afbe8867893084bee44d94dbb 
Number of updated asset objects reloaded before import = 0Number of asset objects unloaded after import = 2

========================================================================
Received Import Request.
  Time since last request: 0.000019 seconds.
  path: Packages/com.unity.inputsystem/InputSystem/Editor/Icons/d_Dpad@3x.png
  importAddress: Guid(a1b7d9ffed68a47128c5622c13ba4752) Importer(815301076,1909f56bfc062723c751e8b465ee728b)
Start importing Packages/com.unity.inputsystem/InputSystem/Editor/Icons/d_Dpad@3x.png using Guid(a1b7d9ffed68a47128c5622c13ba4752) Importer(815301076,1909f56bfc062723c751e8b465ee728b) (PreviewImporter) -> (Import Result ID: 'eea4b71e05e0f9fc1d63ad7c4efe3472') in 0.0222808 seconds [static and dynamic dependencies]. Details - ImportResultOutputID=e2515414eb5dc7b94b6fc5b17cb75d1d DependenciesID=382eea4860b5dc3db374666d3ab91aa1 StaticDependenciesID=a1e55ff001abfc1ebfc6a28f7d8e7ebd 
Number of updated asset objects reloaded before import = 0Number of asset objects unloaded after import = 2

========================================================================
Received Import Request.
  Time since last request: 0.000022 seconds.
  path: Packages/com.unity.render-pipelines.core/Editor/LookDev/Icons/d_Environment@2x.png
  importAddress: Guid(a4638c6b8e07c0b49822ed7a91a96d0a) Importer(815301076,1909f56bfc062723c751e8b465ee728b)
Start importing Packages/com.unity.render-pipelines.core/Editor/LookDev/Icons/d_Environment@2x.png using Guid(a4638c6b8e07c0b49822ed7a91a96d0a) Importer(815301076,1909f56bfc062723c751e8b465ee728b) (PreviewImporter) -> (Import Result ID: 'df8eef694f5a7fc84ad5a01965291f85') in 0.0269917 seconds [static and dynamic dependencies]. Details - ImportResultOutputID=e3598dd0d201d9c35a3bd2fb9e648e8a DependenciesID=77ad0d3bc9bd76d96a1640766f17bcad StaticDependenciesID=5cd505bf13e1a5b3081042ee569ea75e 
Number of updated asset objects reloaded before import = 0Number of asset objects unloaded after import = 3

========================================================================
Received Import Request.
  Time since last request: 0.000017 seconds.
  path: Packages/com.unity.render-pipelines.core/Editor/Icons/RenderGraphViewer/d_FramebufferFetch@2x.png
  importAddress: Guid(986528338c7e82b42b466e23ac6fbb96) Importer(815301076,1909f56bfc062723c751e8b465ee728b)
Start importing Packages/com.unity.render-pipelines.core/Editor/Icons/RenderGraphViewer/d_FramebufferFetch@2x.png using Guid(986528338c7e82b42b466e23ac6fbb96) Importer(815301076,1909f56bfc062723c751e8b465ee728b) (PreviewImporter) -> (Import Result ID: '15839d8792726c1c77f3d0ff1506dcf0') in 0.0230183 seconds [static and dynamic dependencies]. Details - ImportResultOutputID=00e93e6cd28d60148679e5c0ce0cec76 DependenciesID=9e8b5229fb2bf06522d8de6e32c70a70 StaticDependenciesID=482cf48f720e0bbe051f4bdc92f2d085 
Number of updated asset objects reloaded before import = 0Number of asset objects unloaded after import = 2

========================================================================
Received Import Request.
  Time since last request: 0.000023 seconds.
  path: Packages/com.unity.2d.animation/Editor/Assets/ComponentIcons/d_Animation.SpriteResolver@64.png
  importAddress: Guid(4c30b1506cccf4f46952be11e3a98523) Importer(815301076,1909f56bfc062723c751e8b465ee728b)
Start importing Packages/com.unity.2d.animation/Editor/Assets/ComponentIcons/d_Animation.SpriteResolver@64.png using Guid(4c30b1506cccf4f46952be11e3a98523) Importer(815301076,1909f56bfc062723c751e8b465ee728b) (PreviewImporter) -> (Import Result ID: 'bedf1bec0d8eb0d51c0e1301ada5200f') in 0.0284047 seconds [static and dynamic dependencies]. Details - ImportResultOutputID=7a528e7621a13f3611964a5fa1720f36 DependenciesID=0de712be01124e5ea49077e5d29fd09e StaticDependenciesID=eb331ac9594cd9985f19ff1ffa6304fa 
Number of updated asset objects reloaded before import = 0Number of asset objects unloaded after import = 3

========================================================================
Received Import Request.
  Time since last request: 0.000031 seconds.
  path: Packages/com.unity.2d.tilemap/Editor/Icons/d_Grid.RotateACW@2x.png
  importAddress: Guid(72124a67bbace794fa38534a24d23cee) Importer(815301076,1909f56bfc062723c751e8b465ee728b)
Start importing Packages/com.unity.2d.tilemap/Editor/Icons/d_Grid.RotateACW@2x.png using Guid(72124a67bbace794fa38534a24d23cee) Importer(815301076,1909f56bfc062723c751e8b465ee728b) (PreviewImporter) -> (Import Result ID: '803e9dd58a9ee48bf1b5ea7ccb76d0ec') in 0.0266343 seconds [static and dynamic dependencies]. Details - ImportResultOutputID=aacb5e4d739a101ad1660685e20d7f4d DependenciesID=e839d682112329f87c0b655d462534ea StaticDependenciesID=03b6c1dc37a57d5cf91e66fd5c80b8e3 
Number of updated asset objects reloaded before import = 0Number of asset objects unloaded after import = 3

========================================================================
Received Import Request.
  Time since last request: 0.000019 seconds.
  path: Packages/com.unity.2d.tilemap/Editor/Icons/d_Grid.RotateCW@2x.png
  importAddress: Guid(e41a6ab3ac7354642a9006c03183e95e) Importer(815301076,1909f56bfc062723c751e8b465ee728b)
Start importing Packages/com.unity.2d.tilemap/Editor/Icons/d_Grid.RotateCW@2x.png using Guid(e41a6ab3ac7354642a9006c03183e95e) Importer(815301076,1909f56bfc062723c751e8b465ee728b) (PreviewImporter) -> (Import Result ID: 'cc09fc14fd8221a00a50c8c44fa6f56c') in 0.0310709 seconds [static and dynamic dependencies]. Details - ImportResultOutputID=b7e395ecb1f47604cadc6e1a4c6c9e42 DependenciesID=ce80aafe0f1412924f430ccd78e5c406 StaticDependenciesID=044e75b7d42ae1db5a0ccea53c7ef63f 
Number of updated asset objects reloaded before import = 0Number of asset objects unloaded after import = 3

========================================================================
Received Import Request.
  Time since last request: 0.000036 seconds.
  path: Packages/com.unity.2d.tilemap/Editor/Icons/d_GridSelection@2x.png
  importAddress: Guid(63a012608de367444a8cfb3b43e4da64) Importer(815301076,1909f56bfc062723c751e8b465ee728b)
Start importing Packages/com.unity.2d.tilemap/Editor/Icons/d_GridSelection@2x.png using Guid(63a012608de367444a8cfb3b43e4da64) Importer(815301076,1909f56bfc062723c751e8b465ee728b) (PreviewImporter) -> (Import Result ID: 'a885b794c47978fa0d70ac16f74e428c') in 0.0172417 seconds [static and dynamic dependencies]. Details - ImportResultOutputID=676234ba90494232a8081093c1d546b5 DependenciesID=70477517d42699235c88d29306641d64 StaticDependenciesID=2511be28d0f458966d28cbad088b0294 
Number of updated asset objects reloaded before import = 0Number of asset objects unloaded after import = 2

========================================================================
Received Import Request.
  Time since last request: 0.000021 seconds.
  path: Packages/com.unity.collab-proxy/Editor/Assets/Images/d_iconbranches@2x.png
  importAddress: Guid(874d8401331ede14087e8d8d486ddda6) Importer(815301076,1909f56bfc062723c751e8b465ee728b)
Start importing Packages/com.unity.collab-proxy/Editor/Assets/Images/d_iconbranches@2x.png using Guid(874d8401331ede14087e8d8d486ddda6) Importer(815301076,1909f56bfc062723c751e8b465ee728b) (PreviewImporter) -> (Import Result ID: '76125c5eb14de6a5a268587c65ab451f') in 0.0206758 seconds [static and dynamic dependencies]. Details - ImportResultOutputID=42f71df1ed072297496d51d88ed63c13 DependenciesID=1d3938be3addc4dc056d410062134afb StaticDependenciesID=348e0ce2088db6f216d84b809bdbba93 
Number of updated asset objects reloaded before import = 0Number of asset objects unloaded after import = 2

========================================================================
Received Import Request.
  Time since last request: 0.000021 seconds.
  path: Packages/com.unity.collab-proxy/Editor/Assets/Images/d_iconchangesets@2x.png
  importAddress: Guid(b76c20add7d3d4f79afcbafeaa12e974) Importer(815301076,1909f56bfc062723c751e8b465ee728b)
Start importing Packages/com.unity.collab-proxy/Editor/Assets/Images/d_iconchangesets@2x.png using Guid(b76c20add7d3d4f79afcbafeaa12e974) Importer(815301076,1909f56bfc062723c751e8b465ee728b) (PreviewImporter) -> (Import Result ID: '7247eea19c7a1a801c42a49eeedc6c52') in 0.0266623 seconds [static and dynamic dependencies]. Details - ImportResultOutputID=de9d754ea1434454788110ad80ccf8a7 DependenciesID=e4684f85c4657daa3da9bd9a288248f8 StaticDependenciesID=0c94519bcb3d441cfb9ee4f58cb98833 
Number of updated asset objects reloaded before import = 0Number of asset objects unloaded after import = 3

========================================================================
Received Import Request.
  Time since last request: 0.000027 seconds.
  path: Packages/com.unity.collab-proxy/Editor/Assets/Images/d_iconclipboard.png
  importAddress: Guid(3f65802f2a170a145bd30ab3801b8d80) Importer(815301076,1909f56bfc062723c751e8b465ee728b)
Start importing Packages/com.unity.collab-proxy/Editor/Assets/Images/d_iconclipboard.png using Guid(3f65802f2a170a145bd30ab3801b8d80) Importer(815301076,1909f56bfc062723c751e8b465ee728b) (PreviewImporter) -> (Import Result ID: 'a98a43d2c89b383db95e35f5392f4961') in 0.0230324 seconds [static and dynamic dependencies]. Details - ImportResultOutputID=38fd4f1b8f67a275ea61fb8396350bd6 DependenciesID=ddbdd9379338f1b480804f64138d8e47 StaticDependenciesID=ab6f03730baa165f6ab2f865b8f2acb8 
Number of updated asset objects reloaded before import = 0Number of asset objects unloaded after import = 3

========================================================================
Received Import Request.
  Time since last request: 0.000016 seconds.
  path: Packages/com.unity.collab-proxy/Editor/Assets/Images/d_iconcheckedoutlocaloverlay.png
  importAddress: Guid(bb1928aff4fd4cf44af1f629dc14ef9b) Importer(815301076,1909f56bfc062723c751e8b465ee728b)
Start importing Packages/com.unity.collab-proxy/Editor/Assets/Images/d_iconcheckedoutlocaloverlay.png using Guid(bb1928aff4fd4cf44af1f629dc14ef9b) Importer(815301076,1909f56bfc062723c751e8b465ee728b) (PreviewImporter) -> (Import Result ID: 'f33dd1d6cf32082ebb199864a05c56bf') in 0.0172095 seconds [static and dynamic dependencies]. Details - ImportResultOutputID=160c9e5e72e98b6b56820a66665b0304 DependenciesID=f994ec47cadc3f173dcafe38c159960c StaticDependenciesID=7ae3a5f383d374cb2a8fa4cf00d268e4 
Number of updated asset objects reloaded before import = 0Number of asset objects unloaded after import = 2

========================================================================
Received Import Request.
  Time since last request: 0.000016 seconds.
  path: Packages/com.unity.collab-proxy/Editor/Assets/Images/d_iconclouddriveview@2x.png
  importAddress: Guid(59eedc7f076ac5749993ec0e94b87af3) Importer(815301076,1909f56bfc062723c751e8b465ee728b)
Start importing Packages/com.unity.collab-proxy/Editor/Assets/Images/d_iconclouddriveview@2x.png using Guid(59eedc7f076ac5749993ec0e94b87af3) Importer(815301076,1909f56bfc062723c751e8b465ee728b) (PreviewImporter) -> (Import Result ID: 'b3af71be4ce8ac18284b50ea7334b208') in 0.0273797 seconds [static and dynamic dependencies]. Details - ImportResultOutputID=d24c9f648ec492c88c3e034078bf3c8f DependenciesID=7fcfbbd36cef2fed48d9f165dfeeb445 StaticDependenciesID=1a1b7ab5fb526c1d6de413762a0cd644 
Number of updated asset objects reloaded before import = 0Number of asset objects unloaded after import = 3

========================================================================
Received Import Request.
  Time since last request: 0.000017 seconds.
  path: Packages/com.unity.collab-proxy/Editor/Assets/Images/d_iconcurrentbranch@2x.png
  importAddress: Guid(c48b8bcda45b63442a7a7c7244c84635) Importer(815301076,1909f56bfc062723c751e8b465ee728b)
Start importing Packages/com.unity.collab-proxy/Editor/Assets/Images/d_iconcurrentbranch@2x.png using Guid(c48b8bcda45b63442a7a7c7244c84635) Importer(815301076,1909f56bfc062723c751e8b465ee728b) (PreviewImporter) -> (Import Result ID: '8473f178bf330cef6ec8242944546328') in 0.0273611 seconds [static and dynamic dependencies]. Details - ImportResultOutputID=98336e8c84c40178cb82fc1013d3aa4c DependenciesID=3577a8632737d389b56b4719451e0c60 StaticDependenciesID=cf7483b6388e00abd873c2e8e213de11 
Number of updated asset objects reloaded before import = 0Number of asset objects unloaded after import = 3

========================================================================
Received Import Request.
  Time since last request: 0.000030 seconds.
  path: Packages/com.unity.collab-proxy/Editor/Assets/Images/d_iconconflictedoverlay.png
  importAddress: Guid(a892bcc7ae1871447926b3c44d158763) Importer(815301076,1909f56bfc062723c751e8b465ee728b)
Start importing Packages/com.unity.collab-proxy/Editor/Assets/Images/d_iconconflictedoverlay.png using Guid(a892bcc7ae1871447926b3c44d158763) Importer(815301076,1909f56bfc062723c751e8b465ee728b) (PreviewImporter) -> (Import Result ID: 'ff487a5836fca1ef8c39e15713d51099') in 0.0230925 seconds [static and dynamic dependencies]. Details - ImportResultOutputID=b94ab1263f9d811bc522c2ca5df05fd8 DependenciesID=57340b67ac115a199ca3f6923b469e4d StaticDependenciesID=b3bb75602db95710ac8130fdf1c1e196 
Number of updated asset objects reloaded before import = 0Number of asset objects unloaded after import = 2

========================================================================
Received Import Request.
  Time since last request: 0.000033 seconds.
  path: Packages/com.unity.collab-proxy/Editor/Assets/Images/d_iconbranch.png
  importAddress: Guid(c1516142c0a669b42aecce30a3459017) Importer(815301076,1909f56bfc062723c751e8b465ee728b)
Start importing Packages/com.unity.collab-proxy/Editor/Assets/Images/d_iconbranch.png using Guid(c1516142c0a669b42aecce30a3459017) Importer(815301076,1909f56bfc062723c751e8b465ee728b) (PreviewImporter) -> (Import Result ID: '068933deb19ae93d8ca3a838bdac1114') in 0.0334458 seconds [static and dynamic dependencies]. Details - ImportResultOutputID=74c41415bb8230d19e5446e032791fb1 DependenciesID=4395795442862d2d010ba5b41e5c5de0 StaticDependenciesID=46d6b5e76dd80fea36df2259e6b0bd5c 
Number of updated asset objects reloaded before import = 0Number of asset objects unloaded after import = 3

========================================================================
Received Import Request.
  Time since last request: 0.000021 seconds.
  path: Packages/com.unity.collab-proxy/Editor/Assets/Images/d_icondeletedlocaloverlay.png
  importAddress: Guid(4da274d970a82a943ae3979e7833f3dd) Importer(815301076,1909f56bfc062723c751e8b465ee728b)
Start importing Packages/com.unity.collab-proxy/Editor/Assets/Images/d_icondeletedlocaloverlay.png using Guid(4da274d970a82a943ae3979e7833f3dd) Importer(815301076,1909f56bfc062723c751e8b465ee728b) (PreviewImporter) -> (Import Result ID: '8347796ee3cffcd29af240dd50e3a695') in 0.0215677 seconds [static and dynamic dependencies]. Details - ImportResultOutputID=08abfc6db5fe2eb52f1a80479a9c3a71 DependenciesID=545b6d5866ba9d35615e93a68ca02f92 StaticDependenciesID=ba03fef4959ec580d125ebdfb16208b7 
Number of updated asset objects reloaded before import = 0Number of asset objects unloaded after import = 2

========================================================================
Received Import Request.
  Time since last request: 0.000022 seconds.
  path: Packages/com.unity.2d.tilemap.extras/Editor/Brushes/GroupBrush/d_GroupBrush.png
  importAddress: Guid(b5650d2786c7443fe80be179cf75a907) Importer(815301076,1909f56bfc062723c751e8b465ee728b)
Start importing Packages/com.unity.2d.tilemap.extras/Editor/Brushes/GroupBrush/d_GroupBrush.png using Guid(b5650d2786c7443fe80be179cf75a907) Importer(815301076,1909f56bfc062723c751e8b465ee728b) (PreviewImporter) -> (Import Result ID: '6d3f7dd87b378944dd0da2eec07ff8f4') in 0.0216845 seconds [static and dynamic dependencies]. Details - ImportResultOutputID=bb8f6ef8d70bdb7a18796e1034c82dd8 DependenciesID=dc1a66569616d6ee3b5c5e66e8558875 StaticDependenciesID=2152f6016d4fbe598cfc53816fb59ee0 
Number of updated asset objects reloaded before import = 0Number of asset objects unloaded after import = 3

========================================================================
Received Import Request.
  Time since last request: 0.000021 seconds.
  path: Packages/com.unity.collab-proxy/Editor/Assets/Images/d_iconconflictresolvedoverlay.png
  importAddress: Guid(056ee72c467a4e24d87541d42839ca72) Importer(815301076,1909f56bfc062723c751e8b465ee728b)
Start importing Packages/com.unity.collab-proxy/Editor/Assets/Images/d_iconconflictresolvedoverlay.png using Guid(056ee72c467a4e24d87541d42839ca72) Importer(815301076,1909f56bfc062723c751e8b465ee728b) (PreviewImporter) -> (Import Result ID: '5cd0f4b9d45f3ab890932edb3ad4511c') in 0.027707 seconds [static and dynamic dependencies]. Details - ImportResultOutputID=fbf8c29548b35f6cf965ab05808f66ba DependenciesID=646bf148074d0d53f0b6cb4b0b40df96 StaticDependenciesID=b46f92631ee28126a09616ff8a981a8e 
Number of updated asset objects reloaded before import = 0Number of asset objects unloaded after import = 2

========================================================================
Received Import Request.
  Time since last request: 0.000025 seconds.
  path: Packages/com.unity.collab-proxy/Editor/Assets/Images/d_iconemptygravatar@2x.png
  importAddress: Guid(0ac55f9f886d827408c102bdf33c5ff7) Importer(815301076,1909f56bfc062723c751e8b465ee728b)
Start importing Packages/com.unity.collab-proxy/Editor/Assets/Images/d_iconemptygravatar@2x.png using Guid(0ac55f9f886d827408c102bdf33c5ff7) Importer(815301076,1909f56bfc062723c751e8b465ee728b) (PreviewImporter) -> (Import Result ID: 'a4326f88122dfd875f016e6df6bf9d96') in 0.0218652 seconds [static and dynamic dependencies]. Details - ImportResultOutputID=a935271c429386a92ca95e8725b1f01c DependenciesID=1bb401180181b04f5b6792b62403d705 StaticDependenciesID=f9f1db52e90c972500fa2c21e8a7ddf7 
Number of updated asset objects reloaded before import = 0Number of asset objects unloaded after import = 2

========================================================================
Received Import Request.
  Time since last request: 0.000033 seconds.
  path: Packages/com.unity.collab-proxy/Editor/Assets/Images/d_iconignoredoverlay@2x.png
  importAddress: Guid(079f562959995344baea4cd40a9ecea6) Importer(815301076,1909f56bfc062723c751e8b465ee728b)
Start importing Packages/com.unity.collab-proxy/Editor/Assets/Images/d_iconignoredoverlay@2x.png using Guid(079f562959995344baea4cd40a9ecea6) Importer(815301076,1909f56bfc062723c751e8b465ee728b) (PreviewImporter) -> (Import Result ID: '3a9e3a2cb34572ce57afa3a025361b50') in 0.0243639 seconds [static and dynamic dependencies]. Details - ImportResultOutputID=4e43c0df9bc134eee7013ae85ad57c2c DependenciesID=4fa6f507a27a30d6f54c65d424d8eee7 StaticDependenciesID=586874f4d2f353cb2780214c10c7769d 
Number of updated asset objects reloaded before import = 0Number of asset objects unloaded after import = 3

========================================================================
Received Import Request.
  Time since last request: 0.000018 seconds.
  path: Packages/com.unity.collab-proxy/Editor/Assets/Images/d_iconinviteusers.png
  importAddress: Guid(3094096a150921c409ef35579f2ada0f) Importer(815301076,1909f56bfc062723c751e8b465ee728b)
Start importing Packages/com.unity.collab-proxy/Editor/Assets/Images/d_iconinviteusers.png using Guid(3094096a150921c409ef35579f2ada0f) Importer(815301076,1909f56bfc062723c751e8b465ee728b) (PreviewImporter) -> (Import Result ID: '4f7a6dbcba7ca29e5e10d76b109c165a') in 0.0256718 seconds [static and dynamic dependencies]. Details - ImportResultOutputID=89b87ea0b05b17ef09859074000d0e24 DependenciesID=eea6320c1edd4ed67a66d55069dc0bbe StaticDependenciesID=3488acdf5764a6aef22d000bc6f4c766 
Number of updated asset objects reloaded before import = 0Number of asset objects unloaded after import = 3

========================================================================
Received Import Request.
  Time since last request: 0.000024 seconds.
  path: Packages/com.unity.collab-proxy/Editor/Assets/Images/d_iconincomingchangesview.png
  importAddress: Guid(f6ea7eb320af940f6ade67ef3befef89) Importer(815301076,1909f56bfc062723c751e8b465ee728b)
Start importing Packages/com.unity.collab-proxy/Editor/Assets/Images/d_iconincomingchangesview.png using Guid(f6ea7eb320af940f6ade67ef3befef89) Importer(815301076,1909f56bfc062723c751e8b465ee728b) (PreviewImporter) -> (Import Result ID: 'ba82d3b4eb7c5f0dc31ac3940b55ea23') in 0.0270233 seconds [static and dynamic dependencies]. Details - ImportResultOutputID=7cfa8e8f0a02778f66788ae09402f5dc DependenciesID=2bb82cabea8e1e9b921e936b4a9044dc StaticDependenciesID=08ccdfb5c71565696ac1922da1441a0d 
Number of updated asset objects reloaded before import = 0Number of asset objects unloaded after import = 3

========================================================================
Received Import Request.
  Time since last request: 0.000020 seconds.
  path: Packages/com.unity.collab-proxy/Editor/Assets/Images/d_iconlockedlocaloverlay@2x.png
  importAddress: Guid(ae53a7884da90e94eb5dfeab594b746c) Importer(815301076,1909f56bfc062723c751e8b465ee728b)
Start importing Packages/com.unity.collab-proxy/Editor/Assets/Images/d_iconlockedlocaloverlay@2x.png using Guid(ae53a7884da90e94eb5dfeab594b746c) Importer(815301076,1909f56bfc062723c751e8b465ee728b) (PreviewImporter) -> (Import Result ID: 'b505cb7b5dfc3dce9b9e1d25210f44b1') in 0.0227819 seconds [static and dynamic dependencies]. Details - ImportResultOutputID=6a22e611157f1381b5160294f80d320a DependenciesID=38fdeaada071c073496dd43d235683a0 StaticDependenciesID=db281a4e5f9429c24eec3eae680451ef 
Number of updated asset objects reloaded before import = 0Number of asset objects unloaded after import = 2

========================================================================
Received Import Request.
  Time since last request: 0.000020 seconds.
  path: Packages/com.unity.collab-proxy/Editor/Assets/Images/d_iconlock.png
  importAddress: Guid(f7adc828ed70a485db62c459bdf09525) Importer(815301076,1909f56bfc062723c751e8b465ee728b)
Start importing Packages/com.unity.collab-proxy/Editor/Assets/Images/d_iconlock.png using Guid(f7adc828ed70a485db62c459bdf09525) Importer(815301076,1909f56bfc062723c751e8b465ee728b) (PreviewImporter) -> (Import Result ID: 'b1607d612b615c3733f71383d9affa06') in 0.0242699 seconds [static and dynamic dependencies]. Details - ImportResultOutputID=4b198dd673672db5985adb784b8cc8a5 DependenciesID=4bb82ef68759b3e9873d63a3bec1baa6 StaticDependenciesID=f6684840b45ea22d64cc4e33405e6395 
Number of updated asset objects reloaded before import = 0Number of asset objects unloaded after import = 3

========================================================================
Received Import Request.
  Time since last request: 0.000034 seconds.
  path: Packages/com.unity.collab-proxy/Editor/Assets/Images/d_iconpendingchanges.png
  importAddress: Guid(4aa4898734bfdbc4dbd410de4141e533) Importer(815301076,1909f56bfc062723c751e8b465ee728b)
Start importing Packages/com.unity.collab-proxy/Editor/Assets/Images/d_iconpendingchanges.png using Guid(4aa4898734bfdbc4dbd410de4141e533) Importer(815301076,1909f56bfc062723c751e8b465ee728b) (PreviewImporter) -> (Import Result ID: 'aba0f47f823e91bb9ee0c6095813c21b') in 0.0276976 seconds [static and dynamic dependencies]. Details - ImportResultOutputID=e3bb7a2f66f58a32bb6b05052c593e2a DependenciesID=5dd0e2decb753985f1103244d7292af9 StaticDependenciesID=72c6c99e89ac4e21e8cb01a20281c615 
Number of updated asset objects reloaded before import = 0Number of asset objects unloaded after import = 3

========================================================================
Received Import Request.
  Time since last request: 0.000032 seconds.
  path: Packages/com.unity.collab-proxy/Editor/Assets/Images/d_iconoutofsyncoverlay.png
  importAddress: Guid(dc633de6e6e7415448c7568418239a9d) Importer(815301076,1909f56bfc062723c751e8b465ee728b)
Start importing Packages/com.unity.collab-proxy/Editor/Assets/Images/d_iconoutofsyncoverlay.png using Guid(dc633de6e6e7415448c7568418239a9d) Importer(815301076,1909f56bfc062723c751e8b465ee728b) (PreviewImporter) -> (Import Result ID: 'e89e28e30462428757efdb153b21bf36') in 0.0197939 seconds [static and dynamic dependencies]. Details - ImportResultOutputID=e4499347923c6ed94bd95b430d6e6a00 DependenciesID=37a503dd77279bb5b6a14d58ff49d338 StaticDependenciesID=27b7c50ff6f9a70ea933cf28a1a19b1e 
Number of updated asset objects reloaded before import = 0Number of asset objects unloaded after import = 2

========================================================================
Received Import Request.
  Time since last request: 0.000036 seconds.
  path: Packages/com.unity.collab-proxy/Editor/Assets/Images/d_iconplasticnotifypendingchangesandincoming.png
  importAddress: Guid(f180c6addffab449cb6897ba994abec5) Importer(815301076,1909f56bfc062723c751e8b465ee728b)
Start importing Packages/com.unity.collab-proxy/Editor/Assets/Images/d_iconplasticnotifypendingchangesandincoming.png using Guid(f180c6addffab449cb6897ba994abec5) Importer(815301076,1909f56bfc062723c751e8b465ee728b) (PreviewImporter) -> (Import Result ID: '1e74e0e7450eff84a8812a3aa089ed7a') in 0.0258194 seconds [static and dynamic dependencies]. Details - ImportResultOutputID=57db70682699810fb11ec1b6f159ec2b DependenciesID=d1236b0dc66567a601ec3a98fe38ac92 StaticDependenciesID=2bdd6312fb4f4e7f4adb82561ba0078e 
Number of updated asset objects reloaded before import = 0Number of asset objects unloaded after import = 3

========================================================================
Received Import Request.
  Time since last request: 0.000015 seconds.
  path: Packages/com.unity.collab-proxy/Editor/Assets/Images/d_iconpackageupdateavailable.png
  importAddress: Guid(1dc16508006061742a802767b556accc) Importer(815301076,1909f56bfc062723c751e8b465ee728b)
Start importing Packages/com.unity.collab-proxy/Editor/Assets/Images/d_iconpackageupdateavailable.png using Guid(1dc16508006061742a802767b556accc) Importer(815301076,1909f56bfc062723c751e8b465ee728b) (PreviewImporter) -> (Import Result ID: 'e9be9e3add260aca3bca3900970efa19') in 0.0244445 seconds [static and dynamic dependencies]. Details - ImportResultOutputID=2fb05e892c6d563105c17773d7229e3e DependenciesID=db125395e9e68091c9c7f24e9820d5b5 StaticDependenciesID=15646044eb035d10ff07e9ca51bc2d04 
Number of updated asset objects reloaded before import = 0Number of asset objects unloaded after import = 3

========================================================================
Received Import Request.
  Time since last request: 0.000037 seconds.
  path: Packages/com.unity.collab-proxy/Editor/Assets/Images/d_iconmergeview@2x.png
  importAddress: Guid(5bc0112babc1a49bdbd1f6e5d9c13c7b) Importer(815301076,1909f56bfc062723c751e8b465ee728b)
Start importing Packages/com.unity.collab-proxy/Editor/Assets/Images/d_iconmergeview@2x.png using Guid(5bc0112babc1a49bdbd1f6e5d9c13c7b) Importer(815301076,1909f56bfc062723c751e8b465ee728b) (PreviewImporter) -> (Import Result ID: '16941675c0a8ab2845cce42bf4add0b9') in 0.0310412 seconds [static and dynamic dependencies]. Details - ImportResultOutputID=09431e2f5d6536d8308df34c7ca4759f DependenciesID=6f2b357287aec93f91befde0f9f9f6b9 StaticDependenciesID=a459b19f3a5cf383b747b7a92349fe9b 
Number of updated asset objects reloaded before import = 0Number of asset objects unloaded after import = 3

========================================================================
Received Import Request.
  Time since last request: 0.000032 seconds.
  path: Packages/com.unity.collab-proxy/Editor/Assets/Images/d_iconlockedremoteoverlay.png
  importAddress: Guid(1046ed65e6aaffb4391378f6d08d6c14) Importer(815301076,1909f56bfc062723c751e8b465ee728b)
Start importing Packages/com.unity.collab-proxy/Editor/Assets/Images/d_iconlockedremoteoverlay.png using Guid(1046ed65e6aaffb4391378f6d08d6c14) Importer(815301076,1909f56bfc062723c751e8b465ee728b) (PreviewImporter) -> (Import Result ID: 'cc8c0419011cba9b84689c50a1248173') in 0.0232941 seconds [static and dynamic dependencies]. Details - ImportResultOutputID=47599f286da04f589e9f385c5daafc84 DependenciesID=5622e5b5e84d0e9f6e40b8fcbe805a58 StaticDependenciesID=872177f9c0162f59ed4711731a782e8b 
Number of updated asset objects reloaded before import = 0Number of asset objects unloaded after import = 2

========================================================================
Received Import Request.
  Time since last request: 0.000036 seconds.
  path: Packages/com.unity.collab-proxy/Editor/Assets/Images/d_iconplasticnotifyconflict@2x.png
  importAddress: Guid(23743f0c0ed1e6546808a5d645c2a6a5) Importer(815301076,1909f56bfc062723c751e8b465ee728b)
Start importing Packages/com.unity.collab-proxy/Editor/Assets/Images/d_iconplasticnotifyconflict@2x.png using Guid(23743f0c0ed1e6546808a5d645c2a6a5) Importer(815301076,1909f56bfc062723c751e8b465ee728b) (PreviewImporter) -> (Import Result ID: '0344cb63ee4d5798830775b3aa0f0df9') in 0.025645 seconds [static and dynamic dependencies]. Details - ImportResultOutputID=20737c8579362c8a29ad00c2282cb4cc DependenciesID=8830b15786ebfaaa6825c87c1fe86cf3 StaticDependenciesID=020f17842d35676dd275121ab99a0f0e 
Number of updated asset objects reloaded before import = 0Number of asset objects unloaded after import = 2

========================================================================
Received Import Request.
  Time since last request: 0.000017 seconds.
  path: Packages/com.unity.collab-proxy/Editor/Assets/Images/d_iconbranches.png
  importAddress: Guid(612c5e166a121e3449dad067fbdc37a4) Importer(815301076,1909f56bfc062723c751e8b465ee728b)
Start importing Packages/com.unity.collab-proxy/Editor/Assets/Images/d_iconbranches.png using Guid(612c5e166a121e3449dad067fbdc37a4) Importer(815301076,1909f56bfc062723c751e8b465ee728b) (PreviewImporter) -> (Import Result ID: '803bd639260cbf48a7e56b9ed35d594b') in 0.0313803 seconds [static and dynamic dependencies]. Details - ImportResultOutputID=171cc77b091dfc1089511c3720216042 DependenciesID=93fa5234187cd4253cc176d22a737a2b StaticDependenciesID=66e3b1c2f511660f39367c6bbaa5ac9a 
Number of updated asset objects reloaded before import = 0Number of asset objects unloaded after import = 2

========================================================================
Received Import Request.
  Time since last request: 0.000015 seconds.
  path: Packages/com.unity.collab-proxy/Editor/Assets/Images/d_iconretainedoverlay@2x.png
  importAddress: Guid(c34cd61ed96ff9a40a54e159467c5155) Importer(815301076,1909f56bfc062723c751e8b465ee728b)
Start importing Packages/com.unity.collab-proxy/Editor/Assets/Images/d_iconretainedoverlay@2x.png using Guid(c34cd61ed96ff9a40a54e159467c5155) Importer(815301076,1909f56bfc062723c751e8b465ee728b) (PreviewImporter) -> (Import Result ID: '45835d39f3a3164f6822f1691b37d31f') in 0.0277814 seconds [static and dynamic dependencies]. Details - ImportResultOutputID=3fb29fadbef34bcc9e8e610e6b59b6b5 DependenciesID=115da4ffb9a7bdb7164881e37a95c23b StaticDependenciesID=b40cb6c27f06ff7bd33ef3d261156704 
Number of updated asset objects reloaded before import = 0Number of asset objects unloaded after import = 3

========================================================================
Received Import Request.
  Time since last request: 0.000022 seconds.
  path: Packages/com.unity.render-pipelines.core/Editor/Lighting/Icons/LightUnitIcons/d_IntenseAreaLight.png
  importAddress: Guid(a20ce10a62e5d924a84f1a723e96c07e) Importer(815301076,1909f56bfc062723c751e8b465ee728b)
Start importing Packages/com.unity.render-pipelines.core/Editor/Lighting/Icons/LightUnitIcons/d_IntenseAreaLight.png using Guid(a20ce10a62e5d924a84f1a723e96c07e) Importer(815301076,1909f56bfc062723c751e8b465ee728b) (PreviewImporter) -> (Import Result ID: '6ef556f0d3d63607cf529113a8d28a1d') in 0.0197341 seconds [static and dynamic dependencies]. Details - ImportResultOutputID=c613c5354e44205326bb8d6a07cb09b1 DependenciesID=c5aa3f399d0ab73454f19b24eecbe803 StaticDependenciesID=4a5b3e1a2647ab386bb6d15619eccd35 
Number of updated asset objects reloaded before import = 0Number of asset objects unloaded after import = 2

========================================================================
Received Import Request.
  Time since last request: 0.000030 seconds.
  path: Packages/com.unity.inputsystem/InputSystem/Editor/Icons/d_Interactive Binding.png
  importAddress: Guid(eb28fd64eacfa495c97193108f1cdf03) Importer(815301076,1909f56bfc062723c751e8b465ee728b)
Start importing Packages/com.unity.inputsystem/InputSystem/Editor/Icons/d_Interactive Binding.png using Guid(eb28fd64eacfa495c97193108f1cdf03) Importer(815301076,1909f56bfc062723c751e8b465ee728b) (PreviewImporter) -> (Import Result ID: '3c75c5a6eee85a5c515e32e690da469e') in 0.0237218 seconds [static and dynamic dependencies]. Details - ImportResultOutputID=c15147fe85d5344ba8d6aeec20077e1a DependenciesID=104d32940bd5b605da1ac826986156dc StaticDependenciesID=869457279ea27300adacf40f3cece09b 
Number of updated asset objects reloaded before import = 0Number of asset objects unloaded after import = 2

========================================================================
Received Import Request.
  Time since last request: 0.000020 seconds.
  path: Packages/com.unity.inputsystem/InputSystem/Editor/Icons/d_Joystick@4x.png
  importAddress: Guid(d88596134c72c47b99d7d55583f4c6bf) Importer(815301076,1909f56bfc062723c751e8b465ee728b)
Start importing Packages/com.unity.inputsystem/InputSystem/Editor/Icons/d_Joystick@4x.png using Guid(d88596134c72c47b99d7d55583f4c6bf) Importer(815301076,1909f56bfc062723c751e8b465ee728b) (PreviewImporter) -> (Import Result ID: 'e2ce2c0b03f74634f24d4b3d689c27c8') in 0.0190558 seconds [static and dynamic dependencies]. Details - ImportResultOutputID=00932fba5fd098a04010e3399848e972 DependenciesID=27cdb2410675972779bbe2752ba31631 StaticDependenciesID=70dde8e6892ac27839312bb7667b9ff2 
Number of updated asset objects reloaded before import = 0Number of asset objects unloaded after import = 2

========================================================================
Received Import Request.
  Time since last request: 0.000015 seconds.
  path: Packages/com.unity.inputsystem/InputSystem/Editor/Icons/d_Keyboard@2x.png
  importAddress: Guid(f14e3a4027f834f16b235498ac15bb3f) Importer(815301076,1909f56bfc062723c751e8b465ee728b)
Start importing Packages/com.unity.inputsystem/InputSystem/Editor/Icons/d_Keyboard@2x.png using Guid(f14e3a4027f834f16b235498ac15bb3f) Importer(815301076,1909f56bfc062723c751e8b465ee728b) (PreviewImporter) -> (Import Result ID: '6d8466bb8c9cafc8513c04af237cf5d6') in 0.0206859 seconds [static and dynamic dependencies]. Details - ImportResultOutputID=267570579008bd7f4a8c21d29f9a22e3 DependenciesID=70894226a18008838906e1794e8885b7 StaticDependenciesID=f330490623cc39ac70ce59878c0f6948 
Number of updated asset objects reloaded before import = 0Number of asset objects unloaded after import = 2

========================================================================
Received Import Request.
  Time since last request: 0.000028 seconds.
  path: Packages/com.unity.render-pipelines.core/Editor/LookDev/Icons/d_Layout2@2x.png
  importAddress: Guid(50f7a3e9878119a4da02f38cf05d75ba) Importer(815301076,1909f56bfc062723c751e8b465ee728b)
Start importing Packages/com.unity.render-pipelines.core/Editor/LookDev/Icons/d_Layout2@2x.png using Guid(50f7a3e9878119a4da02f38cf05d75ba) Importer(815301076,1909f56bfc062723c751e8b465ee728b) (PreviewImporter) -> (Import Result ID: '7a565cb6a964fabbdff429d5c02be462') in 0.0243758 seconds [static and dynamic dependencies]. Details - ImportResultOutputID=5b6cb80f605db0d1550c70f6ac12a649 DependenciesID=d162cb2a05635c903dbc1f69209853a7 StaticDependenciesID=16629909ec165ccb50d2c9693d318ff6 
Number of updated asset objects reloaded before import = 0Number of asset objects unloaded after import = 3

========================================================================
Received Import Request.
  Time since last request: 0.000018 seconds.
  path: Packages/com.unity.render-pipelines.core/Editor/LookDev/Icons/d_LayoutVertical.png
  importAddress: Guid(02c3588c32f640d47bb70ee3fa774fce) Importer(815301076,1909f56bfc062723c751e8b465ee728b)
Start importing Packages/com.unity.render-pipelines.core/Editor/LookDev/Icons/d_LayoutVertical.png using Guid(02c3588c32f640d47bb70ee3fa774fce) Importer(815301076,1909f56bfc062723c751e8b465ee728b) (PreviewImporter) -> (Import Result ID: '7b50a92c7700c5dafc0bc2f09ffc02dd') in 0.0270467 seconds [static and dynamic dependencies]. Details - ImportResultOutputID=e5f2e07365fb72e8a9e0ac1384e1dfb0 DependenciesID=672b91453fff578f10ca810d0c28efd1 StaticDependenciesID=1fdd5e15b441e9718bad6b9dbf4f2be7 
Number of updated asset objects reloaded before import = 0Number of asset objects unloaded after import = 3

========================================================================
Received Import Request.
  Time since last request: 0.000036 seconds.
  path: Packages/com.unity.render-pipelines.core/Editor/LookDev/Icons/d_LayoutVertical@2x.png
  importAddress: Guid(472b4042959bbd844b8fd760bddd7a47) Importer(815301076,1909f56bfc062723c751e8b465ee728b)
Start importing Packages/com.unity.render-pipelines.core/Editor/LookDev/Icons/d_LayoutVertical@2x.png using Guid(472b4042959bbd844b8fd760bddd7a47) Importer(815301076,1909f56bfc062723c751e8b465ee728b) (PreviewImporter) -> (Import Result ID: 'e75662ca24a28edbb15b6b36c2a5cc09') in 0.0360198 seconds [static and dynamic dependencies]. Details - ImportResultOutputID=f4f58e09cd8dc1ebea71f7a76ebc583c DependenciesID=2eab92f8afc20c8133f206514462f584 StaticDependenciesID=d6ad61864c1244baee06d0fb6977747f 
Number of updated asset objects reloaded before import = 0Number of asset objects unloaded after import = 3

========================================================================
Received Import Request.
  Time since last request: 0.000022 seconds.
  path: Packages/com.unity.render-pipelines.core/Editor/Lighting/Icons/d_LightPlacement_Icon.png
  importAddress: Guid(518057398db7dd043928f01f4fbad1b9) Importer(815301076,1909f56bfc062723c751e8b465ee728b)
Start importing Packages/com.unity.render-pipelines.core/Editor/Lighting/Icons/d_LightPlacement_Icon.png using Guid(518057398db7dd043928f01f4fbad1b9) Importer(815301076,1909f56bfc062723c751e8b465ee728b) (PreviewImporter) -> (Import Result ID: 'ea31a95adecc947437e0c9a483c82e60') in 0.0240609 seconds [static and dynamic dependencies]. Details - ImportResultOutputID=c061118e3d6f2aeaaecdee162cf0eb05 DependenciesID=72f07b6774aeb64829fe8e19770ae753 StaticDependenciesID=d2c94f48f84f6069cb26f321d68890fd 
Number of updated asset objects reloaded before import = 0Number of asset objects unloaded after import = 2

========================================================================
Received Import Request.
  Time since last request: 0.000025 seconds.
  path: Packages/com.unity.render-pipelines.core/Editor/Lighting/Icons/d_LightPlacement_Icon On@64.png
  importAddress: Guid(304e9d79c27b32144a95e43dc6da80a2) Importer(815301076,1909f56bfc062723c751e8b465ee728b)
Start importing Packages/com.unity.render-pipelines.core/Editor/Lighting/Icons/d_LightPlacement_Icon On@64.png using Guid(304e9d79c27b32144a95e43dc6da80a2) Importer(815301076,1909f56bfc062723c751e8b465ee728b) (PreviewImporter) -> (Import Result ID: '4ea7060c82eefa9a7eef5b8612b2aecd') in 0.0206117 seconds [static and dynamic dependencies]. Details - ImportResultOutputID=729668ffdfa75bf1f27ca54ea56c78f7 DependenciesID=e057fd0366a6c8cf019597d8ace0c1f3 StaticDependenciesID=c73d2b7a6648fc31360091b160349bfe 
Number of updated asset objects reloaded before import = 0Number of asset objects unloaded after import = 2

========================================================================
Received Import Request.
  Time since last request: 0.000024 seconds.
  path: Packages/com.unity.render-pipelines.core/Editor/Lighting/Icons/d_LightPlacement_Icon On@2x.png
  importAddress: Guid(e59f66416f4ecf3429053a0274b589a0) Importer(815301076,1909f56bfc062723c751e8b465ee728b)
Start importing Packages/com.unity.render-pipelines.core/Editor/Lighting/Icons/d_LightPlacement_Icon On@2x.png using Guid(e59f66416f4ecf3429053a0274b589a0) Importer(815301076,1909f56bfc062723c751e8b465ee728b) (PreviewImporter) -> (Import Result ID: '4368b05f24cc96c6926cb92a905d449f') in 0.0240464 seconds [static and dynamic dependencies]. Details - ImportResultOutputID=b5a00272cf91b6f175523f7687f2adce DependenciesID=82d04f2c5771dfe8452f47b032eed858 StaticDependenciesID=32b286056ba4ce16543b7276092156dd 
Number of updated asset objects reloaded before import = 0Number of asset objects unloaded after import = 2

========================================================================
Received Import Request.
  Time since last request: 0.000039 seconds.
  path: Packages/com.unity.collab-proxy/Editor/Assets/Images/d_iconretainedoverlay.png
  importAddress: Guid(d83d26a46db2b504fbcfa6f2aae590b6) Importer(815301076,1909f56bfc062723c751e8b465ee728b)
Start importing Packages/com.unity.collab-proxy/Editor/Assets/Images/d_iconretainedoverlay.png using Guid(d83d26a46db2b504fbcfa6f2aae590b6) Importer(815301076,1909f56bfc062723c751e8b465ee728b) (PreviewImporter) -> (Import Result ID: '6fb27308e3192a2feffa4f4892d00b1e') in 0.0290498 seconds [static and dynamic dependencies]. Details - ImportResultOutputID=3b1aeca8fc6dd5b3f94b530a5555891c DependenciesID=5874c3944bea97c94e94f952717012ee StaticDependenciesID=9ae2dcb3d2bf52918d49dee52ebe93a9 
Number of updated asset objects reloaded before import = 0Number of asset objects unloaded after import = 3

========================================================================
Received Import Request.
  Time since last request: 0.000021 seconds.
  path: Packages/com.unity.render-pipelines.core/Editor/Lighting/Icons/d_LightPlacement_Icon On@32.png
  importAddress: Guid(f5d08e5c109deb84a9fcf7b2365cb537) Importer(815301076,1909f56bfc062723c751e8b465ee728b)
Start importing Packages/com.unity.render-pipelines.core/Editor/Lighting/Icons/d_LightPlacement_Icon On@32.png using Guid(f5d08e5c109deb84a9fcf7b2365cb537) Importer(815301076,1909f56bfc062723c751e8b465ee728b) (PreviewImporter) -> (Import Result ID: 'e85cd09c301918a5639e904262764b1e') in 0.0095576 seconds [static and dynamic dependencies]. Details - ImportResultOutputID=7baa8517595c37e4da1b3413bd2a6c61 DependenciesID=5c50dd9649419d3278052cda0ef27289 StaticDependenciesID=57e9d29163ee0727883223bcddf5cc27 
Number of updated asset objects reloaded before import = 0Number of asset objects unloaded after import = 2

========================================================================
Received Import Request.
  Time since last request: 0.000046 seconds.
  path: Packages/com.unity.render-pipelines.core/Editor/LookDev/Icons/d_Layout2.png
  importAddress: Guid(98b5b3e7c51d32547b9b09232034b5d5) Importer(815301076,1909f56bfc062723c751e8b465ee728b)
Start importing Packages/com.unity.render-pipelines.core/Editor/LookDev/Icons/d_Layout2.png using Guid(98b5b3e7c51d32547b9b09232034b5d5) Importer(815301076,1909f56bfc062723c751e8b465ee728b) (PreviewImporter) -> (Import Result ID: '90f0197369513e539a4627a5d81356ec') in 0.0261178 seconds [static and dynamic dependencies]. Details - ImportResultOutputID=c2452c443a541170c1232a2004478a67 DependenciesID=f296b17c55a43a9521cd17b5ccb9ebc7 StaticDependenciesID=1ec1ebc5c9236d829169cbbc978f62a7 
Number of updated asset objects reloaded before import = 0Number of asset objects unloaded after import = 3

========================================================================
Received Import Request.
  Time since last request: 0.000016 seconds.
  path: Packages/com.unity.render-pipelines.core/Editor/Lighting/Icons/d_LightPlacement_Icon On@256.png
  importAddress: Guid(4439e27e7ae7188468effbc23418e0e1) Importer(815301076,1909f56bfc062723c751e8b465ee728b)
Start importing Packages/com.unity.render-pipelines.core/Editor/Lighting/Icons/d_LightPlacement_Icon On@256.png using Guid(4439e27e7ae7188468effbc23418e0e1) Importer(815301076,1909f56bfc062723c751e8b465ee728b) (PreviewImporter) -> (Import Result ID: '71887c850afe2518b5b9c2f7182173e5') in 0.0196806 seconds [static and dynamic dependencies]. Details - ImportResultOutputID=1245f8ebf5ee5aaecb00fef25d0e954f DependenciesID=c954027bbb3931c801bfb7182c25bdb1 StaticDependenciesID=6dd8b75857684484cd988bfe88d91625 
Number of updated asset objects reloaded before import = 0Number of asset objects unloaded after import = 2

========================================================================
Received Import Request.
  Time since last request: 0.000020 seconds.
  path: Packages/com.unity.render-pipelines.core/Editor/Lighting/Icons/d_LightPlacement_Icon@256.png
  importAddress: Guid(e8daef37e2419284e8b319261203d5c3) Importer(815301076,1909f56bfc062723c751e8b465ee728b)
Start importing Packages/com.unity.render-pipelines.core/Editor/Lighting/Icons/d_LightPlacement_Icon@256.png using Guid(e8daef37e2419284e8b319261203d5c3) Importer(815301076,1909f56bfc062723c751e8b465ee728b) (PreviewImporter) -> (Import Result ID: '08d0264b898dc69b0cb611949c34b895') in 0.0207631 seconds [static and dynamic dependencies]. Details - ImportResultOutputID=07562e03c4b51e835e6431d5e7fa035b DependenciesID=8a99b102c6ce37b15bf98ac4097525b7 StaticDependenciesID=516de6c94cd82b1c448d23109924d751 
Number of updated asset objects reloaded before import = 0Number of asset objects unloaded after import = 2

========================================================================
Received Import Request.
  Time since last request: 0.000028 seconds.
  path: Packages/com.unity.render-pipelines.core/Editor/Icons/Processed/d_LocalVolumetricFog Icon.asset
  importAddress: Guid(a51c08ea4f8a47641a38f14eff7be3db) Importer(815301076,1909f56bfc062723c751e8b465ee728b)
Start importing Packages/com.unity.render-pipelines.core/Editor/Icons/Processed/d_LocalVolumetricFog Icon.asset using Guid(a51c08ea4f8a47641a38f14eff7be3db) Importer(815301076,1909f56bfc062723c751e8b465ee728b) (PreviewImporter) -> (Import Result ID: '4fa60d8cfdef108de2006e5b1e01b1bd') in 0.021867 seconds [static and dynamic dependencies]. Details - ImportResultOutputID=c759c5ced018119146a6ca62e969b440 DependenciesID=13d4bf3cecf0c62501393e763219a76b StaticDependenciesID=ad5ce3db3405fcd9b24d45f4c4de5524 
Number of updated asset objects reloaded before import = 0Number of asset objects unloaded after import = 2

========================================================================
Received Import Request.
  Time since last request: 0.000019 seconds.
  path: Packages/com.unity.2d.animation/Editor/Assets/EditorIcons/Dark/d_Mesh@3x.png
  importAddress: Guid(7a1683154a74c9d4e9f993bd6c54f947) Importer(815301076,1909f56bfc062723c751e8b465ee728b)
Start importing Packages/com.unity.2d.animation/Editor/Assets/EditorIcons/Dark/d_Mesh@3x.png using Guid(7a1683154a74c9d4e9f993bd6c54f947) Importer(815301076,1909f56bfc062723c751e8b465ee728b) (PreviewImporter) -> (Import Result ID: '09362208a98d0fdea3a160701601c95d') in 0.021929 seconds [static and dynamic dependencies]. Details - ImportResultOutputID=ac50858a596da5bd45e494917ca28a44 DependenciesID=8ee57d2de3d61bf7193403e586f32965 StaticDependenciesID=52abe5d9bb0bc0def98503d73ea98ab1 
Number of updated asset objects reloaded before import = 0Number of asset objects unloaded after import = 3

========================================================================
Received Import Request.
  Time since last request: 0.000020 seconds.
  path: Packages/com.unity.render-pipelines.core/Editor/Lighting/Icons/LightUnitIcons/d_Moonlight@2x.png
  importAddress: Guid(f520337c0c5dde34fa2d4207d953a31f) Importer(815301076,1909f56bfc062723c751e8b465ee728b)
Start importing Packages/com.unity.render-pipelines.core/Editor/Lighting/Icons/LightUnitIcons/d_Moonlight@2x.png using Guid(f520337c0c5dde34fa2d4207d953a31f) Importer(815301076,1909f56bfc062723c751e8b465ee728b) (PreviewImporter) -> (Import Result ID: 'e76a2a3e8dc3f8fb3cfef94f517cac1c') in 0.0202603 seconds [static and dynamic dependencies]. Details - ImportResultOutputID=9893cfe10c0b7d233708634dc2b4bbc6 DependenciesID=0eb06c7ee1c2937202d7a6c0e5b0fd4a StaticDependenciesID=e5a4ac4f73e7f8d32b709445d0371cc0 
Number of updated asset objects reloaded before import = 0Number of asset objects unloaded after import = 2

========================================================================
Received Import Request.
  Time since last request: 0.000016 seconds.
  path: Packages/com.unity.render-pipelines.core/Editor/Lighting/Icons/LightUnitIcons/d_Overcast@2x.png
  importAddress: Guid(036f58abb8f232d41b3928a31433cf81) Importer(815301076,1909f56bfc062723c751e8b465ee728b)
Start importing Packages/com.unity.render-pipelines.core/Editor/Lighting/Icons/LightUnitIcons/d_Overcast@2x.png using Guid(036f58abb8f232d41b3928a31433cf81) Importer(815301076,1909f56bfc062723c751e8b465ee728b) (PreviewImporter) -> (Import Result ID: '49b3581c150f4d4e53d9088ca6cf3db2') in 0.0072395 seconds [static and dynamic dependencies]. Details - ImportResultOutputID=413676229b7c53d1537cf741063c3e7a DependenciesID=cf5319f9afb93eb811b5601ed8bf737c StaticDependenciesID=dbd9b6e8938e40194e021a4b96dfc589 
Number of updated asset objects reloaded before import = 0Number of asset objects unloaded after import = 2

========================================================================
Received Import Request.
  Time since last request: 0.000018 seconds.
  path: Packages/com.unity.multiplayer.center/Editor/MultiplayerCenterWindow/UI/Icons/d_PackageManager@2x.png
  importAddress: Guid(a6fd0c627f5aa48fa81512221e70a11e) Importer(815301076,1909f56bfc062723c751e8b465ee728b)
Start importing Packages/com.unity.multiplayer.center/Editor/MultiplayerCenterWindow/UI/Icons/d_PackageManager@2x.png using Guid(a6fd0c627f5aa48fa81512221e70a11e) Importer(815301076,1909f56bfc062723c751e8b465ee728b) (PreviewImporter) -> (Import Result ID: 'b13314136bd8001e4285a11812a1b446') in 0.0202081 seconds [static and dynamic dependencies]. Details - ImportResultOutputID=4cc748332875c2b7261a8a0f925bf6ff DependenciesID=641547685071dc71f8fc90039c3b0e4e StaticDependenciesID=b8224595edd98ff4d705a3e4c0252ff2 
Number of updated asset objects reloaded before import = 0Number of asset objects unloaded after import = 2

========================================================================
Received Import Request.
  Time since last request: 0.000027 seconds.
  path: Packages/com.unity.2d.animation/Editor/Assets/EditorIcons/Dark/d_Parent_Bone@3x.png
  importAddress: Guid(ebda3a880d7c2f14999e6ef07ebbd37d) Importer(815301076,1909f56bfc062723c751e8b465ee728b)
Start importing Packages/com.unity.2d.animation/Editor/Assets/EditorIcons/Dark/d_Parent_Bone@3x.png using Guid(ebda3a880d7c2f14999e6ef07ebbd37d) Importer(815301076,1909f56bfc062723c751e8b465ee728b) (PreviewImporter) -> (Import Result ID: '4b3e83278846d67c2130b96c18180416') in 0.0195597 seconds [static and dynamic dependencies]. Details - ImportResultOutputID=a5eaf1dcf5719123429b2d4e8a909506 DependenciesID=be9540771dfea4fc8131639015274159 StaticDependenciesID=557c1dc019486de6cdf3a01682a122aa 
Number of updated asset objects reloaded before import = 0Number of asset objects unloaded after import = 3

========================================================================
Received Import Request.
  Time since last request: 0.000017 seconds.
  path: Packages/com.unity.2d.tilemap.extras/Editor/Brushes/RandomBrush/d_RandomBrush.png
  importAddress: Guid(441bdab385c714051a00808c9bfc1766) Importer(815301076,1909f56bfc062723c751e8b465ee728b)
Start importing Packages/com.unity.2d.tilemap.extras/Editor/Brushes/RandomBrush/d_RandomBrush.png using Guid(441bdab385c714051a00808c9bfc1766) Importer(815301076,1909f56bfc062723c751e8b465ee728b) (PreviewImporter) -> (Import Result ID: 'b23980da98ec010eb0f8f622f1effc94') in 0.021311 seconds [static and dynamic dependencies]. Details - ImportResultOutputID=eacc22a4ce23aaf64d66e730143bfd38 DependenciesID=0e8a674092876090f653ac47d0fda05c StaticDependenciesID=043f26eef14e91433ca740d1bcd6b881 
Number of updated asset objects reloaded before import = 0Number of asset objects unloaded after import = 3

========================================================================
Received Import Request.
  Time since last request: 0.000022 seconds.
  path: Packages/com.unity.render-pipelines.core/Editor/LookDev/Icons/d_renderdoc.png
  importAddress: Guid(cbe929948d88af7409a05054bc8187c7) Importer(815301076,1909f56bfc062723c751e8b465ee728b)
Start importing Packages/com.unity.render-pipelines.core/Editor/LookDev/Icons/d_renderdoc.png using Guid(cbe929948d88af7409a05054bc8187c7) Importer(815301076,1909f56bfc062723c751e8b465ee728b) (PreviewImporter) -> (Import Result ID: '8bf92657967d62b9f85be3a4c5f1fa73') in 0.0235572 seconds [static and dynamic dependencies]. Details - ImportResultOutputID=1c444ed28849d7b3264ceb8d39d7ab60 DependenciesID=d723ec33733190bde9122b0bfd523fcb StaticDependenciesID=f2632a1756f599a8742f235e0ad364f3 
Number of updated asset objects reloaded before import = 0Number of asset objects unloaded after import = 3

========================================================================
Received Import Request.
  Time since last request: 0.000017 seconds.
  path: Packages/com.unity.render-pipelines.core/Editor/Icons/MipLevels/RenderGraphViewer/d_Resources@16.png
  importAddress: Guid(2c62c65904d676c489198d40c731befe) Importer(815301076,1909f56bfc062723c751e8b465ee728b)
Start importing Packages/com.unity.render-pipelines.core/Editor/Icons/MipLevels/RenderGraphViewer/d_Resources@16.png using Guid(2c62c65904d676c489198d40c731befe) Importer(815301076,1909f56bfc062723c751e8b465ee728b) (PreviewImporter) -> (Import Result ID: '9af798f36ab4322bd6e4d75a847a26d4') in 0.0219762 seconds [static and dynamic dependencies]. Details - ImportResultOutputID=9926aa5c53a21043a429d49fd441b300 DependenciesID=fa6e8bd3bd0bcc339b167978a69eff54 StaticDependenciesID=57c1fb1b5ac22a503e66778228ef73ee 
Number of updated asset objects reloaded before import = 0Number of asset objects unloaded after import = 2

========================================================================
Received Import Request.
  Time since last request: 0.000021 seconds.
  path: Packages/com.unity.collab-proxy/Editor/Assets/Images/d_secondarytabclose.png
  importAddress: Guid(6975ee4c1f40caf4da8dd733ee2cfeaf) Importer(815301076,1909f56bfc062723c751e8b465ee728b)
Start importing Packages/com.unity.collab-proxy/Editor/Assets/Images/d_secondarytabclose.png using Guid(6975ee4c1f40caf4da8dd733ee2cfeaf) Importer(815301076,1909f56bfc062723c751e8b465ee728b) (PreviewImporter) -> (Import Result ID: '7d4eb212d543299f3047bd30c05ed05d') in 0.0203293 seconds [static and dynamic dependencies]. Details - ImportResultOutputID=2f1d12542eb87803798bd3f58ce62529 DependenciesID=12f232cbe164947069036b2f41dce8ba StaticDependenciesID=0649d1d3433332c256557fac2b488897 
Number of updated asset objects reloaded before import = 0Number of asset objects unloaded after import = 2

========================================================================
Received Import Request.
  Time since last request: 0.000027 seconds.
  path: Packages/com.unity.render-pipelines.core/Editor/Icons/MipLevels/RenderGraphViewer/d_PassInspector@16.png
  importAddress: Guid(179c26b8104e4a84bb9ba82aa6ec463b) Importer(815301076,1909f56bfc062723c751e8b465ee728b)
Start importing Packages/com.unity.render-pipelines.core/Editor/Icons/MipLevels/RenderGraphViewer/d_PassInspector@16.png using Guid(179c26b8104e4a84bb9ba82aa6ec463b) Importer(815301076,1909f56bfc062723c751e8b465ee728b) (PreviewImporter) -> (Import Result ID: '3a50230cb0dec106ed95e213599c8436') in 0.0185145 seconds [static and dynamic dependencies]. Details - ImportResultOutputID=561c07e69f51e56be6d05b79c9c569b5 DependenciesID=aeff533943bab1a88177dfb85a29ac6a StaticDependenciesID=8ec3844c5b308bc22667f5666a0d95e1 
Number of updated asset objects reloaded before import = 0Number of asset objects unloaded after import = 2

========================================================================
Received Import Request.
  Time since last request: 0.000022 seconds.
  path: Packages/com.unity.2d.animation/Editor/Assets/EditorIcons/Dark/d_Split Bones@4x.png
  importAddress: Guid(0bf67b4360dc1cd4caa0338c55219e9e) Importer(815301076,1909f56bfc062723c751e8b465ee728b)
Start importing Packages/com.unity.2d.animation/Editor/Assets/EditorIcons/Dark/d_Split Bones@4x.png using Guid(0bf67b4360dc1cd4caa0338c55219e9e) Importer(815301076,1909f56bfc062723c751e8b465ee728b) (PreviewImporter) -> (Import Result ID: 'fae0bd7edbf387042f3562856bd1a46d') in 0.0259246 seconds [static and dynamic dependencies]. Details - ImportResultOutputID=cacee89a500215d75ea8dd7c63f49694 DependenciesID=2427447c6a1c726d6c5d633bf21638ce StaticDependenciesID=67afd788f5ac039241b2c82985b2dbb0 
Number of updated asset objects reloaded before import = 0Number of asset objects unloaded after import = 3

========================================================================
Received Import Request.
  Time since last request: 0.000018 seconds.
  path: Packages/com.unity.render-pipelines.core/Editor/LookDev/Icons/d_Rotation@2x.png
  importAddress: Guid(db7aaa162a1a5a54b826d15b5b20fb06) Importer(815301076,1909f56bfc062723c751e8b465ee728b)
Start importing Packages/com.unity.render-pipelines.core/Editor/LookDev/Icons/d_Rotation@2x.png using Guid(db7aaa162a1a5a54b826d15b5b20fb06) Importer(815301076,1909f56bfc062723c751e8b465ee728b) (PreviewImporter) -> (Import Result ID: '7b75e92e6c6ab3d49703c997da46b553') in 0.0257658 seconds [static and dynamic dependencies]. Details - ImportResultOutputID=4da6d1b4276d23e1ed83b239edd8ad80 DependenciesID=8ffd3604cb0b7597834564b1a4844d3b StaticDependenciesID=31145ff184f566c5f9171971571e432e 
Number of updated asset objects reloaded before import = 0Number of asset objects unloaded after import = 3

========================================================================
Received Import Request.
  Time since last request: 0.000018 seconds.
  path: Packages/com.unity.2d.animation/Editor/Assets/EditorIcons/Dark/d_Sprite_Influence@3x.png
  importAddress: Guid(dd74e4fa4aa2947d6a14ab33d32d7c63) Importer(815301076,1909f56bfc062723c751e8b465ee728b)
Start importing Packages/com.unity.2d.animation/Editor/Assets/EditorIcons/Dark/d_Sprite_Influence@3x.png using Guid(dd74e4fa4aa2947d6a14ab33d32d7c63) Importer(815301076,1909f56bfc062723c751e8b465ee728b) (PreviewImporter) -> (Import Result ID: '02bd89fde2901885414b65253864184f') in 0.0227281 seconds [static and dynamic dependencies]. Details - ImportResultOutputID=90b2338268bfbf07feb3d06c5b2d87d3 DependenciesID=227e96e5b964582b9e9965b371c18612 StaticDependenciesID=ff74388a8ea2d0341d4f0c2b408fad00 
Number of updated asset objects reloaded before import = 0Number of asset objects unloaded after import = 3

========================================================================
Received Import Request.
  Time since last request: 0.000019 seconds.
  path: Packages/com.unity.2d.animation/Editor/Assets/EditorIcons/Dark/d_Split Bones@2x.png
  importAddress: Guid(afe7d261eb308984e95ffa8d883fc998) Importer(815301076,1909f56bfc062723c751e8b465ee728b)
Start importing Packages/com.unity.2d.animation/Editor/Assets/EditorIcons/Dark/d_Split Bones@2x.png using Guid(afe7d261eb308984e95ffa8d883fc998) Importer(815301076,1909f56bfc062723c751e8b465ee728b) (PreviewImporter) -> (Import Result ID: '688c4a84f39736b7e04d4bafb76685c0') in 0.0204924 seconds [static and dynamic dependencies]. Details - ImportResultOutputID=411d7de29b5982ecbd8ef428b8176645 DependenciesID=a667d9ba441b94e6a50b2b3de6eac6d0 StaticDependenciesID=46cb91942438234ec5521b4916bd8d0a 
Number of updated asset objects reloaded before import = 0Number of asset objects unloaded after import = 3

========================================================================
Received Import Request.
  Time since last request: 0.000036 seconds.
  path: Packages/com.unity.inputsystem/InputSystem/Editor/Icons/d_Position@3x.png
  importAddress: Guid(e1da124f7cbda41a4925397406076a42) Importer(815301076,1909f56bfc062723c751e8b465ee728b)
Start importing Packages/com.unity.inputsystem/InputSystem/Editor/Icons/d_Position@3x.png using Guid(e1da124f7cbda41a4925397406076a42) Importer(815301076,1909f56bfc062723c751e8b465ee728b) (PreviewImporter) -> (Import Result ID: '3c4a4cec0b5a7515131bb48e1ca0ee47') in 0.0184623 seconds [static and dynamic dependencies]. Details - ImportResultOutputID=ac47e7882c6c764aea70e1561fb644bd DependenciesID=45c3dd286dfea7360ff6d089cefa5141 StaticDependenciesID=ebf4ef75072941fc04dbaebe2b3a8922 
Number of updated asset objects reloaded before import = 0Number of asset objects unloaded after import = 2

========================================================================
Received Import Request.
  Time since last request: 0.000022 seconds.
  path: Packages/com.unity.multiplayer.center/Editor/MultiplayerCenterWindow/UI/Icons/d_PackageManager.png
  importAddress: Guid(1b4c88814ec6241eb8e327515399c006) Importer(815301076,1909f56bfc062723c751e8b465ee728b)
Start importing Packages/com.unity.multiplayer.center/Editor/MultiplayerCenterWindow/UI/Icons/d_PackageManager.png using Guid(1b4c88814ec6241eb8e327515399c006) Importer(815301076,1909f56bfc062723c751e8b465ee728b) (PreviewImporter) -> (Import Result ID: '1dd0e408a8129c61e82db530344cbd4b') in 0.016383 seconds [static and dynamic dependencies]. Details - ImportResultOutputID=41e62d8c2abab1550cf72308ac470e4c DependenciesID=caeba9bb80203064c45a761f356091ce StaticDependenciesID=77244dd91f2a5e969a48d7bfcca3e9b1 
Number of updated asset objects reloaded before import = 0Number of asset objects unloaded after import = 2

========================================================================
Received Import Request.
  Time since last request: 0.000015 seconds.
  path: Packages/com.unity.splines/Editor/Editor Resources/Icons/d_Tangent_Continuous On@2x.png
  importAddress: Guid(bb77b85668352d3488c1a957ed7509a1) Importer(815301076,1909f56bfc062723c751e8b465ee728b)
Start importing Packages/com.unity.splines/Editor/Editor Resources/Icons/d_Tangent_Continuous On@2x.png using Guid(bb77b85668352d3488c1a957ed7509a1) Importer(815301076,1909f56bfc062723c751e8b465ee728b) (PreviewImporter) -> (Import Result ID: 'd5cfb0658150a62d97e1bca74dcc1922') in 0.0190872 seconds [static and dynamic dependencies]. Details - ImportResultOutputID=ebe130bccf91ef5487d78dc635256931 DependenciesID=d3b6b47b15d9a857f0dc3dcdabaf043e StaticDependenciesID=274483a2fef04280d2417f33a4ddc5c4 
Number of updated asset objects reloaded before import = 0Number of asset objects unloaded after import = 2

========================================================================
Received Import Request.
  Time since last request: 0.000036 seconds.
  path: Packages/com.unity.splines/Editor/Editor Resources/Icons/d_Tangent_Linear@2x.png
  importAddress: Guid(e835be9bc0b39f640aaa4ac10f744f9f) Importer(815301076,1909f56bfc062723c751e8b465ee728b)
Start importing Packages/com.unity.splines/Editor/Editor Resources/Icons/d_Tangent_Linear@2x.png using Guid(e835be9bc0b39f640aaa4ac10f744f9f) Importer(815301076,1909f56bfc062723c751e8b465ee728b) (PreviewImporter) -> (Import Result ID: '51d540176c83852c8a1d4d84d107bb71') in 0.0154565 seconds [static and dynamic dependencies]. Details - ImportResultOutputID=bcbebf7bfb494046d6e6161f7cebe0c1 DependenciesID=255a159fe380213b9e10f381c480fcf5 StaticDependenciesID=00015751c404ee7194e349181551e1ab 
Number of updated asset objects reloaded before import = 0Number of asset objects unloaded after import = 2

========================================================================
Received Import Request.
  Time since last request: 0.000016 seconds.
  path: Packages/com.unity.2d.tilemap/Editor/Icons/d_Tilemap.EditPalette.png
  importAddress: Guid(84cd96391d8e912479adff56b3500191) Importer(815301076,1909f56bfc062723c751e8b465ee728b)
Start importing Packages/com.unity.2d.tilemap/Editor/Icons/d_Tilemap.EditPalette.png using Guid(84cd96391d8e912479adff56b3500191) Importer(815301076,1909f56bfc062723c751e8b465ee728b) (PreviewImporter) -> (Import Result ID: 'c5612c933308ee3e483c21e0ce824e0b') in 0.0202509 seconds [static and dynamic dependencies]. Details - ImportResultOutputID=97396cdfd9ceea7582f45e7092b9b969 DependenciesID=c073be954dae08a9a2272d49e5eba583 StaticDependenciesID=4241a13ee8c9eff98a645e747f0efd88 
Number of updated asset objects reloaded before import = 0Number of asset objects unloaded after import = 3

========================================================================
Received Import Request.
  Time since last request: 0.000026 seconds.
  path: Packages/com.unity.2d.animation/Editor/Assets/EditorIcons/Dark/d_Split_Edge@3x.png
  importAddress: Guid(03cb0f9b9d35a14499ccade97f1b3da1) Importer(815301076,1909f56bfc062723c751e8b465ee728b)
Start importing Packages/com.unity.2d.animation/Editor/Assets/EditorIcons/Dark/d_Split_Edge@3x.png using Guid(03cb0f9b9d35a14499ccade97f1b3da1) Importer(815301076,1909f56bfc062723c751e8b465ee728b) (PreviewImporter) -> (Import Result ID: '5a7a570dd5c5e1a2c8949f39f5c80bf2') in 0.0221088 seconds [static and dynamic dependencies]. Details - ImportResultOutputID=d246efc5666d889efde3b218ac4777b8 DependenciesID=4d9c7d98d2ac1fbe8a47086718359c65 StaticDependenciesID=15e3738cb62c180f74ddfaa23f96bb6b 
Number of updated asset objects reloaded before import = 0Number of asset objects unloaded after import = 3

========================================================================
Received Import Request.
  Time since last request: 0.000023 seconds.
  path: Packages/com.unity.2d.animation/Editor/Assets/EditorIcons/Dark/d_Parent_Bone.png
  importAddress: Guid(8b8fa969cc0cac04b97330905b3dd95b) Importer(815301076,1909f56bfc062723c751e8b465ee728b)
Start importing Packages/com.unity.2d.animation/Editor/Assets/EditorIcons/Dark/d_Parent_Bone.png using Guid(8b8fa969cc0cac04b97330905b3dd95b) Importer(815301076,1909f56bfc062723c751e8b465ee728b) (PreviewImporter) -> (Import Result ID: '51f9d7a8a66c303891317bd9f8385161') in 0.0221203 seconds [static and dynamic dependencies]. Details - ImportResultOutputID=d991da433ff2d18e70cb664fbce11d64 DependenciesID=f738f59f6dfd87ad419e5bbccb21bd69 StaticDependenciesID=c47924d79186e56ede147601787348fd 
Number of updated asset objects reloaded before import = 0Number of asset objects unloaded after import = 3

========================================================================
Received Import Request.
  Time since last request: 0.000022 seconds.
  path: Packages/com.unity.2d.tilemap/Editor/Icons/d_Tilemap.FocusNone@2x.png
  importAddress: Guid(479801e1f49ea2d4baf2b4c12f674bcb) Importer(815301076,1909f56bfc062723c751e8b465ee728b)
Start importing Packages/com.unity.2d.tilemap/Editor/Icons/d_Tilemap.FocusNone@2x.png using Guid(479801e1f49ea2d4baf2b4c12f674bcb) Importer(815301076,1909f56bfc062723c751e8b465ee728b) (PreviewImporter) -> (Import Result ID: 'cc69c73d1d50bd0ab7c530b505c77269') in 0.0247714 seconds [static and dynamic dependencies]. Details - ImportResultOutputID=dd9fc978e4be0eeead90dcd67b836f80 DependenciesID=64d6143fad1a734db6f094b99754914c StaticDependenciesID=3842689f17affc59ccdba3c61ad06abc 
Number of updated asset objects reloaded before import = 0Number of asset objects unloaded after import = 3

========================================================================
Received Import Request.
  Time since last request: 0.000020 seconds.
  path: Packages/com.unity.2d.tilemap/Editor/Icons/d_Tilemap.FocusTilemap@4x.png
  importAddress: Guid(dd62c99bd1ab0984da092d3ea327b733) Importer(815301076,1909f56bfc062723c751e8b465ee728b)
Start importing Packages/com.unity.2d.tilemap/Editor/Icons/d_Tilemap.FocusTilemap@4x.png using Guid(dd62c99bd1ab0984da092d3ea327b733) Importer(815301076,1909f56bfc062723c751e8b465ee728b) (PreviewImporter) -> (Import Result ID: 'cbbb118945ececfd8c69f781278dd9a6') in 0.0295172 seconds [static and dynamic dependencies]. Details - ImportResultOutputID=bad55780482f820531fecd2efa07a26e DependenciesID=298ece10b6f445d75d2bf7a12e19651e StaticDependenciesID=eb15191ca50754e5b836affd636b0321 
Number of updated asset objects reloaded before import = 0Number of asset objects unloaded after import = 3

========================================================================
Received Import Request.
  Time since last request: 0.000022 seconds.
  path: Packages/com.unity.splines/Editor/Editor Resources/Icons/d_ToolHandleParent.png
  importAddress: Guid(a922762599641445b9b96fc3bcafcf8b) Importer(815301076,1909f56bfc062723c751e8b465ee728b)
Start importing Packages/com.unity.splines/Editor/Editor Resources/Icons/d_ToolHandleParent.png using Guid(a922762599641445b9b96fc3bcafcf8b) Importer(815301076,1909f56bfc062723c751e8b465ee728b) (PreviewImporter) -> (Import Result ID: '2c7eb7a449f9cafc4ec2d1f4dc23b386') in 0.01857 seconds [static and dynamic dependencies]. Details - ImportResultOutputID=507efc4c965c5332bcbb45c7fab2e102 DependenciesID=991852d96daae6445db02623ff135bd0 StaticDependenciesID=3798e4b69cd112d884e67576cba7b258 
Number of updated asset objects reloaded before import = 0Number of asset objects unloaded after import = 2

========================================================================
Received Import Request.
  Time since last request: 0.000024 seconds.
  path: Packages/com.unity.timeline/Editor/StyleSheets/Images/Icons/d_TrackAvatarButtonEnabled@2x.png
  importAddress: Guid(fd12dbe3b63ae464f824b4a74c0e1766) Importer(815301076,1909f56bfc062723c751e8b465ee728b)
Start importing Packages/com.unity.timeline/Editor/StyleSheets/Images/Icons/d_TrackAvatarButtonEnabled@2x.png using Guid(fd12dbe3b63ae464f824b4a74c0e1766) Importer(815301076,1909f56bfc062723c751e8b465ee728b) (PreviewImporter) -> (Import Result ID: '1746498a313419950144ef82ba6df2c4') in 0.017198 seconds [static and dynamic dependencies]. Details - ImportResultOutputID=0522bf0e26f719aab00dc6a0b4f033f8 DependenciesID=9f10c547b59db60fde66a51e0a178cc6 StaticDependenciesID=28367b41d28f4c66d2b2b7146ad1c40b 
Number of updated asset objects reloaded before import = 0Number of asset objects unloaded after import = 2

========================================================================
Received Import Request.
  Time since last request: 0.000018 seconds.
  path: Packages/com.unity.render-pipelines.core/Editor/Lighting/Icons/d_LightPlacement_Icon On@128.png
  importAddress: Guid(89282aabe914d244b839ba4652477f23) Importer(815301076,1909f56bfc062723c751e8b465ee728b)
Start importing Packages/com.unity.render-pipelines.core/Editor/Lighting/Icons/d_LightPlacement_Icon On@128.png using Guid(89282aabe914d244b839ba4652477f23) Importer(815301076,1909f56bfc062723c751e8b465ee728b) (PreviewImporter) -> (Import Result ID: 'b180fb5478c1427e6c1497fe9d454240') in 0.0217966 seconds [static and dynamic dependencies]. Details - ImportResultOutputID=83fca4ba98a09ac14e57f2b3a5d238de DependenciesID=441f154652b26f37ffe94cfbf2d368fe StaticDependenciesID=4f50d3424e6f7f5981d521c118e84e12 
Number of updated asset objects reloaded before import = 0Number of asset objects unloaded after import = 2

========================================================================
Received Import Request.
  Time since last request: 0.000023 seconds.
  path: Packages/com.unity.timeline/Editor/StyleSheets/Images/Icons/d_TrackMarkerButtonDisabled.png
  importAddress: Guid(b3644a971cca0bd4eb357cb9aca4dde1) Importer(815301076,1909f56bfc062723c751e8b465ee728b)
Start importing Packages/com.unity.timeline/Editor/StyleSheets/Images/Icons/d_TrackMarkerButtonDisabled.png using Guid(b3644a971cca0bd4eb357cb9aca4dde1) Importer(815301076,1909f56bfc062723c751e8b465ee728b) (PreviewImporter) -> (Import Result ID: 'c7cb6a35a09800c66e0081dae61052f3') in 0.0206614 seconds [static and dynamic dependencies]. Details - ImportResultOutputID=c220e5bbde5633b5522bef58dda193a7 DependenciesID=f78c3953fe4954c3d8cbfb1807ab4c99 StaticDependenciesID=5fa0cfd5c88d57e98e54328f2e1ef29f 
Number of updated asset objects reloaded before import = 0Number of asset objects unloaded after import = 2

========================================================================
Received Import Request.
  Time since last request: 0.000019 seconds.
  path: Packages/com.unity.timeline/Editor/StyleSheets/Images/Icons/d_TrackMuteButtonDisabled.png
  importAddress: Guid(6ab002208ec290544b44bc263dc58a95) Importer(815301076,1909f56bfc062723c751e8b465ee728b)
Start importing Packages/com.unity.timeline/Editor/StyleSheets/Images/Icons/d_TrackMuteButtonDisabled.png using Guid(6ab002208ec290544b44bc263dc58a95) Importer(815301076,1909f56bfc062723c751e8b465ee728b) (PreviewImporter) -> (Import Result ID: '38afea31f12dd3c3dfe30dcc77f457bf') in 0.0183691 seconds [static and dynamic dependencies]. Details - ImportResultOutputID=2459b55869442760372eac4325eda1a4 DependenciesID=f988044c19d50feefc6a791a956d6971 StaticDependenciesID=f215973b96f49b7254dcee7e7b71c4e8 
Number of updated asset objects reloaded before import = 0Number of asset objects unloaded after import = 2

========================================================================
Received Import Request.
  Time since last request: 0.000022 seconds.
  path: Packages/com.unity.2d.animation/Editor/Assets/EditorIcons/Dark/d_Parent_Bone@2x.png
  importAddress: Guid(1038032ed9d668e438d3f97dd8014cbb) Importer(815301076,1909f56bfc062723c751e8b465ee728b)
Start importing Packages/com.unity.2d.animation/Editor/Assets/EditorIcons/Dark/d_Parent_Bone@2x.png using Guid(1038032ed9d668e438d3f97dd8014cbb) Importer(815301076,1909f56bfc062723c751e8b465ee728b) (PreviewImporter) -> (Import Result ID: '79d944b355dfb766b0799311736a4675') in 0.0283751 seconds [static and dynamic dependencies]. Details - ImportResultOutputID=a8249b0a1b8634dba0773084119c2728 DependenciesID=5ceece5a71672e3bf321e38446a3c61c StaticDependenciesID=cc9ce90c1dfb280b4b2ceec4245a069f 
Number of updated asset objects reloaded before import = 0Number of asset objects unloaded after import = 3

========================================================================
Received Import Request.
  Time since last request: 0.000055 seconds.
  path: Packages/com.unity.inputsystem/InputSystem/Editor/Icons/d_Joystick@3x.png
  importAddress: Guid(fcaa0d99df7c74f52afaa17a375dd393) Importer(815301076,1909f56bfc062723c751e8b465ee728b)
Start importing Packages/com.unity.inputsystem/InputSystem/Editor/Icons/d_Joystick@3x.png using Guid(fcaa0d99df7c74f52afaa17a375dd393) Importer(815301076,1909f56bfc062723c751e8b465ee728b) (PreviewImporter) -> (Import Result ID: '4643dc9815f6e8c0cb99dd451276eaff') in 0.0243059 seconds [static and dynamic dependencies]. Details - ImportResultOutputID=ce565e2c3ac5f6ed2e0e15a38b1a096c DependenciesID=bd2fe501dbffaefe126a3170bd1cc8ab StaticDependenciesID=16522d4d656693e603bd6f7ad8f44a5a 
Number of updated asset objects reloaded before import = 0Number of asset objects unloaded after import = 2

========================================================================
Received Import Request.
  Time since last request: 0.000022 seconds.
  path: Packages/com.unity.collab-proxy/Editor/Assets/Images/d_step3@2x.png
  importAddress: Guid(c9ed6d6ea2f9657409bfa068d4846139) Importer(815301076,1909f56bfc062723c751e8b465ee728b)
Start importing Packages/com.unity.collab-proxy/Editor/Assets/Images/d_step3@2x.png using Guid(c9ed6d6ea2f9657409bfa068d4846139) Importer(815301076,1909f56bfc062723c751e8b465ee728b) (PreviewImporter) -> (Import Result ID: 'e2842ab3f22f9106acf72e47e8306d20') in 0.0251495 seconds [static and dynamic dependencies]. Details - ImportResultOutputID=078e1643627319429c87ffb81f40008b DependenciesID=a44891de011d7a949872548cb0fcbfaf StaticDependenciesID=a25a0ee0aa810f36267845003606fef0 
Number of updated asset objects reloaded before import = 0Number of asset objects unloaded after import = 2

========================================================================
Received Import Request.
  Time since last request: 0.000020 seconds.
  path: Packages/com.unity.timeline/Editor/StyleSheets/Images/Icons/d_TimelineSelector.png
  importAddress: Guid(06bf6150656339941aa98e175a995445) Importer(815301076,1909f56bfc062723c751e8b465ee728b)
Start importing Packages/com.unity.timeline/Editor/StyleSheets/Images/Icons/d_TimelineSelector.png using Guid(06bf6150656339941aa98e175a995445) Importer(815301076,1909f56bfc062723c751e8b465ee728b) (PreviewImporter) -> (Import Result ID: '1252bc0da727bd763e96c47345388a48') in 0.020407 seconds [static and dynamic dependencies]. Details - ImportResultOutputID=1050257a074d453c7514a743b6f37594 DependenciesID=31bff6e6532c66b98c59118714060985 StaticDependenciesID=67f8a4daa538c680e1f53a6c14d8e348 
Number of updated asset objects reloaded before import = 0Number of asset objects unloaded after import = 2

========================================================================
Received Import Request.
  Time since last request: 0.000023 seconds.
  path: Packages/com.unity.collab-proxy/Editor/Assets/Images/d_iconplasticnotifyincoming@2x.png
  importAddress: Guid(c5fc116b3271b5947808130b2212cd60) Importer(815301076,1909f56bfc062723c751e8b465ee728b)
Start importing Packages/com.unity.collab-proxy/Editor/Assets/Images/d_iconplasticnotifyincoming@2x.png using Guid(c5fc116b3271b5947808130b2212cd60) Importer(815301076,1909f56bfc062723c751e8b465ee728b) (PreviewImporter) -> (Import Result ID: 'e5c1ea7e2f4d914bd7416f1a360feed7') in 0.0201436 seconds [static and dynamic dependencies]. Details - ImportResultOutputID=5247d7c6c4e9e075ed83ee3c39b05a3b DependenciesID=e650d9d1fb5b819d039727cc6d977cc4 StaticDependenciesID=3ae31c6e7c93c98b2191583c95a18f50 
Number of updated asset objects reloaded before import = 0Number of asset objects unloaded after import = 2

========================================================================
Received Import Request.
  Time since last request: 0.000059 seconds.
  path: Packages/com.unity.render-pipelines.core/Editor/Icons/MipLevels/d_RenderPipelineResources@32.png
  importAddress: Guid(4c30e5cf9793c0044a32b7aadd4f6f5e) Importer(815301076,1909f56bfc062723c751e8b465ee728b)
Start importing Packages/com.unity.render-pipelines.core/Editor/Icons/MipLevels/d_RenderPipelineResources@32.png using Guid(4c30e5cf9793c0044a32b7aadd4f6f5e) Importer(815301076,1909f56bfc062723c751e8b465ee728b) (PreviewImporter) -> (Import Result ID: '93c5dd727a9ba480e4b7a8d300e780dd') in 0.0241974 seconds [static and dynamic dependencies]. Details - ImportResultOutputID=24f700f6b9d6ac244a74e34981fe58a3 DependenciesID=bc542b3d43e4d69dfcf341c18e7ad441 StaticDependenciesID=ac99a5d144bea6cf4d345699efb931d9 
Number of updated asset objects reloaded before import = 0Number of asset objects unloaded after import = 2

========================================================================
Received Import Request.
  Time since last request: 0.000039 seconds.
  path: Packages/com.unity.inputsystem/InputSystem/Editor/Icons/d_Touch@3x.png
  importAddress: Guid(e77ee65b5139048949dc0ac5614efeec) Importer(815301076,1909f56bfc062723c751e8b465ee728b)
Start importing Packages/com.unity.inputsystem/InputSystem/Editor/Icons/d_Touch@3x.png using Guid(e77ee65b5139048949dc0ac5614efeec) Importer(815301076,1909f56bfc062723c751e8b465ee728b) (PreviewImporter) -> (Import Result ID: 'ebabe707a13a4fd8a81a611dce65ff87') in 0.0205932 seconds [static and dynamic dependencies]. Details - ImportResultOutputID=ee53901689cfc2da5c11bcef6ea13476 DependenciesID=5150265a3ec5b3bc94e45f6edb886eda StaticDependenciesID=aff97a3cf7c65f5499574960ac9db6be 
Number of updated asset objects reloaded before import = 0Number of asset objects unloaded after import = 2

========================================================================
Received Import Request.
  Time since last request: 0.000028 seconds.
  path: Packages/com.unity.2d.animation/Editor/Assets/EditorIcons/Dark/d_character_Mode@4x.png
  importAddress: Guid(395f6b9556f14704790df6035be6ee3a) Importer(815301076,1909f56bfc062723c751e8b465ee728b)
Start importing Packages/com.unity.2d.animation/Editor/Assets/EditorIcons/Dark/d_character_Mode@4x.png using Guid(395f6b9556f14704790df6035be6ee3a) Importer(815301076,1909f56bfc062723c751e8b465ee728b) (PreviewImporter) -> (Import Result ID: '9ee64a2369636ed7c29fec6fdd861d7a') in 0.02175 seconds [static and dynamic dependencies]. Details - ImportResultOutputID=f299dba482262f828e9d134a736830ac DependenciesID=5e0cc214f20e5237ae7470b7c4135aca StaticDependenciesID=e132b4f34213660a2b210dac52835860 
Number of updated asset objects reloaded before import = 0Number of asset objects unloaded after import = 3

========================================================================
Received Import Request.
  Time since last request: 0.000023 seconds.
  path: Packages/com.unity.timeline/Editor/StyleSheets/Images/Icons/d_TrackRecordButtonEnabled@2x.png
  importAddress: Guid(0f1c9a12872a30f45bab34f536332bb3) Importer(815301076,1909f56bfc062723c751e8b465ee728b)
Start importing Packages/com.unity.timeline/Editor/StyleSheets/Images/Icons/d_TrackRecordButtonEnabled@2x.png using Guid(0f1c9a12872a30f45bab34f536332bb3) Importer(815301076,1909f56bfc062723c751e8b465ee728b) (PreviewImporter) -> (Import Result ID: '0e4e8b03b78334a0c842268f5ad7e48b') in 0.0228517 seconds [static and dynamic dependencies]. Details - ImportResultOutputID=e8c18dd80b11397acfc3cfb9d864f43b DependenciesID=58a5e674fbaadf6866ff5ceb6277f910 StaticDependenciesID=227bbfe01c1a5fdacfaf4e89debf1758 
Number of updated asset objects reloaded before import = 0Number of asset objects unloaded after import = 2

========================================================================
Received Import Request.
  Time since last request: 0.000023 seconds.
  path: Packages/com.unity.2d.animation/Editor/Assets/EditorIcons/Dark/d_Sprite_Mode@3x.png
  importAddress: Guid(6027031a7453da24f95d0af9a2308c52) Importer(815301076,1909f56bfc062723c751e8b465ee728b)
Start importing Packages/com.unity.2d.animation/Editor/Assets/EditorIcons/Dark/d_Sprite_Mode@3x.png using Guid(6027031a7453da24f95d0af9a2308c52) Importer(815301076,1909f56bfc062723c751e8b465ee728b) (PreviewImporter) -> (Import Result ID: '277db4c9b888ed603bfb9d807ebe7215') in 0.0278033 seconds [static and dynamic dependencies]. Details - ImportResultOutputID=21f6fe165f37098e008e408275d332cb DependenciesID=0d4ef445e195198fb83282ddec25e515 StaticDependenciesID=83070e369ca17853ace1616b079d40d5 
Number of updated asset objects reloaded before import = 0Number of asset objects unloaded after import = 3

========================================================================
Received Import Request.
  Time since last request: 0.000029 seconds.
  path: Packages/com.unity.2d.animation/Editor/Assets/EditorIcons/Dark/d_Split_Edge@2x.png
  importAddress: Guid(22fade1e2426f684a9c315c974f50d18) Importer(815301076,1909f56bfc062723c751e8b465ee728b)
Start importing Packages/com.unity.2d.animation/Editor/Assets/EditorIcons/Dark/d_Split_Edge@2x.png using Guid(22fade1e2426f684a9c315c974f50d18) Importer(815301076,1909f56bfc062723c751e8b465ee728b) (PreviewImporter) -> (Import Result ID: '17de3b76b9ee94a6fbe5263109026ba2') in 0.0307904 seconds [static and dynamic dependencies]. Details - ImportResultOutputID=863abcdd75153b8ace672a7f34a22540 DependenciesID=18001087917d8f3a3870243b3a37aac5 StaticDependenciesID=24b8272bb5202fc3700447085d223881 
Number of updated asset objects reloaded before import = 0Number of asset objects unloaded after import = 3

========================================================================
Received Import Request.
  Time since last request: 0.000035 seconds.
  path: Packages/com.unity.timeline/Editor/StyleSheets/Images/Icons/d_TrackMuteButtonEnabled.png
  importAddress: Guid(ac5017dfbeee42347b3b45ecc572674e) Importer(815301076,1909f56bfc062723c751e8b465ee728b)
Start importing Packages/com.unity.timeline/Editor/StyleSheets/Images/Icons/d_TrackMuteButtonEnabled.png using Guid(ac5017dfbeee42347b3b45ecc572674e) Importer(815301076,1909f56bfc062723c751e8b465ee728b) (PreviewImporter) -> (Import Result ID: 'a1c25600db3f81b57a84d96b2a9b8f40') in 0.0208461 seconds [static and dynamic dependencies]. Details - ImportResultOutputID=6d9003180f7931b609a93b15da856478 DependenciesID=437c90455c6fc98ef291daab5786d7c2 StaticDependenciesID=0855e9bdb5be3fbba957c563453a2a84 
Number of updated asset objects reloaded before import = 0Number of asset objects unloaded after import = 2

========================================================================
Received Import Request.
  Time since last request: 0.000023 seconds.
  path: Packages/com.unity.splines/Editor/Editor Resources/Icons/d_Tangent_Linear On.png
  importAddress: Guid(63d6e4c877b21dc4d8ab48925ba1ad41) Importer(815301076,1909f56bfc062723c751e8b465ee728b)
Start importing Packages/com.unity.splines/Editor/Editor Resources/Icons/d_Tangent_Linear On.png using Guid(63d6e4c877b21dc4d8ab48925ba1ad41) Importer(815301076,1909f56bfc062723c751e8b465ee728b) (PreviewImporter) -> (Import Result ID: '636f841a5d570d6d1efea4225a8b20b9') in 0.0219793 seconds [static and dynamic dependencies]. Details - ImportResultOutputID=304eba4addf3f9b9b29aa316a105e6cb DependenciesID=b159f87e82c0d89f25f2ae43feae5db4 StaticDependenciesID=224e7828ba01a13927d3f2b78579b735 
Number of updated asset objects reloaded before import = 0Number of asset objects unloaded after import = 2

========================================================================
Received Import Request.
  Time since last request: 0.000034 seconds.
  path: Packages/com.unity.render-pipelines.core/Editor/LookDev/Icons/d_SunPosition.png
  importAddress: Guid(cc99218b39d91f84e9a26fac406c07e7) Importer(815301076,1909f56bfc062723c751e8b465ee728b)
Start importing Packages/com.unity.render-pipelines.core/Editor/LookDev/Icons/d_SunPosition.png using Guid(cc99218b39d91f84e9a26fac406c07e7) Importer(815301076,1909f56bfc062723c751e8b465ee728b) (PreviewImporter) -> (Import Result ID: '426d279c7db9890114aae285f2f0b3b6') in 0.0334485 seconds [static and dynamic dependencies]. Details - ImportResultOutputID=ef300b84b127281d3a045d920bce26f6 DependenciesID=9ad0f02ac08b72b5d288880233856278 StaticDependenciesID=11757aa4b2714d231066eb34e240504a 
Number of updated asset objects reloaded before import = 0Number of asset objects unloaded after import = 3

========================================================================
Received Import Request.
  Time since last request: 0.000030 seconds.
  path: Packages/com.unity.timeline/Editor/StyleSheets/Images/Icons/d_TrackLockButtonDisabled@2x.png
  importAddress: Guid(6f0b77e050cdb12478ed9514b3a0e40e) Importer(815301076,1909f56bfc062723c751e8b465ee728b)
Start importing Packages/com.unity.timeline/Editor/StyleSheets/Images/Icons/d_TrackLockButtonDisabled@2x.png using Guid(6f0b77e050cdb12478ed9514b3a0e40e) Importer(815301076,1909f56bfc062723c751e8b465ee728b) (PreviewImporter) -> (Import Result ID: 'd7efa8ef116f0c6ad099bb3e95805175') in 0.02147 seconds [static and dynamic dependencies]. Details - ImportResultOutputID=0b348b60422087f0c4ba34cde83e871e DependenciesID=4784389145bf910d771072edccb8e41e StaticDependenciesID=6867d96edbad3568ce4ca745b616a142 
Number of updated asset objects reloaded before import = 0Number of asset objects unloaded after import = 2

========================================================================
Received Import Request.
  Time since last request: 0.000034 seconds.
  path: Packages/com.unity.collab-proxy/Editor/Assets/Images/d_step3.png
  importAddress: Guid(46930b20180b59e46b73494adf53abbb) Importer(815301076,1909f56bfc062723c751e8b465ee728b)
Start importing Packages/com.unity.collab-proxy/Editor/Assets/Images/d_step3.png using Guid(46930b20180b59e46b73494adf53abbb) Importer(815301076,1909f56bfc062723c751e8b465ee728b) (PreviewImporter) -> (Import Result ID: '77c3dd7380cbdf5b06fde0da30cc36b3') in 0.0229933 seconds [static and dynamic dependencies]. Details - ImportResultOutputID=c31fc8b82be82140cf58accd3c56cf36 DependenciesID=2e7c0a8e41851c3ac2eb93764665ac55 StaticDependenciesID=278518ae2fc0c7baee928ef7f3849037 
Number of updated asset objects reloaded before import = 0Number of asset objects unloaded after import = 2

========================================================================
Received Import Request.
  Time since last request: 0.000024 seconds.
  path: Packages/com.unity.render-pipelines.core/Editor/Lighting/Icons/LightUnitIcons/d_MoonlessNight.png
  importAddress: Guid(71cd3069e265067478f8e99589235fd6) Importer(815301076,1909f56bfc062723c751e8b465ee728b)
Start importing Packages/com.unity.render-pipelines.core/Editor/Lighting/Icons/LightUnitIcons/d_MoonlessNight.png using Guid(71cd3069e265067478f8e99589235fd6) Importer(815301076,1909f56bfc062723c751e8b465ee728b) (PreviewImporter) -> (Import Result ID: '5cbe49c658cfaeb7ee02862300fbae85') in 0.0327388 seconds [static and dynamic dependencies]. Details - ImportResultOutputID=2ef99534b6a251c8725d74c0eebad0f0 DependenciesID=b61bef064eb999575b59e4e27b582139 StaticDependenciesID=428514b0694731126e45ef520c569ebc 
Number of updated asset objects reloaded before import = 0Number of asset objects unloaded after import = 2

========================================================================
Received Import Request.
  Time since last request: 0.000022 seconds.
  path: Packages/com.unity.collab-proxy/Editor/Assets/Images/d_loading@2x.png
  importAddress: Guid(7ee48c5fba4919649a8a6094cbead669) Importer(815301076,1909f56bfc062723c751e8b465ee728b)
Start importing Packages/com.unity.collab-proxy/Editor/Assets/Images/d_loading@2x.png using Guid(7ee48c5fba4919649a8a6094cbead669) Importer(815301076,1909f56bfc062723c751e8b465ee728b) (PreviewImporter) -> (Import Result ID: 'e52f3aa01fbaec367fb42ad74e878874') in 0.0257816 seconds [static and dynamic dependencies]. Details - ImportResultOutputID=2dd500974ec15f33bff230e93271875d DependenciesID=7bff38d18c41f8517d8212ecaf7c43ae StaticDependenciesID=ce09ba498b3dfc7d6687a3eb8a169ae5 
Number of updated asset objects reloaded before import = 0Number of asset objects unloaded after import = 2

========================================================================
Received Import Request.
  Time since last request: 0.000023 seconds.
  path: Packages/com.unity.2d.animation/Editor/Assets/EditorIcons/Dark/d_Split_Edge@4x.png
  importAddress: Guid(ed130aac49764ad4f9d35454c297b75a) Importer(815301076,1909f56bfc062723c751e8b465ee728b)
Start importing Packages/com.unity.2d.animation/Editor/Assets/EditorIcons/Dark/d_Split_Edge@4x.png using Guid(ed130aac49764ad4f9d35454c297b75a) Importer(815301076,1909f56bfc062723c751e8b465ee728b) (PreviewImporter) -> (Import Result ID: 'b336f81afb7a88daa82bfa985ac9ea60') in 0.0301869 seconds [static and dynamic dependencies]. Details - ImportResultOutputID=b2407c981eb4ce5f6dc0bd92cc9f58a6 DependenciesID=cf45991042b8397eacf02b9d74be56e5 StaticDependenciesID=4f124a4ea1ace7392e7d4014bcdc7e13 
Number of updated asset objects reloaded before import = 0Number of asset objects unloaded after import = 3

========================================================================
Received Import Request.
  Time since last request: 0.000040 seconds.
  path: Packages/com.unity.2d.animation/Editor/Assets/EditorIcons/Dark/d_Locked@2x.png
  importAddress: Guid(7413e47d65010fa4386b2cb8e5c3c0c1) Importer(815301076,1909f56bfc062723c751e8b465ee728b)
Start importing Packages/com.unity.2d.animation/Editor/Assets/EditorIcons/Dark/d_Locked@2x.png using Guid(7413e47d65010fa4386b2cb8e5c3c0c1) Importer(815301076,1909f56bfc062723c751e8b465ee728b) (PreviewImporter) -> (Import Result ID: '132cc35e4f93dd8e3162c0634b823c0b') in 0.0252444 seconds [static and dynamic dependencies]. Details - ImportResultOutputID=a804c4a02a2bf76de9b861fde2853923 DependenciesID=38b4140f211d939e979edb312425a4f3 StaticDependenciesID=653da3ad32a56a768b700b200f408a72 
Number of updated asset objects reloaded before import = 0Number of asset objects unloaded after import = 3

========================================================================
Received Import Request.
  Time since last request: 0.000019 seconds.
  path: Packages/com.unity.2d.tilemap.extras/Editor/Brushes/LineBrush/d_LineBrush@2x.png
  importAddress: Guid(fa52298efb877496ab068b8298f7f6aa) Importer(815301076,1909f56bfc062723c751e8b465ee728b)
Start importing Packages/com.unity.2d.tilemap.extras/Editor/Brushes/LineBrush/d_LineBrush@2x.png using Guid(fa52298efb877496ab068b8298f7f6aa) Importer(815301076,1909f56bfc062723c751e8b465ee728b) (PreviewImporter) -> (Import Result ID: '47f5f378628df367ec647d3e484c9cc2') in 0.0280309 seconds [static and dynamic dependencies]. Details - ImportResultOutputID=3433785af2510483079c68fdb7ef0d36 DependenciesID=9d2a04e57da19c2acc1a1bb175350026 StaticDependenciesID=442fc843c77de660392fda1b5fb53ca0 
Number of updated asset objects reloaded before import = 0Number of asset objects unloaded after import = 3

========================================================================
Received Import Request.
  Time since last request: 0.000024 seconds.
  path: Packages/com.unity.splines/Editor/Editor Resources/Icons/d_Tangent_Continuous On.png
  importAddress: Guid(efc4142e9b4b1a140a5c029f15ca125f) Importer(815301076,1909f56bfc062723c751e8b465ee728b)
Start importing Packages/com.unity.splines/Editor/Editor Resources/Icons/d_Tangent_Continuous On.png using Guid(efc4142e9b4b1a140a5c029f15ca125f) Importer(815301076,1909f56bfc062723c751e8b465ee728b) (PreviewImporter) -> (Import Result ID: '3a25b3b7d25b81ef2a54605ff0b8a6bc') in 0.0252841 seconds [static and dynamic dependencies]. Details - ImportResultOutputID=e3a9bbaca4ee7285a9dcb17c357e6bd4 DependenciesID=6b412c9a230ec75d291371f1324b35ee StaticDependenciesID=885cdad9ee51e8ccee7a67097938b844 
Number of updated asset objects reloaded before import = 0Number of asset objects unloaded after import = 2

========================================================================
Received Import Request.
  Time since last request: 0.000033 seconds.
  path: Packages/com.unity.splines/Editor/Editor Resources/Icons/d_ToolHandleElement@2x.png
  importAddress: Guid(21b205c8578d34e648f27dd6e19b5c9c) Importer(815301076,1909f56bfc062723c751e8b465ee728b)
Start importing Packages/com.unity.splines/Editor/Editor Resources/Icons/d_ToolHandleElement@2x.png using Guid(21b205c8578d34e648f27dd6e19b5c9c) Importer(815301076,1909f56bfc062723c751e8b465ee728b) (PreviewImporter) -> (Import Result ID: '9ef21e42e2618dfa660127a3dc298659') in 0.0194148 seconds [static and dynamic dependencies]. Details - ImportResultOutputID=97fc13542b9329c001bf43dc2eeadda9 DependenciesID=93e4c3b7dd8ec5482fe496e3580b89c3 StaticDependenciesID=1e2a8b5868ecea5bf31bb0fa99aa956a 
Number of updated asset objects reloaded before import = 0Number of asset objects unloaded after import = 2

========================================================================
Received Import Request.
  Time since last request: 0.000029 seconds.
  path: Packages/com.unity.2d.animation/Editor/Assets/EditorIcons/Dark/d_Bone.png
  importAddress: Guid(fc2eaf4b0441b7645960252182c27446) Importer(815301076,1909f56bfc062723c751e8b465ee728b)
Start importing Packages/com.unity.2d.animation/Editor/Assets/EditorIcons/Dark/d_Bone.png using Guid(fc2eaf4b0441b7645960252182c27446) Importer(815301076,1909f56bfc062723c751e8b465ee728b) (PreviewImporter) -> (Import Result ID: '612f8a6f4e5aab87f8784a466f9de0b0') in 0.0487896 seconds [static and dynamic dependencies]. Details - ImportResultOutputID=54490deb3965c504353d9ebffa99f6de DependenciesID=a9611a86c5ba3e63ac1af030429983ee StaticDependenciesID=2d18107c6fc2576916e3d2e328f6a6cc 
Number of updated asset objects reloaded before import = 0Number of asset objects unloaded after import = 3

========================================================================
Received Import Request.
  Time since last request: 0.000031 seconds.
  path: Packages/com.unity.splines/Editor/Editor Resources/Icons/d_AutoSmoothKnot On.png
  importAddress: Guid(67f8499b5fecb4d56acff5d9ff6e15bf) Importer(815301076,1909f56bfc062723c751e8b465ee728b)
Start importing Packages/com.unity.splines/Editor/Editor Resources/Icons/d_AutoSmoothKnot On.png using Guid(67f8499b5fecb4d56acff5d9ff6e15bf) Importer(815301076,1909f56bfc062723c751e8b465ee728b) (PreviewImporter) -> (Import Result ID: '568e40d55a5e3d454e35db9419ce646a') in 0.0085963 seconds [static and dynamic dependencies]. Details - ImportResultOutputID=53ed2bbb5843754a9d15c23bf80e9133 DependenciesID=64c4b93eb0ad5ce3255b8b09143a65dc StaticDependenciesID=0f7e93a2f521af075fde117363048311 
Number of updated asset objects reloaded before import = 0Number of asset objects unloaded after import = 2

========================================================================
Received Import Request.
  Time since last request: 0.000025 seconds.
  path: Packages/com.unity.splines/Editor/Editor Resources/Icons/d_ToolHandleElement.png
  importAddress: Guid(ef6290eaad7c44a918886c5d1995a421) Importer(815301076,1909f56bfc062723c751e8b465ee728b)
Start importing Packages/com.unity.splines/Editor/Editor Resources/Icons/d_ToolHandleElement.png using Guid(ef6290eaad7c44a918886c5d1995a421) Importer(815301076,1909f56bfc062723c751e8b465ee728b) (PreviewImporter) -> (Import Result ID: '5825875ac57dcef6be118221c1607db7') in 0.02464 seconds [static and dynamic dependencies]. Details - ImportResultOutputID=4397e550d46e961aeb72a2cc5e89d4aa DependenciesID=a394c823cef16cc71e5c23e79869c252 StaticDependenciesID=f20cba7367440bb33f0446e65f5ef8d4 
Number of updated asset objects reloaded before import = 0Number of asset objects unloaded after import = 2

========================================================================
Received Import Request.
  Time since last request: 0.000089 seconds.
  path: Packages/com.unity.2d.animation/Editor/Assets/ComponentIcons/d_Animation.SpriteSkin.asset
  importAddress: Guid(41ba21739e79d42819811459918315b2) Importer(815301076,1909f56bfc062723c751e8b465ee728b)
Start importing Packages/com.unity.2d.animation/Editor/Assets/ComponentIcons/d_Animation.SpriteSkin.asset using Guid(41ba21739e79d42819811459918315b2) Importer(815301076,1909f56bfc062723c751e8b465ee728b) (PreviewImporter) -> (Import Result ID: 'add355106d0efc82726ca806ae356f09') in 0.0269682 seconds [static and dynamic dependencies]. Details - ImportResultOutputID=d21f05575589f43f30bda5226c190f3c DependenciesID=91d3ccfedd43f456a1f85c60191d9117 StaticDependenciesID=904078132288f4c5f67d2a950ed776a5 
Number of updated asset objects reloaded before import = 0Number of asset objects unloaded after import = 2

========================================================================
Received Import Request.
  Time since last request: 0.000025 seconds.
  path: Packages/com.unity.inputsystem/InputSystem/Editor/Icons/d_Touch@2x.png
  importAddress: Guid(ceaa885da02f84da195f87de12535da6) Importer(815301076,1909f56bfc062723c751e8b465ee728b)
Start importing Packages/com.unity.inputsystem/InputSystem/Editor/Icons/d_Touch@2x.png using Guid(ceaa885da02f84da195f87de12535da6) Importer(815301076,1909f56bfc062723c751e8b465ee728b) (PreviewImporter) -> (Import Result ID: 'd96407736bd5e1803782ab13319823f7') in 0.0318725 seconds [static and dynamic dependencies]. Details - ImportResultOutputID=1b44d9fb9a5db16bd4f7f33dc45c0046 DependenciesID=67cf0d3e745174268fd9bad94d9a382c StaticDependenciesID=59d050b9f5f6c6ecd148a67c3ca2ebf4 
Number of updated asset objects reloaded before import = 0Number of asset objects unloaded after import = 2

========================================================================
Received Import Request.
  Time since last request: 0.000024 seconds.
  path: Packages/com.unity.splines/Editor/Editor Resources/Icons/d_SplineContext.png
  importAddress: Guid(e566554616ca9a13a89d5af56bb7a8e6) Importer(815301076,1909f56bfc062723c751e8b465ee728b)
Start importing Packages/com.unity.splines/Editor/Editor Resources/Icons/d_SplineContext.png using Guid(e566554616ca9a13a89d5af56bb7a8e6) Importer(815301076,1909f56bfc062723c751e8b465ee728b) (PreviewImporter) -> (Import Result ID: 'f8de0acabcea3af5f98937fb06697d36') in 0.022381 seconds [static and dynamic dependencies]. Details - ImportResultOutputID=60d1512f4993bacca2ae0d0f29bc525e DependenciesID=406acfbb1d48eddfca53c1341a943c2d StaticDependenciesID=bb56a997ce61512b1fca8e0909e840e6 
Number of updated asset objects reloaded before import = 0Number of asset objects unloaded after import = 2

========================================================================
Received Import Request.
  Time since last request: 0.000046 seconds.
  path: Packages/com.unity.collab-proxy/Editor/Assets/Images/d_step1@2x.png
  importAddress: Guid(c8a69ecdf54ac8e4b873466605de27ff) Importer(815301076,1909f56bfc062723c751e8b465ee728b)
Start importing Packages/com.unity.collab-proxy/Editor/Assets/Images/d_step1@2x.png using Guid(c8a69ecdf54ac8e4b873466605de27ff) Importer(815301076,1909f56bfc062723c751e8b465ee728b) (PreviewImporter) -> (Import Result ID: '5ac1a658b403724340d029e6b27e5b26') in 0.0292839 seconds [static and dynamic dependencies]. Details - ImportResultOutputID=0b7ab5d38734956304af3d48925aa3f3 DependenciesID=8588320919ad68487a9905d6d36ddf00 StaticDependenciesID=83de3813606dd4bbe0990de3ce5d25e1 
Number of updated asset objects reloaded before import = 0Number of asset objects unloaded after import = 2

========================================================================
Received Import Request.
  Time since last request: 0.000030 seconds.
  path: Packages/com.unity.inputsystem/InputSystem/Editor/Icons/d_Touch.png
  importAddress: Guid(94fa2e214a138425e8afbbe1329e0b55) Importer(815301076,1909f56bfc062723c751e8b465ee728b)
Start importing Packages/com.unity.inputsystem/InputSystem/Editor/Icons/d_Touch.png using Guid(94fa2e214a138425e8afbbe1329e0b55) Importer(815301076,1909f56bfc062723c751e8b465ee728b) (PreviewImporter) -> (Import Result ID: 'dc5950c0106be28e3751699e2cc126a8') in 0.0229938 seconds [static and dynamic dependencies]. Details - ImportResultOutputID=523be3ac686b60bf0aefbff848aa4b5f DependenciesID=95c8ac794d97133e9345ba2d5e7bc028 StaticDependenciesID=950107e45d313d26cda7e7acbcf29107 
Number of updated asset objects reloaded before import = 0Number of asset objects unloaded after import = 2

========================================================================
Received Import Request.
  Time since last request: 0.000021 seconds.
  path: Packages/com.unity.2d.animation/Editor/Assets/EditorIcons/Dark/d_Paste.png
  importAddress: Guid(7e00d2a7fc6d13b49bacb9663abfa3ae) Importer(815301076,1909f56bfc062723c751e8b465ee728b)
Start importing Packages/com.unity.2d.animation/Editor/Assets/EditorIcons/Dark/d_Paste.png using Guid(7e00d2a7fc6d13b49bacb9663abfa3ae) Importer(815301076,1909f56bfc062723c751e8b465ee728b) (PreviewImporter) -> (Import Result ID: '1589aa247d7f72fb1ed65e153ec45083') in 0.0244133 seconds [static and dynamic dependencies]. Details - ImportResultOutputID=f647e1bb0f840cffe2530ddcd08677a6 DependenciesID=e433e29158f59c25d737b657c7d63393 StaticDependenciesID=a51e9c943489f15a5af7d9701504c0b6 
Number of updated asset objects reloaded before import = 0Number of asset objects unloaded after import = 3

========================================================================
Received Import Request.
  Time since last request: 0.000025 seconds.
  path: Packages/com.unity.timeline/Editor/StyleSheets/Images/Icons/d_TrackCurvesButtonDisabled@2x.png
  importAddress: Guid(1f3ea4caa6e0ec74388e4d7d16690e68) Importer(815301076,1909f56bfc062723c751e8b465ee728b)
Start importing Packages/com.unity.timeline/Editor/StyleSheets/Images/Icons/d_TrackCurvesButtonDisabled@2x.png using Guid(1f3ea4caa6e0ec74388e4d7d16690e68) Importer(815301076,1909f56bfc062723c751e8b465ee728b) (PreviewImporter) -> (Import Result ID: '12b7213504a20328e90eaacbf686cf13') in 0.0228177 seconds [static and dynamic dependencies]. Details - ImportResultOutputID=10860ebc8786dffbed475cf16b60aa80 DependenciesID=c3010e7db9afb025dde8d3323d3fc3a6 StaticDependenciesID=d9236a1847169d33ae6557735e17f66b 
Number of updated asset objects reloaded before import = 0Number of asset objects unloaded after import = 2

========================================================================
Received Import Request.
  Time since last request: 0.000037 seconds.
  path: Packages/com.unity.2d.tilemap/Editor/Icons/d_Tilemap.GridPaint@2x.png
  importAddress: Guid(3451731abc835d44993075b3bc0935bd) Importer(815301076,1909f56bfc062723c751e8b465ee728b)
Start importing Packages/com.unity.2d.tilemap/Editor/Icons/d_Tilemap.GridPaint@2x.png using Guid(3451731abc835d44993075b3bc0935bd) Importer(815301076,1909f56bfc062723c751e8b465ee728b) (PreviewImporter) -> (Import Result ID: '383668456ee3927c5e1de64e282362aa') in 0.029314 seconds [static and dynamic dependencies]. Details - ImportResultOutputID=c5f6cc2b658754272ee3db437cd5d69e DependenciesID=ec7bb016ca0d402e721ee373967c982a StaticDependenciesID=243e42d416564577006cf7bce6c72c76 
Number of updated asset objects reloaded before import = 0Number of asset objects unloaded after import = 3

========================================================================
Received Import Request.
  Time since last request: 0.000025 seconds.
  path: Packages/com.unity.render-pipelines.core/Editor/Lighting/Icons/LightUnitIcons/d_Overcast.png
  importAddress: Guid(80a48b3afafdc644fb4e3319f6f19fc8) Importer(815301076,1909f56bfc062723c751e8b465ee728b)
Start importing Packages/com.unity.render-pipelines.core/Editor/Lighting/Icons/LightUnitIcons/d_Overcast.png using Guid(80a48b3afafdc644fb4e3319f6f19fc8) Importer(815301076,1909f56bfc062723c751e8b465ee728b) (PreviewImporter) -> (Import Result ID: '0ebd052e0bd49cdb52d575554a6ca632') in 0.010023 seconds [static and dynamic dependencies]. Details - ImportResultOutputID=be4b3faa5038ec160caa970630c064cc DependenciesID=5ef261f794ed08de8c8f58d37a52bb62 StaticDependenciesID=84a574bbff6efd7924337e8a7b333f51 
Number of updated asset objects reloaded before import = 0Number of asset objects unloaded after import = 2

========================================================================
Received Import Request.
  Time since last request: 0.000031 seconds.
  path: Packages/com.unity.collab-proxy/Editor/Assets/Images/d_step1.png
  importAddress: Guid(38236a82ff44aaa4b972248479d5f970) Importer(815301076,1909f56bfc062723c751e8b465ee728b)
Start importing Packages/com.unity.collab-proxy/Editor/Assets/Images/d_step1.png using Guid(38236a82ff44aaa4b972248479d5f970) Importer(815301076,1909f56bfc062723c751e8b465ee728b) (PreviewImporter) -> (Import Result ID: 'd48622dd1f5c53e265465622b0d44c0e') in 0.0216204 seconds [static and dynamic dependencies]. Details - ImportResultOutputID=1d0282d639e2337141e5370b0c127c7b DependenciesID=01abb2308857ea5e79aceb32293d9b6c StaticDependenciesID=e190e10b6b8dc6c7d7b690846a959b8d 
Number of updated asset objects reloaded before import = 0Number of asset objects unloaded after import = 2

========================================================================
Received Import Request.
  Time since last request: 0.000023 seconds.
  path: Packages/com.unity.2d.animation/Editor/Assets/EditorIcons/Dark/d_Split_Edge.png
  importAddress: Guid(0530bfa18fbf4a140b3a604c988a9a4b) Importer(815301076,1909f56bfc062723c751e8b465ee728b)
Start importing Packages/com.unity.2d.animation/Editor/Assets/EditorIcons/Dark/d_Split_Edge.png using Guid(0530bfa18fbf4a140b3a604c988a9a4b) Importer(815301076,1909f56bfc062723c751e8b465ee728b) (PreviewImporter) -> (Import Result ID: 'd05718b64dc5164ae34ff054a6db4361') in 0.0293898 seconds [static and dynamic dependencies]. Details - ImportResultOutputID=2468e61d9be96660427a06b089ef8969 DependenciesID=d341e524fe5d439c56a23255aa865efd StaticDependenciesID=84457bdc5aefdd2c001a646b71e26d24 
Number of updated asset objects reloaded before import = 0Number of asset objects unloaded after import = 3

========================================================================
Received Import Request.
  Time since last request: 0.000032 seconds.
  path: Packages/com.unity.collab-proxy/Editor/Assets/Images/d_secondarytabclosehover.png
  importAddress: Guid(6a9d211bea1bc4a429d86cbb2d0b0a3e) Importer(815301076,1909f56bfc062723c751e8b465ee728b)
Start importing Packages/com.unity.collab-proxy/Editor/Assets/Images/d_secondarytabclosehover.png using Guid(6a9d211bea1bc4a429d86cbb2d0b0a3e) Importer(815301076,1909f56bfc062723c751e8b465ee728b) (PreviewImporter) -> (Import Result ID: '088aa0e3620c05fedd14bcc68beabe31') in 0.025117 seconds [static and dynamic dependencies]. Details - ImportResultOutputID=7d5c39cb75f4baca7de33be98ce7411f DependenciesID=c463ee6afdf38cc1c49db3d5b4c7b657 StaticDependenciesID=747bb9887801259bcd1d6e6673776168 
Number of updated asset objects reloaded before import = 0Number of asset objects unloaded after import = 2

========================================================================
Received Import Request.
  Time since last request: 0.000029 seconds.
  path: Packages/com.unity.inputsystem/InputSystem/Editor/Icons/d_Mouse@2x.png
  importAddress: Guid(daa9ba527d8a34b218224b8287ce11d3) Importer(815301076,1909f56bfc062723c751e8b465ee728b)
Start importing Packages/com.unity.inputsystem/InputSystem/Editor/Icons/d_Mouse@2x.png using Guid(daa9ba527d8a34b218224b8287ce11d3) Importer(815301076,1909f56bfc062723c751e8b465ee728b) (PreviewImporter) -> (Import Result ID: 'eaf69556f5d49bb29a4dcda9c1faefc8') in 0.0258814 seconds [static and dynamic dependencies]. Details - ImportResultOutputID=55a8c24e7eac1e61b9f3c1f2c9251dda DependenciesID=79fe9750fd436e05ab5f45968892ed23 StaticDependenciesID=70a5b26d4b6b1c0c8d961e4040f712a9 
Number of updated asset objects reloaded before import = 0Number of asset objects unloaded after import = 2

========================================================================
Received Import Request.
  Time since last request: 0.000020 seconds.
  path: Packages/com.unity.2d.animation/Editor/Assets/EditorIcons/Dark/d_SetPivot256.png
  importAddress: Guid(a3de9d1408f25449bb288eebcebfb832) Importer(815301076,1909f56bfc062723c751e8b465ee728b)
Start importing Packages/com.unity.2d.animation/Editor/Assets/EditorIcons/Dark/d_SetPivot256.png using Guid(a3de9d1408f25449bb288eebcebfb832) Importer(815301076,1909f56bfc062723c751e8b465ee728b) (PreviewImporter) -> (Import Result ID: '3d1c5222cb58dbe39b790166a7084201') in 0.0290864 seconds [static and dynamic dependencies]. Details - ImportResultOutputID=eee24476149531fbad9b09527bb68b18 DependenciesID=d930153b46ee02bc454551a39203a0b4 StaticDependenciesID=7d741c51dc45e12fe4eebd4d3e56940b 
Number of updated asset objects reloaded before import = 0Number of asset objects unloaded after import = 3

========================================================================
Received Import Request.
  Time since last request: 0.000022 seconds.
  path: Packages/com.unity.render-pipelines.core/Editor/Lighting/Icons/d_LightPlacement_Icon@16.png
  importAddress: Guid(f75902f05f887d847bd7573bdac61eca) Importer(815301076,1909f56bfc062723c751e8b465ee728b)
Start importing Packages/com.unity.render-pipelines.core/Editor/Lighting/Icons/d_LightPlacement_Icon@16.png using Guid(f75902f05f887d847bd7573bdac61eca) Importer(815301076,1909f56bfc062723c751e8b465ee728b) (PreviewImporter) -> (Import Result ID: 'ae7ddaf0755f276791d730a955adbcd6') in 0.0085218 seconds [static and dynamic dependencies]. Details - ImportResultOutputID=9af656c3c4ae9d29aff97d2daa4ece2f DependenciesID=f13d0edaca3759364bd374a182a69e52 StaticDependenciesID=4e8e1ed5162c975c4ed37bd562a0cfa8 
Number of updated asset objects reloaded before import = 0Number of asset objects unloaded after import = 2

========================================================================
Received Import Request.
  Time since last request: 0.000019 seconds.
  path: Packages/com.unity.2d.tilemap/Editor/Icons/d_EditorUI.TargetHover@4x.png
  importAddress: Guid(dd81f55787e496249bb4111007562ef5) Importer(815301076,1909f56bfc062723c751e8b465ee728b)
Start importing Packages/com.unity.2d.tilemap/Editor/Icons/d_EditorUI.TargetHover@4x.png using Guid(dd81f55787e496249bb4111007562ef5) Importer(815301076,1909f56bfc062723c751e8b465ee728b) (PreviewImporter) -> (Import Result ID: '34f51ff36d026ae43ab3980fe05fb531') in 0.0215751 seconds [static and dynamic dependencies]. Details - ImportResultOutputID=c7bc825fd5c4b4220c6f664217d47b07 DependenciesID=f732435fc9dcc30e8e01bcd370e9c2a9 StaticDependenciesID=4ff27b7b1806e85c84d6e2e5b04fe7e8 
Number of updated asset objects reloaded before import = 0Number of asset objects unloaded after import = 3

========================================================================
Received Import Request.
  Time since last request: 0.000025 seconds.
  path: Packages/com.unity.2d.animation/Editor/Assets/ComponentIcons/d_Animation.IKManager@128.png
  importAddress: Guid(eddc3b652f54848828296504ee94ec04) Importer(815301076,1909f56bfc062723c751e8b465ee728b)
Start importing Packages/com.unity.2d.animation/Editor/Assets/ComponentIcons/d_Animation.IKManager@128.png using Guid(eddc3b652f54848828296504ee94ec04) Importer(815301076,1909f56bfc062723c751e8b465ee728b) (PreviewImporter) -> (Import Result ID: '083f36647858213313fc8189bfc97e7e') in 0.0257942 seconds [static and dynamic dependencies]. Details - ImportResultOutputID=8636e7afd755a66413a3e8df9d3b69b6 DependenciesID=7d01d43013ef279e6b9529efa3fd1648 StaticDependenciesID=2f49941989aab1704b61f8857b8b1f2d 
Number of updated asset objects reloaded before import = 0Number of asset objects unloaded after import = 3

Editor requested this worker to shutdown with reason: Scaling down because of idle timeout
AssetImportWorker is now disconnected from the server
Process exiting
Exiting without the bug reporter. Application will terminate with return code 0