[Licensing::Module] Trying to connect to existing licensing client channel...
Built from '6000.4/staging' branch; Version is '6000.4.0f1 (8cf496087c8f) revision 9237654'; Using compiler version '194234433'; Build Type 'Release'
OS: 'Windows 11  (10.0.26200) CoreSingleLanguage' Language: 'es' Physical Memory: 32497 MB
[Licensing::IpcConnector] Successfully connected to: "LicenseClient-Ruben G" at "2026-05-16T22:20:25.0828147Z"
BatchMode: 1, IsHumanControllingUs: 0, StartBugReporterOnCrash: 0, Is64bit: 1
System  architecture: x64
Process architecture: x64
Date: 2026-05-16T22:20:25Z

COMMAND LINE ARGUMENTS:
C:\Program Files\Unity\Hub\Editor\6000.4.0f1\Editor\Unity.exe
-adb2
-batchMode
-noUpm
-name
AssetImportWorker0
-projectPath
C:/Users/Ruben G/Downloads/30032026-20260512T100507Z-3-001/30032026
-logFile
Logs/AssetImportWorker0.log
-srvPort
49674
-licensingIpc
LicenseClient-Ruben G
-force-d3d12
-job-worker-count
9
-background-job-worker-count
8
-gc-helper-count
1
-name
AssetImport
Successfully changed project path to: C:/Users/Ruben G/Downloads/30032026-20260512T100507Z-3-001/30032026
C:/Users/Ruben G/Downloads/30032026-20260512T100507Z-3-001/30032026
[UnityMemory] Configuration Parameters - Can be set up in boot.config
    "memorysetup-temp-allocator-size-gi-baking-worker=262144"
    "memorysetup-temp-allocator-size-gi-baking-worker=262144"
    "memorysetup-temp-allocator-size-gi-baking-worker=262144"
    "memorysetup-temp-allocator-size-gi-baking-worker=262144"
    "memorysetup-temp-allocator-size-gi-baking-worker=262144"
    "memorysetup-temp-allocator-size-nav-mesh-worker=65536"
    "memorysetup-temp-allocator-size-audio-worker=65536"
    "memorysetup-temp-allocator-size-cloud-worker=32768"
    "memorysetup-temp-allocator-size-gfx=262144"
    "memorysetup-temp-allocator-size-preload-manager=33554432"
    "memorysetup-temp-allocator-size-job-worker=262144"
    "memorysetup-temp-allocator-size-background-worker=32768"
    "memorysetup-allocator-temp-initial-block-size-main=262144"
    "memorysetup-allocator-temp-initial-block-size-worker=262144"
    "memorysetup-bucket-allocator-granularity=16"
    "memorysetup-bucket-allocator-bucket-count=8"
    "memorysetup-bucket-allocator-block-size=33554432"
    "memorysetup-bucket-allocator-block-count=8"
    "memorysetup-main-allocator-block-size=16777216"
    "memorysetup-thread-allocator-block-size=16777216"
    "memorysetup-gfx-main-allocator-block-size=16777216"
    "memorysetup-gfx-thread-allocator-block-size=16777216"
    "memorysetup-cache-allocator-block-size=4194304"
    "memorysetup-typetree-allocator-block-size=2097152"
    "memorysetup-profiler-bucket-allocator-granularity=16"
    "memorysetup-profiler-bucket-allocator-bucket-count=8"
    "memorysetup-profiler-bucket-allocator-block-size=33554432"
    "memorysetup-profiler-bucket-allocator-block-count=8"
    "memorysetup-profiler-allocator-block-size=16777216"
    "memorysetup-profiler-editor-allocator-block-size=1048576"
    "memorysetup-temp-allocator-size-main=16777216"
    "memorysetup-job-temp-allocator-block-size=2097152"
    "memorysetup-job-temp-allocator-block-size-background=1048576"
    "memorysetup-job-temp-allocator-reduction-small-platforms=262144"
Player connection [780]  Target information:

Player connection [780]  * "[IP] 192.168.18.63 [Port] 0 [Flags] 2 [Guid] 167863613 [EditorId] 167863613 [Version] 1048832 [Id] WindowsEditor(7,Ruben) [Debug] 1 [PackageName] WindowsEditor [ProjectName] Editor" 

Player connection [780] Host joined multi-casting on [225.0.0.222:54997]...
Player connection [780] Host joined alternative multi-casting on [225.0.0.222:34997]...
JobSystem: Creating JobQueue using job-worker-count value 9
Input System module state changed to: Initialized.
[Physics::Module] Initialized fallback backend.
[Physics::Module] Id: 0xdecafbad
Library Redirect Path: Library/
[Physics::Module] Selected backend.
[Physics::Module] Name: PhysX
[Physics::Module] Id: 0xf2b8ea05
[Physics::Module] SDK Version: 4.1.2
[Physics::Module] Integration Version: 1.0.0
[Physics::Module] Threading Mode: Multi-Threaded
Refreshing native plugins compatible for Editor in 3.31 ms, found 4 plugins.
Initialize engine version: 6000.4.0f1 (8cf496087c8f)
[Subsystems] Discovering subsystems at path C:/Program Files/Unity/Hub/Editor/6000.4.0f1/Editor/Data/Resources/UnitySubsystems
[Subsystems] Discovering subsystems at path C:/Users/Ruben G/Downloads/30032026-20260512T100507Z-3-001/30032026/Assets
Forcing GfxDevice: Direct3D 12
GfxDevice: creating device client; kGfxThreadingModeNonThreaded
d3d12: failed to query info queue interface (0x80004002).
Direct3D:
    Version:         Direct3D 12 [level 12.1]
    Renderer:        Intel(R) Iris(R) Xe Graphics (ID=0xa7a0)
    Vendor:          Intel
    VRAM:            16248 MB
    App VRAM Budget: 15480 MB
    Driver:          32.0.101.7082
    Unified Memory Architecture
    Cache Coherent UMA
Initialize mono
Mono path[0] = 'C:/Program Files/Unity/Hub/Editor/6000.4.0f1/Editor/Data/Managed'
Mono path[1] = 'C:/Program Files/Unity/Hub/Editor/6000.4.0f1/Editor/Data/MonoBleedingEdge/lib/mono/unityjit-win32'
Mono config path = 'C:/Program Files/Unity/Hub/Editor/6000.4.0f1/Editor/Data/MonoBleedingEdge/etc'
Using monoOptions --debugger-agent=transport=dt_socket,embedding=1,server=y,suspend=n,address=127.0.0.1:56016
CodeReloadManager initialized
Begin MonoManager ReloadAssembly
Registering precompiled unity dll's ...
Register platform support module: C:/Program Files/Unity/Hub/Editor/6000.4.0f1/Editor/Data/PlaybackEngines/WindowsStandaloneSupport/UnityEditor.WindowsStandalone.Extensions.dll
Registered in 0.001068 seconds.
[Licensing::Client] Error: HandshakeResponse reported an error:
	ResponseCode: 505
	ResponseStatus: Unsupported protocol version '1.18.1'.
[Licensing::Module] Error: Failed to handshake to channel: "LicenseClient-Ruben G"
[Licensing::IpcConnector] LicenseClient-Ruben G channel disconnected successfully.
[Licensing::IpcConnector] Successfully connected to: "LicenseClient-Ruben G-6000.4.0" at "2026-05-16T22:20:26.0890647Z"
Native extension for WindowsStandalone target not found
Package Manager log level set to [2]
[Package Manager] Failed to launch server process. Reason: Unity was launched with the -noUpm command-line argument
[Package Manager] Unable to send message (not connected to server process).
[Package Manager] Cannot connect to Unity Package Manager local server
ScheduleIndexationOnStartup MainProcess:False IndexOnStartup:True
Mono: successfully reloaded assembly
- Finished resetting the current domain, in  0.396 seconds
Domain Reload Profiling: 819ms
	BeginReloadAssembly (120ms)
	RebuildCommonClasses (38ms)
	RebuildNativeTypeToScriptingClass (12ms)
	initialDomainReloadingComplete (56ms)
	LoadAllAssembliesAndSetupDomain (196ms)
		LoadAssemblies (118ms)
		AnalyzeDomain (187ms)
			TypeCache.Refresh (186ms)
				TypeCache.ScanAssembly (173ms)
	FinalizeReload (398ms)
		SetupLoadedEditorAssemblies (0ms)
			InitializePlatformSupportModulesInManaged (42ms)
			BeforeProcessingInitializeOnLoad (92ms)
			ProcessInitializeOnLoadAttributes (113ms)
			ProcessInitializeOnLoadMethodAttributes (87ms)
Assembly reference Packages/com.unity.cinemachine/Editor/Samples/ExposeHDRPInternals/HDRP-Editor-ref.asmref has no target assembly definition
========================================================================
Worker process is ready to serve import requests
Import Worker Mode flag is 0x00
Assembly reference Packages/com.unity.cinemachine/Editor/Samples/ExposeHDRPInternals/HDRP-Editor-ref.asmref has no target assembly definition
Assembly reference Packages/com.unity.cinemachine/Editor/Samples/ExposeHDRPInternals/HDRP-Editor-ref.asmref has no target assembly definition
Begin MonoManager ReloadAssembly
[Licensing::Module] Licensing is not yet initialized.
[Licensing::Client] Handshaking with LicensingClient:
  Version:                 1.18.1+9fbee8e
  Session Id:              f4bb62fb0d0f48abae20e2d42623c8e6
  Correlation Id:          f2b8caf36912041e07669a0b07bbd23e
  External correlation Id: 5019966216084099987
  Machine Id:              NENznBfcoSW6NXQsx0rHvuiIPpI=
[Licensing::Module] Successfully connected to LicensingClient on channel: "LicenseClient-Ruben G-6000.4.0" (connect: 0.00s, validation: 0.00s, handshake: 0.95s)
[Licensing::IpcConnector] Successfully connected to: "LicenseClient-Ruben G-6000.4.0-notifications" at "2026-05-16T22:20:27.0377228Z"
[Licensing::Module] Licensing Background thread has ended after 1.96s
[Licensing::Module] Licensing is initialized (took 0.14s).
[Licensing::Client] Successfully resolved entitlement details
[Licensing::Module] License group:
  Id: 20067047366488-UnityPersXXXX
  Product: Unity Personal
  Type: Assigned
  Expiration: Unlimited
Assembly Assembly-CSharp-Editor-firstpass.dll at Library/ScriptAssemblies/Assembly-CSharp-Editor-firstpass.dll not valid. Loading of assembly skipped.
Assembly Assembly-CSharp-Editor.dll at Library/ScriptAssemblies/Assembly-CSharp-Editor.dll not valid. Loading of assembly skipped.
Assembly Assembly-CSharp-firstpass.dll at Library/ScriptAssemblies/Assembly-CSharp-firstpass.dll not valid. Loading of assembly skipped.
Assembly DocCodeExamples.dll at Library/ScriptAssemblies/DocCodeExamples.dll not valid. Loading of assembly skipped.
Assembly TestNewCustomAssembly.dll at Library/ScriptAssemblies/TestNewCustomAssembly.dll not valid. Loading of assembly skipped.
Assembly Unity.2D.Animation.EditorTests.dll at Library/ScriptAssemblies/Unity.2D.Animation.EditorTests.dll not valid. Loading of assembly skipped.
Assembly Unity.2D.Aseprite.EditorTests.dll at Library/ScriptAssemblies/Unity.2D.Aseprite.EditorTests.dll not valid. Loading of assembly skipped.
Assembly Unity.2D.Common.EditorTests.dll at Library/ScriptAssemblies/Unity.2D.Common.EditorTests.dll not valid. Loading of assembly skipped.
Assembly Unity.2D.Psdimporter.EditorTests.dll at Library/ScriptAssemblies/Unity.2D.Psdimporter.EditorTests.dll not valid. Loading of assembly skipped.
Assembly Unity.2D.Sprite.Package.EditorTests.dll at Library/ScriptAssemblies/Unity.2D.Sprite.Package.EditorTests.dll not valid. Loading of assembly skipped.
Assembly Unity.2D.SpriteShape.EditorTests.dll at Library/ScriptAssemblies/Unity.2D.SpriteShape.EditorTests.dll not valid. Loading of assembly skipped.
Assembly Unity.2D.Tilemap.Package.EditorTests.dll at Library/ScriptAssemblies/Unity.2D.Tilemap.Package.EditorTests.dll not valid. Loading of assembly skipped.
Assembly Unity.Collections.BurstCompatibilityGen.dll at Library/ScriptAssemblies/Unity.Collections.BurstCompatibilityGen.dll not valid. Loading of assembly skipped.
Assembly Unity.Collections.DocCodeSamples.dll at Library/ScriptAssemblies/Unity.Collections.DocCodeSamples.dll not valid. Loading of assembly skipped.
Assembly Unity.Collections.PerformanceTests.dll at Library/ScriptAssemblies/Unity.Collections.PerformanceTests.dll not valid. Loading of assembly skipped.
Assembly Unity.Collections.Tests.dll at Library/ScriptAssemblies/Unity.Collections.Tests.dll not valid. Loading of assembly skipped.
Assembly Unity.Collections.Tests.Playmode.dll at Library/ScriptAssemblies/Unity.Collections.Tests.Playmode.dll not valid. Loading of assembly skipped.
Assembly Unity.InputSystem.IntegrationTests.dll at Library/ScriptAssemblies/Unity.InputSystem.IntegrationTests.dll not valid. Loading of assembly skipped.
Assembly Unity.Mathematics.Tests.dll at Library/ScriptAssemblies/Unity.Mathematics.Tests.dll not valid. Loading of assembly skipped.
Assembly Unity.Multiplayer.Center.Editor.Tests.dll at Library/ScriptAssemblies/Unity.Multiplayer.Center.Editor.Tests.dll not valid. Loading of assembly skipped.
Assembly Unity.Multiplayer.Center.Tests.dll at Library/ScriptAssemblies/Unity.Multiplayer.Center.Tests.dll not valid. Loading of assembly skipped.
Assembly Unity.Nuget.Mono-Cecil.dll at Library/ScriptAssemblies/Unity.Nuget.Mono-Cecil.dll not valid. Loading of assembly skipped.
Assembly Unity.PathTracing.Editor.Tests.dll at Library/ScriptAssemblies/Unity.PathTracing.Editor.Tests.dll not valid. Loading of assembly skipped.
Assembly Unity.PathTracing.Runtime.Tests.dll at Library/ScriptAssemblies/Unity.PathTracing.Runtime.Tests.dll not valid. Loading of assembly skipped.
Assembly Unity.RenderPipelines.Core.Editor.Tests.dll at Library/ScriptAssemblies/Unity.RenderPipelines.Core.Editor.Tests.dll not valid. Loading of assembly skipped.
Assembly Unity.RenderPipelines.Core.Runtime.Tests.dll at Library/ScriptAssemblies/Unity.RenderPipelines.Core.Runtime.Tests.dll not valid. Loading of assembly skipped.
Assembly Unity.RenderPipelines.Universal.Config.Editor.Tests.dll at Library/ScriptAssemblies/Unity.RenderPipelines.Universal.Config.Editor.Tests.dll not valid. Loading of assembly skipped.
Assembly Unity.RenderPipelines.Universal.Editor.Tests.dll at Library/ScriptAssemblies/Unity.RenderPipelines.Universal.Editor.Tests.dll not valid. Loading of assembly skipped.
Assembly Unity.RenderPipelines.Universal.Runtime.Tests.dll at Library/ScriptAssemblies/Unity.RenderPipelines.Universal.Runtime.Tests.dll not valid. Loading of assembly skipped.
Assembly Unity.Searcher.EditorTests.dll at Library/ScriptAssemblies/Unity.Searcher.EditorTests.dll not valid. Loading of assembly skipped.
Assembly Unity.Settings.Tests.dll at Library/ScriptAssemblies/Unity.Settings.Tests.dll not valid. Loading of assembly skipped.
Assembly Unity.ShaderGraph.Editor.Tests.dll at Library/ScriptAssemblies/Unity.ShaderGraph.Editor.Tests.dll not valid. Loading of assembly skipped.
Assembly Unity.TextMeshPro.Editor.Tests.dll at Library/ScriptAssemblies/Unity.TextMeshPro.Editor.Tests.dll not valid. Loading of assembly skipped.
Assembly Unity.TextMeshPro.Tests.dll at Library/ScriptAssemblies/Unity.TextMeshPro.Tests.dll not valid. Loading of assembly skipped.
Assembly Unity.UnifiedRayTracing.Editor.Tests.dll at Library/ScriptAssemblies/Unity.UnifiedRayTracing.Editor.Tests.dll not valid. Loading of assembly skipped.
Assembly UnityEditor.UI.Common.Tests.dll at Library/ScriptAssemblies/UnityEditor.UI.Common.Tests.dll not valid. Loading of assembly skipped.
Assembly UnityEditor.UI.EditorTests.dll at Library/ScriptAssemblies/UnityEditor.UI.EditorTests.dll not valid. Loading of assembly skipped.
Assembly UnityEngine.UI.Tests.dll at Library/ScriptAssemblies/UnityEngine.UI.Tests.dll not valid. Loading of assembly skipped.
Assembly reference Packages/com.unity.cinemachine/Editor/Samples/ExposeHDRPInternals/HDRP-Editor-ref.asmref has no target assembly definition
'Packages/com.unity.cinemachine/Editor/Obsolete/CinemachineVirtualCameraBaseEditor.cs' contains partial class of Unity.Object, exactly 1 of the partial classes needs to be in a file with the same filename. This is to know the one that can be referenced from ie. GameObjects
'Packages/com.unity.cinemachine/Editor/Editors/CinemachineVirtualCameraBaseEditor.cs' contains partial class of Unity.Object, exactly 1 of the partial classes needs to be in a file with the same filename. This is to know the one that can be referenced from ie. GameObjects
Native extension for WindowsStandalone target not found
Assembly reference Packages/com.unity.cinemachine/Editor/Samples/ExposeHDRPInternals/HDRP-Editor-ref.asmref has no target assembly definition
[Package Manager] Failed to launch server process. Reason: Unity was launched with the -noUpm command-line argument
[Package Manager] Unable to send message (not connected to server process).
[Package Manager] Cannot connect to Unity Package Manager local server
[Package Manager] Failed to launch server process. Reason: Unity was launched with the -noUpm command-line argument
[Package Manager] Unable to send message (not connected to server process).
[Package Manager] Cannot connect to Unity Package Manager local server
[Package Manager] Failed to launch server process. Reason: Unity was launched with the -noUpm command-line argument
[Package Manager] Unable to send message (not connected to server process).
[Package Manager] Cannot connect to Unity Package Manager local server
ScheduleIndexationOnStartup MainProcess:False IndexOnStartup:True
Mono: successfully reloaded assembly
- Finished resetting the current domain, in  0.710 seconds
Domain Reload Profiling: 1596ms
	BeginReloadAssembly (299ms)
		DisableScriptedObjects (4ms)
		CreateAndSetChildDomain (25ms)
	RebuildCommonClasses (31ms)
	RebuildNativeTypeToScriptingClass (11ms)
	initialDomainReloadingComplete (59ms)
	LoadAllAssembliesAndSetupDomain (486ms)
		LoadAssemblies (312ms)
		AnalyzeDomain (256ms)
			TypeCache.Refresh (166ms)
				TypeCache.ScanAssembly (154ms)
			BuildScriptInfoCaches (77ms)
			ResolveRequiredComponents (10ms)
	FinalizeReload (710ms)
		SetupLoadedEditorAssemblies (0ms)
			BeforeProcessingInitializeOnLoad (130ms)
			ProcessInitializeOnLoadAttributes (309ms)
			ProcessInitializeOnLoadMethodAttributes (126ms)
			AfterProcessingInitializeOnLoad (3ms)
		AwakeInstancesAfterBackupRestoration (6ms)
Launched and connected shader compiler UnityShaderCompiler.exe after 0.01 seconds
Unloading 25 Unused Serialized files (Serialized files now loaded: 0)
Unloading 7409 unused Assets / (6.0 MB). Loaded Objects now: 8244.
Memory consumption went from 164.5 MB to 158.5 MB.
Total: 7.713900 ms (FindLiveObjects: 0.581700 ms CreateObjectMapping: 0.362000 ms MarkObjects: 4.511400 ms  DeleteObjects: 2.248300 ms)

========================================================================
Received Import Request.
  Time since last request: 1027.691616 seconds.
  path: Assets/Scenes/scena1.unity
  importAddress: Guid(8c9cfa26abfee488c85f1582747f6a02) Importer(2089858483,b0f066a214c2f5e87bad3c948f4d605d)
Start importing Assets/Scenes/scena1.unity using Guid(8c9cfa26abfee488c85f1582747f6a02) Importer(2089858483,b0f066a214c2f5e87bad3c948f4d605d) (ScriptedImporter) -> (Import Result ID: '03496f2f39802c90a33e3a03a64e7e3c') in 0.0671064 seconds [static and dynamic dependencies]. Details - ImportResultOutputID=9de32358c1d35298fca736a0ae35c3cb DependenciesID=403d504c5bf2b946d0097ec5e93c52c5 StaticDependenciesID=9c47ed31aa0fd4e28f031db96bfd49f3 
Number of updated asset objects reloaded before import = 0Number of asset objects unloaded after import = 1

========================================================================
Received Import Request.
  Time since last request: 64.805729 seconds.
  path: Assets/Scripts/recogidaBasura.cs
  importAddress: Guid(567aa2021a8ceb345a7d9bc7bfe1aab4) Importer(815301076,1909f56bfc062723c751e8b465ee728b)
Start importing Assets/Scripts/recogidaBasura.cs using Guid(567aa2021a8ceb345a7d9bc7bfe1aab4) Importer(815301076,1909f56bfc062723c751e8b465ee728b) (PreviewImporter) -> (Import Result ID: '0ee9bf61bd6b0e92a55d0ee111907d13') in 0.0052424 seconds [static and dynamic dependencies]. Details - ImportResultOutputID=2723087b8918425f4dc29e7f5a79022a DependenciesID=6cbce089c58960878a670565d9b4abd9 StaticDependenciesID=839ed044c9f3102ba88f7cedd0b89b84 
Number of updated asset objects reloaded before import = 0Number of asset objects unloaded after import = 0

========================================================================
Received Import Request.
  Time since last request: 3.483490 seconds.
  path: Assets/Scripts/playerMovement.cs
  importAddress: Guid(920c47611f7807247bc000e5ff16b3b9) Importer(815301076,1909f56bfc062723c751e8b465ee728b)
Start importing Assets/Scripts/playerMovement.cs using Guid(920c47611f7807247bc000e5ff16b3b9) Importer(815301076,1909f56bfc062723c751e8b465ee728b) (PreviewImporter) -> (Import Result ID: '72552818605c4523defc5a20106c4c69') in 0.0004559 seconds [static and dynamic dependencies]. Details - ImportResultOutputID=6a2db473c3916d3df430ddb377142308 DependenciesID=35baaa0ccb7277bc6cff6f27fbdff38c StaticDependenciesID=a255d5b9d50aab6a194536d1ddb7bb0c 
Number of updated asset objects reloaded before import = 0Number of asset objects unloaded after import = 0

========================================================================
Received Import Request.
  Time since last request: 0.762090 seconds.
  path: Assets/Scripts/Progress.cs
  importAddress: Guid(47c899bcb54cbc34ba73dda01c2ec6d2) Importer(815301076,1909f56bfc062723c751e8b465ee728b)
Start importing Assets/Scripts/Progress.cs using Guid(47c899bcb54cbc34ba73dda01c2ec6d2) Importer(815301076,1909f56bfc062723c751e8b465ee728b) (PreviewImporter) -> (Import Result ID: '058eb81d2e826e02cc3bbf28f116db23') in 0.0006933 seconds [static and dynamic dependencies]. Details - ImportResultOutputID=85ec8be69aba2befc1d49874bc0875ba DependenciesID=75c506a3f1ee39e7ec1f63e1d9860f70 StaticDependenciesID=4c92cb15ae98c201ac8f2b732f87f034 
Number of updated asset objects reloaded before import = 0Number of asset objects unloaded after import = 0

========================================================================
Received Import Request.
  Time since last request: 115.762955 seconds.
  path: Packages/com.unity.render-pipelines.universal/Editor/ShaderGraph/GraphTemplates/2D/2DSpriteLitTemplateThumbnail.png
  importAddress: Guid(494ba6900e1d9f34da743bb68ff82ddb) Importer(815301076,1909f56bfc062723c751e8b465ee728b)
Start importing Packages/com.unity.render-pipelines.universal/Editor/ShaderGraph/GraphTemplates/2D/2DSpriteLitTemplateThumbnail.png using Guid(494ba6900e1d9f34da743bb68ff82ddb) Importer(815301076,1909f56bfc062723c751e8b465ee728b) (PreviewImporter) -> (Import Result ID: 'a8d29167bc9326bc10d3a3c9dc641ecd') in 0.0765014 seconds [static and dynamic dependencies]. Details - ImportResultOutputID=7f16dce627275b869f749563356c1674 DependenciesID=c6ac1575480dda260254293fabcd9aa2 StaticDependenciesID=b943cb0388856ddca75743e337c52a5f 
Number of updated asset objects reloaded before import = 0Number of asset objects unloaded after import = 2

========================================================================
Received Import Request.
  Time since last request: 0.000023 seconds.
  path: Packages/com.unity.inputsystem/InputSystem/Editor/AssetEditor/PackageResources/personal/actionTreeBackground.png
  importAddress: Guid(ce5f11cd993284c4f9c54f854bdc8c9c) Importer(815301076,1909f56bfc062723c751e8b465ee728b)
Start importing Packages/com.unity.inputsystem/InputSystem/Editor/AssetEditor/PackageResources/personal/actionTreeBackground.png using Guid(ce5f11cd993284c4f9c54f854bdc8c9c) Importer(815301076,1909f56bfc062723c751e8b465ee728b) (PreviewImporter) -> (Import Result ID: '77c0e6632de66eaccd290a8c50461fa5') in 0.0257945 seconds [static and dynamic dependencies]. Details - ImportResultOutputID=624b6bad98b2c444ea323a1290d22a1b DependenciesID=0ae79fd1871d631fa7de69462e2505c8 StaticDependenciesID=d0f3d202f50f4fc710dfa84d7d9fa731 
Number of updated asset objects reloaded before import = 0Number of asset objects unloaded after import = 2

========================================================================
Received Import Request.
  Time since last request: 0.000031 seconds.
  path: Packages/com.unity.2d.sprite/Editor/ObjectMenuCreation/DefaultAssets/Textures/9-SlicedWithBorder.png
  importAddress: Guid(cc35afd292fc349128b36a291fb3a165) Importer(815301076,1909f56bfc062723c751e8b465ee728b)
Start importing Packages/com.unity.2d.sprite/Editor/ObjectMenuCreation/DefaultAssets/Textures/9-SlicedWithBorder.png using Guid(cc35afd292fc349128b36a291fb3a165) Importer(815301076,1909f56bfc062723c751e8b465ee728b) (PreviewImporter) -> (Import Result ID: '853ec77a92cb81e36e5adeff6537ce6e') in 0.0550834 seconds [static and dynamic dependencies]. Details - ImportResultOutputID=cd4b7de6b323931e1bffc00e7bdcb985 DependenciesID=ff4f9442b0c8c8942cfc940c5cfbccb8 StaticDependenciesID=2892a7a7f1b8c868540110fd0c70492e 
Number of updated asset objects reloaded before import = 0Number of asset objects unloaded after import = 3

========================================================================
Received Import Request.
  Time since last request: 0.000401 seconds.
  path: Packages/com.unity.inputsystem/InputSystem/Editor/AssetEditor/PackageResources/pro/actionTreeBackground.png
  importAddress: Guid(c4b66e31395c54087a2fbc13ae7e0f3c) Importer(815301076,1909f56bfc062723c751e8b465ee728b)
Start importing Packages/com.unity.inputsystem/InputSystem/Editor/AssetEditor/PackageResources/pro/actionTreeBackground.png using Guid(c4b66e31395c54087a2fbc13ae7e0f3c) Importer(815301076,1909f56bfc062723c751e8b465ee728b) (PreviewImporter) -> (Import Result ID: '02913c689a788ea5c63990f634e0fadd') in 0.0204956 seconds [static and dynamic dependencies]. Details - ImportResultOutputID=eb004455181e09f7d9c2a2a3e76e2330 DependenciesID=203a56164cff152d4b43f1ff74045caf StaticDependenciesID=45f4a54ed817dcda5d5c7ea079592471 
Number of updated asset objects reloaded before import = 0Number of asset objects unloaded after import = 2

========================================================================
Received Import Request.
  Time since last request: 2.172530 seconds.
  path: Packages/com.unity.inputsystem/InputSystem/Editor/AssetEditor/PackageResources/pro/actionTreeBackgroundWithoutBorder.png
  importAddress: Guid(943deaaee9c9347e0a455aa208526c42) Importer(815301076,1909f56bfc062723c751e8b465ee728b)
Start importing Packages/com.unity.inputsystem/InputSystem/Editor/AssetEditor/PackageResources/pro/actionTreeBackgroundWithoutBorder.png using Guid(943deaaee9c9347e0a455aa208526c42) Importer(815301076,1909f56bfc062723c751e8b465ee728b) (PreviewImporter) -> (Import Result ID: '6a77e9de5255e8ca6ea25453358a261f') in 0.0232942 seconds [static and dynamic dependencies]. Details - ImportResultOutputID=cd37a3691bed17e9f6a308785722fe38 DependenciesID=430d4fa994a8cf95778cc25ad96fcb4f StaticDependenciesID=36f7d12ac21c72ded48c62c218d7ec5f 
Number of updated asset objects reloaded before import = 0Number of asset objects unloaded after import = 2

========================================================================
Received Import Request.
  Time since last request: 0.019557 seconds.
  path: Packages/com.unity.render-pipelines.core/Editor/LookDev/Icons/Add.png
  importAddress: Guid(cbaeed03e5416aa4bae23110b63a0c7d) Importer(815301076,1909f56bfc062723c751e8b465ee728b)
Start importing Packages/com.unity.render-pipelines.core/Editor/LookDev/Icons/Add.png using Guid(cbaeed03e5416aa4bae23110b63a0c7d) Importer(815301076,1909f56bfc062723c751e8b465ee728b) (PreviewImporter) -> (Import Result ID: '4ae660aaf382656c7addbcd3a1a5a34c') in 0.0287734 seconds [static and dynamic dependencies]. Details - ImportResultOutputID=c01aac09b4af0b81526041111d4a4a12 DependenciesID=8b885b8b19eed172c110928917ca737f StaticDependenciesID=65b563f080c6d78f6073a05fefe2cfff 
Number of updated asset objects reloaded before import = 0Number of asset objects unloaded after import = 3

========================================================================
Received Import Request.
  Time since last request: 0.002116 seconds.
  path: Packages/com.unity.inputsystem/InputSystem/Editor/Icons/Add Binding@2x.png
  importAddress: Guid(bb5fa99d6e9434c9ebf101c956021ee1) Importer(815301076,1909f56bfc062723c751e8b465ee728b)
Start importing Packages/com.unity.inputsystem/InputSystem/Editor/Icons/Add Binding@2x.png using Guid(bb5fa99d6e9434c9ebf101c956021ee1) Importer(815301076,1909f56bfc062723c751e8b465ee728b) (PreviewImporter) -> (Import Result ID: '72fbccaf92b80c83f9c9d8b426dff12b') in 0.0289243 seconds [static and dynamic dependencies]. Details - ImportResultOutputID=56cb233a23f9e42f5b5d589242ebd745 DependenciesID=248109a09c689e6063f2f9ad35671256 StaticDependenciesID=29a741e58bf637a69637acc644c1e9d6 
Number of updated asset objects reloaded before import = 0Number of asset objects unloaded after import = 2

========================================================================
Received Import Request.
  Time since last request: 0.628126 seconds.
  path: Packages/com.unity.inputsystem/InputSystem/Editor/Icons/Add Binding@4x.png
  importAddress: Guid(862c5ca31844d4a6d9aa804af982ce65) Importer(815301076,1909f56bfc062723c751e8b465ee728b)
Start importing Packages/com.unity.inputsystem/InputSystem/Editor/Icons/Add Binding@4x.png using Guid(862c5ca31844d4a6d9aa804af982ce65) Importer(815301076,1909f56bfc062723c751e8b465ee728b) (PreviewImporter) -> (Import Result ID: 'ff6f1e2971907fd7d4ce76e444286e57') in 0.0216132 seconds [static and dynamic dependencies]. Details - ImportResultOutputID=a084e69e3faaee84de5da1f4be8f3642 DependenciesID=3ed25b0093e12906026574301886dd7b StaticDependenciesID=1c7656158cc1fbd33d2a9d2c887cfa08 
Number of updated asset objects reloaded before import = 0Number of asset objects unloaded after import = 2

========================================================================
Received Import Request.
  Time since last request: 0.000022 seconds.
  path: Packages/com.unity.render-pipelines.core/Editor/Lighting/Icons/Advanced_Pressed_mini.png
  importAddress: Guid(c1d870384c7ed3c49b30d01278bf3949) Importer(815301076,1909f56bfc062723c751e8b465ee728b)
Start importing Packages/com.unity.render-pipelines.core/Editor/Lighting/Icons/Advanced_Pressed_mini.png using Guid(c1d870384c7ed3c49b30d01278bf3949) Importer(815301076,1909f56bfc062723c751e8b465ee728b) (PreviewImporter) -> (Import Result ID: '6fc7c759552a570b716280c7e7827242') in 0.0224987 seconds [static and dynamic dependencies]. Details - ImportResultOutputID=665fe2ccb863799194f6c5f55f8e7bca DependenciesID=1b282221b54e932c06023294d55c7ea9 StaticDependenciesID=1d1197bc80cc6afebff0ecf3f78bedb5 
Number of updated asset objects reloaded before import = 0Number of asset objects unloaded after import = 2

========================================================================
Received Import Request.
  Time since last request: 0.000028 seconds.
  path: Packages/com.unity.2d.animation/Editor/Assets/ComponentIcons/Animation.IKCCD.png
  importAddress: Guid(affd7e74f3f7b465ea861fbf1651b73b) Importer(815301076,1909f56bfc062723c751e8b465ee728b)
Start importing Packages/com.unity.2d.animation/Editor/Assets/ComponentIcons/Animation.IKCCD.png using Guid(affd7e74f3f7b465ea861fbf1651b73b) Importer(815301076,1909f56bfc062723c751e8b465ee728b) (PreviewImporter) -> (Import Result ID: 'e494950e1c9a4d1e8a6b7c26dc59fc90') in 0.0257939 seconds [static and dynamic dependencies]. Details - ImportResultOutputID=9b3640bcab27349782dcf0cc69a6e825 DependenciesID=e95d583de16716d3b49761d12dca52e2 StaticDependenciesID=922c1078120b9d5b85ca50b3841c0d6b 
Number of updated asset objects reloaded before import = 0Number of asset objects unloaded after import = 3

========================================================================
Received Import Request.
  Time since last request: 0.000020 seconds.
  path: Packages/com.unity.2d.animation/Editor/Assets/ComponentIcons/Animation.IKCCD@32.png
  importAddress: Guid(99e2d423491be485bafdee152310057a) Importer(815301076,1909f56bfc062723c751e8b465ee728b)
Start importing Packages/com.unity.2d.animation/Editor/Assets/ComponentIcons/Animation.IKCCD@32.png using Guid(99e2d423491be485bafdee152310057a) Importer(815301076,1909f56bfc062723c751e8b465ee728b) (PreviewImporter) -> (Import Result ID: 'e29cfb99e5df64af1cdfe1d51aaab50f') in 0.0314325 seconds [static and dynamic dependencies]. Details - ImportResultOutputID=ee7e4f930a993c5112e5de355f700a66 DependenciesID=428d95d15f31cd5d2e7760590a6b4d8a StaticDependenciesID=01d8ebf29dd54a865e534f88aecb9657 
Number of updated asset objects reloaded before import = 0Number of asset objects unloaded after import = 3

========================================================================
Received Import Request.
  Time since last request: 0.000026 seconds.
  path: Packages/com.unity.2d.animation/Editor/Assets/ComponentIcons/Animation.IKCCD On@128.png
  importAddress: Guid(50d3cd2f336704fcf9cf5b293c10ba9c) Importer(815301076,1909f56bfc062723c751e8b465ee728b)
Start importing Packages/com.unity.2d.animation/Editor/Assets/ComponentIcons/Animation.IKCCD On@128.png using Guid(50d3cd2f336704fcf9cf5b293c10ba9c) Importer(815301076,1909f56bfc062723c751e8b465ee728b) (PreviewImporter) -> (Import Result ID: 'a3ad2bfbb315ddec0f634a06f6b5e1e3') in 0.0289108 seconds [static and dynamic dependencies]. Details - ImportResultOutputID=c2bfb721f680de0993ebf5ae47312793 DependenciesID=ec24bb45eb2bd2b0bb6964372e557cce StaticDependenciesID=39cad7099b45a1f4f084c71aff89359f 
Number of updated asset objects reloaded before import = 0Number of asset objects unloaded after import = 3

========================================================================
Received Import Request.
  Time since last request: 0.000029 seconds.
  path: Packages/com.unity.2d.animation/Editor/Assets/ComponentIcons/Animation.IKCCD On@32.png
  importAddress: Guid(a9354548f1d8e4015830a88081482039) Importer(815301076,1909f56bfc062723c751e8b465ee728b)
Start importing Packages/com.unity.2d.animation/Editor/Assets/ComponentIcons/Animation.IKCCD On@32.png using Guid(a9354548f1d8e4015830a88081482039) Importer(815301076,1909f56bfc062723c751e8b465ee728b) (PreviewImporter) -> (Import Result ID: '27db93ded0684758445b43c886d60370') in 0.0228911 seconds [static and dynamic dependencies]. Details - ImportResultOutputID=690b2ce902bda2a5a2b7fad3bbacacc6 DependenciesID=f97c9c4d4c03918160937c5f22d94ad0 StaticDependenciesID=4fad3b5490cd1de42bde2f329148ce53 
Number of updated asset objects reloaded before import = 0Number of asset objects unloaded after import = 3

========================================================================
Received Import Request.
  Time since last request: 0.168671 seconds.
  path: Packages/com.unity.2d.animation/Editor/Assets/ComponentIcons/Animation.IKCCD@256.png
  importAddress: Guid(1214a7ec362a4479ba225757639c24f2) Importer(815301076,1909f56bfc062723c751e8b465ee728b)
Start importing Packages/com.unity.2d.animation/Editor/Assets/ComponentIcons/Animation.IKCCD@256.png using Guid(1214a7ec362a4479ba225757639c24f2) Importer(815301076,1909f56bfc062723c751e8b465ee728b) (PreviewImporter) -> (Import Result ID: 'c9a72193ffe0e03ce3a79785fdbf44b0') in 0.0438994 seconds [static and dynamic dependencies]. Details - ImportResultOutputID=48ea6129d65d30bad7db4252d7805cc2 DependenciesID=bb55874bda6a84251d7cb6dcfb1dc992 StaticDependenciesID=9fa133f9a788a88b56b7b964629beff3 
Number of updated asset objects reloaded before import = 0Number of asset objects unloaded after import = 3

========================================================================
Received Import Request.
  Time since last request: 0.000027 seconds.
  path: Packages/com.unity.2d.animation/Editor/Assets/ComponentIcons/Animation.IKFabrik On.png
  importAddress: Guid(9efb82d91ad0e4fdfbf6a09635f9d78d) Importer(815301076,1909f56bfc062723c751e8b465ee728b)
Start importing Packages/com.unity.2d.animation/Editor/Assets/ComponentIcons/Animation.IKFabrik On.png using Guid(9efb82d91ad0e4fdfbf6a09635f9d78d) Importer(815301076,1909f56bfc062723c751e8b465ee728b) (PreviewImporter) -> (Import Result ID: '0b9d79fd23c08546b0c7bc69226189b6') in 0.0250929 seconds [static and dynamic dependencies]. Details - ImportResultOutputID=d99ea1485f622fc5f2da350b6baf979e DependenciesID=3d24de174320cb88939f135cb0bc1381 StaticDependenciesID=42ff94f011424797f77d7c17daee4c94 
Number of updated asset objects reloaded before import = 0Number of asset objects unloaded after import = 3

========================================================================
Received Import Request.
  Time since last request: 0.000036 seconds.
  path: Packages/com.unity.2d.animation/Editor/Assets/ComponentIcons/Animation.IKFabrik On@128.png
  importAddress: Guid(950832395ec754ba48ab1cffa214cec0) Importer(815301076,1909f56bfc062723c751e8b465ee728b)
Start importing Packages/com.unity.2d.animation/Editor/Assets/ComponentIcons/Animation.IKFabrik On@128.png using Guid(950832395ec754ba48ab1cffa214cec0) Importer(815301076,1909f56bfc062723c751e8b465ee728b) (PreviewImporter) -> (Import Result ID: '4a7bed661f2454f1742789c681934e16') in 0.0282233 seconds [static and dynamic dependencies]. Details - ImportResultOutputID=2d09beb57617075d96ff062bc89884e6 DependenciesID=faa3e52bf9155972b9b278b86715aedb StaticDependenciesID=ed7c119710ac482912e1f8e6ec94c392 
Number of updated asset objects reloaded before import = 0Number of asset objects unloaded after import = 3

========================================================================
Received Import Request.
  Time since last request: 0.267879 seconds.
  path: Packages/com.unity.2d.animation/Editor/Assets/ComponentIcons/Animation.IKFabrik@64.png
  importAddress: Guid(934b23cc1699f467688d787b9d303561) Importer(815301076,1909f56bfc062723c751e8b465ee728b)
Start importing Packages/com.unity.2d.animation/Editor/Assets/ComponentIcons/Animation.IKFabrik@64.png using Guid(934b23cc1699f467688d787b9d303561) Importer(815301076,1909f56bfc062723c751e8b465ee728b) (PreviewImporter) -> (Import Result ID: 'e18c61d08d0ca9680cb56819c35ab53a') in 0.02694 seconds [static and dynamic dependencies]. Details - ImportResultOutputID=9577c31171c8bde4efaa4f9fc44dc028 DependenciesID=7ffbcb6f200cd064757daff6961a9ada StaticDependenciesID=a068cf81abe609dceb4887047723bfba 
Number of updated asset objects reloaded before import = 0Number of asset objects unloaded after import = 3

========================================================================
Received Import Request.
  Time since last request: 0.000074 seconds.
  path: Packages/com.unity.2d.animation/Editor/Assets/ComponentIcons/Animation.IKLimb.png
  importAddress: Guid(cf11b38b95bcf4dac8b48952d4fd11b8) Importer(815301076,1909f56bfc062723c751e8b465ee728b)
Start importing Packages/com.unity.2d.animation/Editor/Assets/ComponentIcons/Animation.IKLimb.png using Guid(cf11b38b95bcf4dac8b48952d4fd11b8) Importer(815301076,1909f56bfc062723c751e8b465ee728b) (PreviewImporter) -> (Import Result ID: 'ffe9661c5e6c637b1b1a509fcbc1fcda') in 0.0271321 seconds [static and dynamic dependencies]. Details - ImportResultOutputID=367ec442c834b3af3e29c007cdfdfae9 DependenciesID=c5e45f28807b13f95ef2435769c9e11c StaticDependenciesID=e94c19eae931b1d7504b5e3bb96f7826 
Number of updated asset objects reloaded before import = 0Number of asset objects unloaded after import = 3

========================================================================
Received Import Request.
  Time since last request: 0.000021 seconds.
  path: Packages/com.unity.2d.animation/Editor/Assets/ComponentIcons/Animation.IKLimb On@64.png
  importAddress: Guid(b88a78d35a73e4a33bf6788d22e3cb67) Importer(815301076,1909f56bfc062723c751e8b465ee728b)
Start importing Packages/com.unity.2d.animation/Editor/Assets/ComponentIcons/Animation.IKLimb On@64.png using Guid(b88a78d35a73e4a33bf6788d22e3cb67) Importer(815301076,1909f56bfc062723c751e8b465ee728b) (PreviewImporter) -> (Import Result ID: '7cd3f34b01c3e9aabec3d5b8bc5aede4') in 0.0219921 seconds [static and dynamic dependencies]. Details - ImportResultOutputID=b6fea49314b2aecf2242db048d8fd3cd DependenciesID=5add472d0c3415c92878e12e812ef5b5 StaticDependenciesID=9017fa4f2a5c751229b761bbc0085567 
Number of updated asset objects reloaded before import = 0Number of asset objects unloaded after import = 3

========================================================================
Received Import Request.
  Time since last request: 0.000027 seconds.
  path: Packages/com.unity.2d.animation/Editor/Assets/ComponentIcons/Animation.IKLimb On@256.png
  importAddress: Guid(190c43ac8c7af48e2ae7663a44f1c7ec) Importer(815301076,1909f56bfc062723c751e8b465ee728b)
Start importing Packages/com.unity.2d.animation/Editor/Assets/ComponentIcons/Animation.IKLimb On@256.png using Guid(190c43ac8c7af48e2ae7663a44f1c7ec) Importer(815301076,1909f56bfc062723c751e8b465ee728b) (PreviewImporter) -> (Import Result ID: 'afca02802abfee308f53b253c35c291b') in 0.0298384 seconds [static and dynamic dependencies]. Details - ImportResultOutputID=8b8176592700ad6d0f358a51d418e0f1 DependenciesID=696ffb30fb1ab91fc13e13bed80b2f3d StaticDependenciesID=2efed996e4edf6aab3df4f259877930f 
Number of updated asset objects reloaded before import = 0Number of asset objects unloaded after import = 3

========================================================================
Received Import Request.
  Time since last request: 0.064568 seconds.
  path: Packages/com.unity.2d.animation/Editor/Assets/ComponentIcons/Animation.IKLimb@64.png
  importAddress: Guid(0aa01ed159728414b863dd9c7aa7f596) Importer(815301076,1909f56bfc062723c751e8b465ee728b)
Start importing Packages/com.unity.2d.animation/Editor/Assets/ComponentIcons/Animation.IKLimb@64.png using Guid(0aa01ed159728414b863dd9c7aa7f596) Importer(815301076,1909f56bfc062723c751e8b465ee728b) (PreviewImporter) -> (Import Result ID: 'b42489db402ea5362e91434f324ed595') in 0.0286105 seconds [static and dynamic dependencies]. Details - ImportResultOutputID=c07bd7b9341e7ef9de17de3e4d8f7cf3 DependenciesID=8dc4cf7ccc79d4b005fe1b7c9591340c StaticDependenciesID=ecf972594315388219c92fb800d27ae6 
Number of updated asset objects reloaded before import = 0Number of asset objects unloaded after import = 3

========================================================================
Received Import Request.
  Time since last request: 0.319935 seconds.
  path: Packages/com.unity.2d.animation/Editor/Assets/ComponentIcons/Animation.IKLimb@256.png
  importAddress: Guid(4a3eebea80ac54fd3818f6a36c36168d) Importer(815301076,1909f56bfc062723c751e8b465ee728b)
Start importing Packages/com.unity.2d.animation/Editor/Assets/ComponentIcons/Animation.IKLimb@256.png using Guid(4a3eebea80ac54fd3818f6a36c36168d) Importer(815301076,1909f56bfc062723c751e8b465ee728b) (PreviewImporter) -> (Import Result ID: '5cd57055afa25acc01edfb39f1e3effe') in 0.0262823 seconds [static and dynamic dependencies]. Details - ImportResultOutputID=f59695a9c40825b0f155cea190c3cd07 DependenciesID=ac1bb9763ee21c88676c1ef0d7b9bd91 StaticDependenciesID=2275507cec70416c34cf1dfd03a6bcb5 
Number of updated asset objects reloaded before import = 0Number of asset objects unloaded after import = 3

========================================================================
Received Import Request.
  Time since last request: 0.000021 seconds.
  path: Packages/com.unity.2d.animation/Editor/Assets/ComponentIcons/Animation.IKManager On@32.png
  importAddress: Guid(48e86ca3e41834f60b0eae5fb521cfc4) Importer(815301076,1909f56bfc062723c751e8b465ee728b)
Start importing Packages/com.unity.2d.animation/Editor/Assets/ComponentIcons/Animation.IKManager On@32.png using Guid(48e86ca3e41834f60b0eae5fb521cfc4) Importer(815301076,1909f56bfc062723c751e8b465ee728b) (PreviewImporter) -> (Import Result ID: 'a002aacd008b65de28d27cd3235f22c7') in 0.0260088 seconds [static and dynamic dependencies]. Details - ImportResultOutputID=4f04c41b0d40849ac6a52d7af897896e DependenciesID=0b2d8251949a5fc9facf99ab759635f9 StaticDependenciesID=1517f8d377f10a48b9584bf9bff2d344 
Number of updated asset objects reloaded before import = 0Number of asset objects unloaded after import = 3

========================================================================
Received Import Request.
  Time since last request: 0.000021 seconds.
  path: Packages/com.unity.2d.animation/Editor/Assets/ComponentIcons/Animation.IKManager On@256.png
  importAddress: Guid(a4bde53ec7c104f868be7329e31dd480) Importer(815301076,1909f56bfc062723c751e8b465ee728b)
Start importing Packages/com.unity.2d.animation/Editor/Assets/ComponentIcons/Animation.IKManager On@256.png using Guid(a4bde53ec7c104f868be7329e31dd480) Importer(815301076,1909f56bfc062723c751e8b465ee728b) (PreviewImporter) -> (Import Result ID: '7d85cd87c0ad6d9c0e6fa11a02ca608f') in 0.0298416 seconds [static and dynamic dependencies]. Details - ImportResultOutputID=5a7e6d6dd1c673a402624016551398cd DependenciesID=7075e137101b9373d0d50ecf8ee8e2ad StaticDependenciesID=7fcf5bcd94fa23d893034798e4b14f63 
Number of updated asset objects reloaded before import = 0Number of asset objects unloaded after import = 3

========================================================================
Received Import Request.
  Time since last request: 0.000022 seconds.
  path: Packages/com.unity.2d.animation/Editor/Assets/ComponentIcons/Animation.SpriteLibrary.asset
  importAddress: Guid(33f954c4cbc334f2f92518b5f4a95a11) Importer(815301076,1909f56bfc062723c751e8b465ee728b)
Start importing Packages/com.unity.2d.animation/Editor/Assets/ComponentIcons/Animation.SpriteLibrary.asset using Guid(33f954c4cbc334f2f92518b5f4a95a11) Importer(815301076,1909f56bfc062723c751e8b465ee728b) (PreviewImporter) -> (Import Result ID: '31e14ca7815c50ee90ea1588fcf87292') in 0.0385986 seconds [static and dynamic dependencies]. Details - ImportResultOutputID=ee097601644284ed62c4ec06aacaa17e DependenciesID=6d48caf651ea640194fc536774a284dd StaticDependenciesID=5ffd4b0b840145134df1ee625e5ca3b3 
Number of updated asset objects reloaded before import = 0Number of asset objects unloaded after import = 2

========================================================================
Received Import Request.
  Time since last request: 0.000027 seconds.
  path: Packages/com.unity.2d.animation/Editor/Assets/ComponentIcons/Animation.SpriteLibrary On@128.png
  importAddress: Guid(46e8f61d13f8b49c7b2ac6beb5788f2c) Importer(815301076,1909f56bfc062723c751e8b465ee728b)
Start importing Packages/com.unity.2d.animation/Editor/Assets/ComponentIcons/Animation.SpriteLibrary On@128.png using Guid(46e8f61d13f8b49c7b2ac6beb5788f2c) Importer(815301076,1909f56bfc062723c751e8b465ee728b) (PreviewImporter) -> (Import Result ID: '08052637c389808175705924bacba413') in 0.0283871 seconds [static and dynamic dependencies]. Details - ImportResultOutputID=057732c91787243b939e6543a3e066cb DependenciesID=902d69407aa417ff640ccfb8305b7b89 StaticDependenciesID=cea253d3d7494f5a48fbaad58121f06b 
Number of updated asset objects reloaded before import = 0Number of asset objects unloaded after import = 3

========================================================================
Received Import Request.
  Time since last request: 0.000019 seconds.
  path: Packages/com.unity.2d.animation/Editor/Assets/ComponentIcons/Animation.SpriteLibrary.png
  importAddress: Guid(3024cb66f112f47f599953fe508d632f) Importer(815301076,1909f56bfc062723c751e8b465ee728b)
Start importing Packages/com.unity.2d.animation/Editor/Assets/ComponentIcons/Animation.SpriteLibrary.png using Guid(3024cb66f112f47f599953fe508d632f) Importer(815301076,1909f56bfc062723c751e8b465ee728b) (PreviewImporter) -> (Import Result ID: '22406202aef5994c2a94859c3cf5984a') in 0.0237031 seconds [static and dynamic dependencies]. Details - ImportResultOutputID=df873147af6f35e5a7e85aeaed0145c1 DependenciesID=20b418ea79a6968e0c1a6c012bb04c80 StaticDependenciesID=e96d7b51ee920658d25becd122b09c26 
Number of updated asset objects reloaded before import = 0Number of asset objects unloaded after import = 3

========================================================================
Received Import Request.
  Time since last request: 0.125416 seconds.
  path: Packages/com.unity.2d.animation/Editor/Assets/ComponentIcons/Animation.SpriteLibrary@2x.png
  importAddress: Guid(4c962e26d197d4a78af313c9eba7f136) Importer(815301076,1909f56bfc062723c751e8b465ee728b)
Start importing Packages/com.unity.2d.animation/Editor/Assets/ComponentIcons/Animation.SpriteLibrary@2x.png using Guid(4c962e26d197d4a78af313c9eba7f136) Importer(815301076,1909f56bfc062723c751e8b465ee728b) (PreviewImporter) -> (Import Result ID: 'd9e1205c9c07951d7cf2e5c46f3c8658') in 0.0278977 seconds [static and dynamic dependencies]. Details - ImportResultOutputID=24d28db08b693a8536d31dff89b9ae0e DependenciesID=1cd1b99a54171fe03e267a5ae228c952 StaticDependenciesID=59b2539e57910496091b27f968e4fba8 
Number of updated asset objects reloaded before import = 0Number of asset objects unloaded after import = 4

========================================================================
Received Import Request.
  Time since last request: 0.010576 seconds.
  path: Packages/com.unity.2d.animation/Editor/Assets/ComponentIcons/Animation.SpriteLibrary@128.png
  importAddress: Guid(efb08993e46994800a736d1f88e89019) Importer(815301076,1909f56bfc062723c751e8b465ee728b)
Start importing Packages/com.unity.2d.animation/Editor/Assets/ComponentIcons/Animation.SpriteLibrary@128.png using Guid(efb08993e46994800a736d1f88e89019) Importer(815301076,1909f56bfc062723c751e8b465ee728b) (PreviewImporter) -> (Import Result ID: 'eb1865652625f9b3869a41a6a1e63bed') in 0.0304614 seconds [static and dynamic dependencies]. Details - ImportResultOutputID=652054788c556395ff3e2947fbeb690e DependenciesID=6e17745c91f06490219df33462d3a327 StaticDependenciesID=9e57b8338a9726cb0a3286b7ce04b80c 
Number of updated asset objects reloaded before import = 0Number of asset objects unloaded after import = 3

========================================================================
Received Import Request.
  Time since last request: 0.291774 seconds.
  path: Packages/com.unity.2d.animation/Editor/Assets/ComponentIcons/Animation.SpriteLibraryManager On.png
  importAddress: Guid(aea51f1a175ef466e95835d2787d061f) Importer(815301076,1909f56bfc062723c751e8b465ee728b)
Start importing Packages/com.unity.2d.animation/Editor/Assets/ComponentIcons/Animation.SpriteLibraryManager On.png using Guid(aea51f1a175ef466e95835d2787d061f) Importer(815301076,1909f56bfc062723c751e8b465ee728b) (PreviewImporter) -> (Import Result ID: 'b32b23fa13c03c901b7fe61c9e5c36ae') in 0.0304484 seconds [static and dynamic dependencies]. Details - ImportResultOutputID=91703a310abb711233d9bc826d6f6c2f DependenciesID=0d8686ec48160938fb5a8ce1025c2c10 StaticDependenciesID=ccf8b905a0e2bf079ac8178caf97f60d 
Number of updated asset objects reloaded before import = 0Number of asset objects unloaded after import = 3

========================================================================
Received Import Request.
  Time since last request: 0.026407 seconds.
  path: Packages/com.unity.2d.animation/Editor/Assets/ComponentIcons/Animation.SpriteLibraryManager On@64.png
  importAddress: Guid(ac5de94053f294b929e8105eced63bbe) Importer(815301076,1909f56bfc062723c751e8b465ee728b)
Start importing Packages/com.unity.2d.animation/Editor/Assets/ComponentIcons/Animation.SpriteLibraryManager On@64.png using Guid(ac5de94053f294b929e8105eced63bbe) Importer(815301076,1909f56bfc062723c751e8b465ee728b) (PreviewImporter) -> (Import Result ID: '98a0b483c8134252c4a91d1bddab4148') in 0.0265035 seconds [static and dynamic dependencies]. Details - ImportResultOutputID=7282a635cacbcb42baf34b9d1c669f46 DependenciesID=d749ebb3b824aebc0f1036d4957d93f5 StaticDependenciesID=3b38d4836535ce4c199818fbf58ccd1c 
Number of updated asset objects reloaded before import = 0Number of asset objects unloaded after import = 3

========================================================================
Received Import Request.
  Time since last request: 0.000025 seconds.
  path: Packages/com.unity.2d.animation/Editor/Assets/ComponentIcons/Animation.SpriteLibraryManager On@256.png
  importAddress: Guid(093d252d1d41041c8b4df35c330dcc59) Importer(815301076,1909f56bfc062723c751e8b465ee728b)
Start importing Packages/com.unity.2d.animation/Editor/Assets/ComponentIcons/Animation.SpriteLibraryManager On@256.png using Guid(093d252d1d41041c8b4df35c330dcc59) Importer(815301076,1909f56bfc062723c751e8b465ee728b) (PreviewImporter) -> (Import Result ID: 'f87b61f43122f9db7bb878ee76e89f98') in 0.030376 seconds [static and dynamic dependencies]. Details - ImportResultOutputID=4791ddee59b5f94a80751f117cbf58a7 DependenciesID=711b9278a69d92798d739df91ff34f28 StaticDependenciesID=0d3de125ee41949181048895a16a3506 
Number of updated asset objects reloaded before import = 0Number of asset objects unloaded after import = 3

========================================================================
Received Import Request.
  Time since last request: 0.003861 seconds.
  path: Packages/com.unity.2d.animation/Editor/Assets/ComponentIcons/Animation.SpriteLibraryManager@32.png
  importAddress: Guid(3b9a6aa9cd66c475ea8cba88e186779f) Importer(815301076,1909f56bfc062723c751e8b465ee728b)
Start importing Packages/com.unity.2d.animation/Editor/Assets/ComponentIcons/Animation.SpriteLibraryManager@32.png using Guid(3b9a6aa9cd66c475ea8cba88e186779f) Importer(815301076,1909f56bfc062723c751e8b465ee728b) (PreviewImporter) -> (Import Result ID: 'c23750ed6e874149c63c5e417d868286') in 0.0278754 seconds [static and dynamic dependencies]. Details - ImportResultOutputID=c50ec9c408961348f999394a28861c29 DependenciesID=a2fdd1e4cc800a3404cb8f035bbbb240 StaticDependenciesID=a5a4ea101b5f2e214e84d5095e776b39 
Number of updated asset objects reloaded before import = 0Number of asset objects unloaded after import = 3

========================================================================
Received Import Request.
  Time since last request: 0.066035 seconds.
  path: Packages/com.unity.2d.animation/Editor/Assets/ComponentIcons/Animation.SpriteLibraryVar.png
  importAddress: Guid(0490d28a1206e4c4cb4954be7b678980) Importer(815301076,1909f56bfc062723c751e8b465ee728b)
Start importing Packages/com.unity.2d.animation/Editor/Assets/ComponentIcons/Animation.SpriteLibraryVar.png using Guid(0490d28a1206e4c4cb4954be7b678980) Importer(815301076,1909f56bfc062723c751e8b465ee728b) (PreviewImporter) -> (Import Result ID: '4c9dbeda185ada6ecb36f9b359676b05') in 0.0298018 seconds [static and dynamic dependencies]. Details - ImportResultOutputID=5fed5f504ae9a5917a27e9f0a41d2aad DependenciesID=341b16ff55537ebf0d3dadd6fc80c98c StaticDependenciesID=58b317c98369b295a565d4924524a4ff 
Number of updated asset objects reloaded before import = 0Number of asset objects unloaded after import = 3

========================================================================
Received Import Request.
  Time since last request: 0.000021 seconds.
  path: Packages/com.unity.2d.animation/Editor/Assets/ComponentIcons/Animation.SpriteLibraryVar On@32.png
  importAddress: Guid(2a8bf227319d4421f91d9375e3ae59bf) Importer(815301076,1909f56bfc062723c751e8b465ee728b)
Start importing Packages/com.unity.2d.animation/Editor/Assets/ComponentIcons/Animation.SpriteLibraryVar On@32.png using Guid(2a8bf227319d4421f91d9375e3ae59bf) Importer(815301076,1909f56bfc062723c751e8b465ee728b) (PreviewImporter) -> (Import Result ID: 'f5c84a3bf962c13778b1f31a43270a0b') in 0.023384 seconds [static and dynamic dependencies]. Details - ImportResultOutputID=c8fc24110298dd4505fe250b10c20ae9 DependenciesID=0e1fa4a850f40873bc9c22d58f0b1163 StaticDependenciesID=6a23d8cabd53b9ad42b67354fd1eaecc 
Number of updated asset objects reloaded before import = 0Number of asset objects unloaded after import = 3

========================================================================
Received Import Request.
  Time since last request: 0.000022 seconds.
  path: Packages/com.unity.2d.animation/Editor/Assets/ComponentIcons/Animation.SpriteLibraryVar On@128.png
  importAddress: Guid(e2c573f07f6d7471d9cad8cb2a5fece0) Importer(815301076,1909f56bfc062723c751e8b465ee728b)
Start importing Packages/com.unity.2d.animation/Editor/Assets/ComponentIcons/Animation.SpriteLibraryVar On@128.png using Guid(e2c573f07f6d7471d9cad8cb2a5fece0) Importer(815301076,1909f56bfc062723c751e8b465ee728b) (PreviewImporter) -> (Import Result ID: '64d70cfec8c1be64aa3c12a0b323b0b1') in 0.0272899 seconds [static and dynamic dependencies]. Details - ImportResultOutputID=ccdff6353fc5bdf6999ac3a930c9887d DependenciesID=55b0473034209be25a8e1d207dac66ee StaticDependenciesID=4c4c7a90548f9a27fbb11e6118366f92 
Number of updated asset objects reloaded before import = 0Number of asset objects unloaded after import = 3

========================================================================
Received Import Request.
  Time since last request: 0.000115 seconds.
  path: Packages/com.unity.2d.animation/Editor/Assets/ComponentIcons/Animation.SpriteLibraryVar@32.png
  importAddress: Guid(3e3d41c162ad74767b66168d4d94b99c) Importer(815301076,1909f56bfc062723c751e8b465ee728b)
Start importing Packages/com.unity.2d.animation/Editor/Assets/ComponentIcons/Animation.SpriteLibraryVar@32.png using Guid(3e3d41c162ad74767b66168d4d94b99c) Importer(815301076,1909f56bfc062723c751e8b465ee728b) (PreviewImporter) -> (Import Result ID: '04cbbca6b328610c3b86c98c3da9b87c') in 0.024859 seconds [static and dynamic dependencies]. Details - ImportResultOutputID=6550e3ef5e67e02550f53c2189e6fd6d DependenciesID=8aea0df9993c98ff1e01482dc7392cb2 StaticDependenciesID=24b43ca82d9eeb081e65ab8f39997f68 
Number of updated asset objects reloaded before import = 0Number of asset objects unloaded after import = 3

========================================================================
Received Import Request.
  Time since last request: 0.000021 seconds.
  path: Packages/com.unity.2d.animation/Editor/Assets/ComponentIcons/Animation.SpriteLibraryVar@256.png
  importAddress: Guid(af04f3196abef440b94c03fbe3dab00f) Importer(815301076,1909f56bfc062723c751e8b465ee728b)
Start importing Packages/com.unity.2d.animation/Editor/Assets/ComponentIcons/Animation.SpriteLibraryVar@256.png using Guid(af04f3196abef440b94c03fbe3dab00f) Importer(815301076,1909f56bfc062723c751e8b465ee728b) (PreviewImporter) -> (Import Result ID: 'd492b764e180c0475e7d01bdadbffaf1') in 0.0282345 seconds [static and dynamic dependencies]. Details - ImportResultOutputID=f8b558a20d9e1bce32d04c5213629081 DependenciesID=28be4b783148368fc7d67d5f2bc2adb7 StaticDependenciesID=da96f069e4f29d3d87ff581e66a0ef6e 
Number of updated asset objects reloaded before import = 0Number of asset objects unloaded after import = 3

========================================================================
Received Import Request.
  Time since last request: 0.000017 seconds.
  path: Packages/com.unity.2d.animation/Editor/Assets/ComponentIcons/Animation.SpriteResolver On@32.png
  importAddress: Guid(6e2a81314a40c43849866fb7490cb521) Importer(815301076,1909f56bfc062723c751e8b465ee728b)
Start importing Packages/com.unity.2d.animation/Editor/Assets/ComponentIcons/Animation.SpriteResolver On@32.png using Guid(6e2a81314a40c43849866fb7490cb521) Importer(815301076,1909f56bfc062723c751e8b465ee728b) (PreviewImporter) -> (Import Result ID: '440d79dfed3f2277fafb9fb4f3686730') in 0.0337209 seconds [static and dynamic dependencies]. Details - ImportResultOutputID=300e4ca9d5e02b78cc0f1e4cc24b8b3e DependenciesID=b2c6fe9f489dd2dabbbc183035d84cf1 StaticDependenciesID=edf35697afe14017c792ee268e2f7985 
Number of updated asset objects reloaded before import = 0Number of asset objects unloaded after import = 3

========================================================================
Received Import Request.
  Time since last request: 0.000026 seconds.
  path: Packages/com.unity.2d.animation/Editor/Assets/ComponentIcons/Animation.SpriteResolver On@256.png
  importAddress: Guid(fa557b89ecf3d44f2b6cae783ce09806) Importer(815301076,1909f56bfc062723c751e8b465ee728b)
Start importing Packages/com.unity.2d.animation/Editor/Assets/ComponentIcons/Animation.SpriteResolver On@256.png using Guid(fa557b89ecf3d44f2b6cae783ce09806) Importer(815301076,1909f56bfc062723c751e8b465ee728b) (PreviewImporter) -> (Import Result ID: '59aaf072a3ce40d37b47f4d7e4a6b67f') in 0.0268679 seconds [static and dynamic dependencies]. Details - ImportResultOutputID=d55833ec8a93a17074cac80ca0cdcf5f DependenciesID=f8585cff793aca93e1310d47da462989 StaticDependenciesID=ae3d68e983f736e83a844b6019476100 
Number of updated asset objects reloaded before import = 0Number of asset objects unloaded after import = 3

========================================================================
Received Import Request.
  Time since last request: 0.239520 seconds.
  path: Packages/com.unity.2d.animation/Editor/Assets/ComponentIcons/Animation.SpriteResolver@64.png
  importAddress: Guid(b1640c283050b4d23a677c6a445f058c) Importer(815301076,1909f56bfc062723c751e8b465ee728b)
Start importing Packages/com.unity.2d.animation/Editor/Assets/ComponentIcons/Animation.SpriteResolver@64.png using Guid(b1640c283050b4d23a677c6a445f058c) Importer(815301076,1909f56bfc062723c751e8b465ee728b) (PreviewImporter) -> (Import Result ID: '3783299bcab2fc5b2509270292d5826a') in 0.0238276 seconds [static and dynamic dependencies]. Details - ImportResultOutputID=533c6025f625d8f98afd61929cebba9f DependenciesID=53086c2efd8a4293327a63c82ef62136 StaticDependenciesID=29aa9f4de889387b6097b38cc8988473 
Number of updated asset objects reloaded before import = 0Number of asset objects unloaded after import = 3

========================================================================
Received Import Request.
  Time since last request: 0.000018 seconds.
  path: Packages/com.unity.2d.animation/Editor/Assets/ComponentIcons/Animation.SpriteSkin.asset
  importAddress: Guid(607b17a3f96ae4b97b6b24dcdb2012ee) Importer(815301076,1909f56bfc062723c751e8b465ee728b)
Start importing Packages/com.unity.2d.animation/Editor/Assets/ComponentIcons/Animation.SpriteSkin.asset using Guid(607b17a3f96ae4b97b6b24dcdb2012ee) Importer(815301076,1909f56bfc062723c751e8b465ee728b) (PreviewImporter) -> (Import Result ID: '29ff733ed3cb48ae2e26061e46e4e964') in 0.0228927 seconds [static and dynamic dependencies]. Details - ImportResultOutputID=1be4cf9aa662e39fd3546fc87e0b7952 DependenciesID=03dc718ec626230edca4854eda5f5d1e StaticDependenciesID=d1cb55d82c0d150de1ad4aa2bcf43c5a 
Number of updated asset objects reloaded before import = 0Number of asset objects unloaded after import = 2

========================================================================
Received Import Request.
  Time since last request: 0.000017 seconds.
  path: Packages/com.unity.2d.animation/Editor/Assets/ComponentIcons/Animation.SpriteSkin On@256.png
  importAddress: Guid(678e07380549544ef9884c1817c65ae8) Importer(815301076,1909f56bfc062723c751e8b465ee728b)
Start importing Packages/com.unity.2d.animation/Editor/Assets/ComponentIcons/Animation.SpriteSkin On@256.png using Guid(678e07380549544ef9884c1817c65ae8) Importer(815301076,1909f56bfc062723c751e8b465ee728b) (PreviewImporter) -> (Import Result ID: '6b48f3194e1d985d55062b68ac317744') in 0.026502 seconds [static and dynamic dependencies]. Details - ImportResultOutputID=a8d0e1f9839d1a9db5b9e7e094290560 DependenciesID=6a8fc6244de88decd4249fe25249fdc5 StaticDependenciesID=53fc3722c905cf202c83faae6dea2bdb 
Number of updated asset objects reloaded before import = 0Number of asset objects unloaded after import = 3

========================================================================
Received Import Request.
  Time since last request: 0.000021 seconds.
  path: Packages/com.unity.cinemachine/Runtime/Debug/CinemachineRuntimeTheme.tss
  importAddress: Guid(df9aec944f4474a04847b6d6375e4138) Importer(815301076,1909f56bfc062723c751e8b465ee728b)
Start importing Packages/com.unity.cinemachine/Runtime/Debug/CinemachineRuntimeTheme.tss using Guid(df9aec944f4474a04847b6d6375e4138) Importer(815301076,1909f56bfc062723c751e8b465ee728b) (PreviewImporter) -> (Import Result ID: '50b4257a102602b4e6af20a81d310e0a') in 0.6473594 seconds [static and dynamic dependencies]. Details - ImportResultOutputID=dfee32d63a5e18441d29891284b810e9 DependenciesID=dfd6fcebb18313dba339720805af396b StaticDependenciesID=75e15d5fe5f01a51c08a815ff46c57b4 
Number of updated asset objects reloaded before import = 0Number of asset objects unloaded after import = 29

========================================================================
Received Import Request.
  Time since last request: 0.000061 seconds.
  path: Packages/com.unity.shadergraph/Editor/Resources/GraphView/Nodes/BlackboardFieldExposed.png
  importAddress: Guid(2e8113252e9a1b245a81dc384ae86446) Importer(815301076,1909f56bfc062723c751e8b465ee728b)
Start importing Packages/com.unity.shadergraph/Editor/Resources/GraphView/Nodes/BlackboardFieldExposed.png using Guid(2e8113252e9a1b245a81dc384ae86446) Importer(815301076,1909f56bfc062723c751e8b465ee728b) (PreviewImporter) -> (Import Result ID: '20c92074c598c3cc550d0eb59023c839') in 0.0246478 seconds [static and dynamic dependencies]. Details - ImportResultOutputID=e27f86f8b001367a178b45e19a385bd8 DependenciesID=e3ff7547b28a0d93e880ff5075479563 StaticDependenciesID=e62f5104601af8ad9c5ffa22baa23711 
Number of updated asset objects reloaded before import = 0Number of asset objects unloaded after import = 2

========================================================================
Received Import Request.
  Time since last request: 0.000027 seconds.
  path: Packages/com.unity.inputsystem/InputSystem/Editor/AssetEditor/PackageResources/blue.png
  importAddress: Guid(33f32142c2c2d4662be5f5274db27158) Importer(815301076,1909f56bfc062723c751e8b465ee728b)
Start importing Packages/com.unity.inputsystem/InputSystem/Editor/AssetEditor/PackageResources/blue.png using Guid(33f32142c2c2d4662be5f5274db27158) Importer(815301076,1909f56bfc062723c751e8b465ee728b) (PreviewImporter) -> (Import Result ID: 'c39c86773a2d9ffb7aee32e5008884d5') in 0.0227024 seconds [static and dynamic dependencies]. Details - ImportResultOutputID=1fb546a33a8f86082be5cfe2b342b93f DependenciesID=33e5fe6d8c380d419013a93811e1c8a0 StaticDependenciesID=47a133a012d0b53e7b6542c83d2e82bd 
Number of updated asset objects reloaded before import = 0Number of asset objects unloaded after import = 2

========================================================================
Received Import Request.
  Time since last request: 0.000028 seconds.
  path: Packages/com.unity.2d.animation/Editor/Assets/EditorIcons/Selected/Bone_Influence@2x.png
  importAddress: Guid(0779ad3feec52124e97114bcbb12ef13) Importer(815301076,1909f56bfc062723c751e8b465ee728b)
Start importing Packages/com.unity.2d.animation/Editor/Assets/EditorIcons/Selected/Bone_Influence@2x.png using Guid(0779ad3feec52124e97114bcbb12ef13) Importer(815301076,1909f56bfc062723c751e8b465ee728b) (PreviewImporter) -> (Import Result ID: '03d90973333285f940ed8af774e67aa4') in 0.0340741 seconds [static and dynamic dependencies]. Details - ImportResultOutputID=89cc4ce2cef1b750c0a9002ac369237a DependenciesID=0eebf0e5d9f8e39d9093056370bf993b StaticDependenciesID=e5e29418e5ebe0e5be3cac749b65c5f9 
Number of updated asset objects reloaded before import = 0Number of asset objects unloaded after import = 3

========================================================================
Received Import Request.
  Time since last request: 0.000038 seconds.
  path: Packages/com.unity.render-pipelines.core/Editor/Lighting/Icons/LightUnitIcons/BlueSky@2x.png
  importAddress: Guid(42382485181c7b4429560828f54a2bae) Importer(815301076,1909f56bfc062723c751e8b465ee728b)
Start importing Packages/com.unity.render-pipelines.core/Editor/Lighting/Icons/LightUnitIcons/BlueSky@2x.png using Guid(42382485181c7b4429560828f54a2bae) Importer(815301076,1909f56bfc062723c751e8b465ee728b) (PreviewImporter) -> (Import Result ID: 'efae8913339e6fc6645795045e6f5cbb') in 0.0244 seconds [static and dynamic dependencies]. Details - ImportResultOutputID=216273f1fd05426e66558b14b79653fd DependenciesID=62ebd5d61cd0b304f67078f529858c92 StaticDependenciesID=237bbeb49ca878f8433e54d86f943085 
Number of updated asset objects reloaded before import = 0Number of asset objects unloaded after import = 2

========================================================================
Received Import Request.
  Time since last request: 0.000048 seconds.
  path: Packages/com.unity.inputsystem/InputSystem/Editor/Icons/Axis@2x.png
  importAddress: Guid(d0006d51a864248adba0238883f8c71e) Importer(815301076,1909f56bfc062723c751e8b465ee728b)
Start importing Packages/com.unity.inputsystem/InputSystem/Editor/Icons/Axis@2x.png using Guid(d0006d51a864248adba0238883f8c71e) Importer(815301076,1909f56bfc062723c751e8b465ee728b) (PreviewImporter) -> (Import Result ID: '8183b4ba0da1c266d761fdd85eb4cf15') in 0.0276188 seconds [static and dynamic dependencies]. Details - ImportResultOutputID=a2814a42fdd95ca9d6646dfa201f8453 DependenciesID=3a27956494f727365943df210282d774 StaticDependenciesID=9c25b3a46e2a1573cf951fe3e10af848 
Number of updated asset objects reloaded before import = 0Number of asset objects unloaded after import = 2

========================================================================
Received Import Request.
  Time since last request: 0.000032 seconds.
  path: Packages/com.unity.shadergraph/Editor/Resources/Icons/blackboard@2x.png
  importAddress: Guid(aed2175e23cfe426e8678485b004714e) Importer(815301076,1909f56bfc062723c751e8b465ee728b)
Start importing Packages/com.unity.shadergraph/Editor/Resources/Icons/blackboard@2x.png using Guid(aed2175e23cfe426e8678485b004714e) Importer(815301076,1909f56bfc062723c751e8b465ee728b) (PreviewImporter) -> (Import Result ID: '5929f247d945853185ad04ad073ab079') in 0.0264102 seconds [static and dynamic dependencies]. Details - ImportResultOutputID=a42ee01fe74caf1901db7e7ef6c33975 DependenciesID=7318b03dd1870943c2a259b15daa510d StaticDependenciesID=4b432d239d8e5ff6b614b379bbd162dd 
Number of updated asset objects reloaded before import = 0Number of asset objects unloaded after import = 2

========================================================================
Received Import Request.
  Time since last request: 0.201426 seconds.
  path: Packages/com.unity.2d.animation/Editor/Assets/EditorIcons/Selected/Bone_Influence@3x.png
  importAddress: Guid(68e5a78013e33f247822a837e55b0ab4) Importer(815301076,1909f56bfc062723c751e8b465ee728b)
Start importing Packages/com.unity.2d.animation/Editor/Assets/EditorIcons/Selected/Bone_Influence@3x.png using Guid(68e5a78013e33f247822a837e55b0ab4) Importer(815301076,1909f56bfc062723c751e8b465ee728b) (PreviewImporter) -> (Import Result ID: 'c2aa6e620770216c417b739a6556199f') in 0.0314077 seconds [static and dynamic dependencies]. Details - ImportResultOutputID=956a12ceb94af3d0b260a18cc1eb6673 DependenciesID=e3155ac87c820ff81c30d1c4132d88a2 StaticDependenciesID=4da51628f4d151ad76efb9ee29ae0d38 
Number of updated asset objects reloaded before import = 0Number of asset objects unloaded after import = 3

========================================================================
Received Import Request.
  Time since last request: 3.211404 seconds.
  path: Packages/com.unity.2d.animation/Editor/Assets/EditorIcons/Light/Bone_Influence@4x.png
  importAddress: Guid(c7aa62ae78ffca0498c89e5f45f94c0e) Importer(815301076,1909f56bfc062723c751e8b465ee728b)
Start importing Packages/com.unity.2d.animation/Editor/Assets/EditorIcons/Light/Bone_Influence@4x.png using Guid(c7aa62ae78ffca0498c89e5f45f94c0e) Importer(815301076,1909f56bfc062723c751e8b465ee728b) (PreviewImporter) -> (Import Result ID: 'aaf23baf00341dc7b4a1736054138334') in 0.0215982 seconds [static and dynamic dependencies]. Details - ImportResultOutputID=a85b4459bb57ec859eb3e619b3c8e846 DependenciesID=1c5524e4b2694a1d360e4ac33f8c0532 StaticDependenciesID=c1617953acb98ab660942fd39f7aeb42 
Number of updated asset objects reloaded before import = 0Number of asset objects unloaded after import = 3

========================================================================
Received Import Request.
  Time since last request: 0.000053 seconds.
  path: Packages/com.unity.render-pipelines.core/Editor/Lighting/Icons/LightUnitIcons/BrightSky@2x.png
  importAddress: Guid(04c70b69874deb746a4c63f1a29f7715) Importer(815301076,1909f56bfc062723c751e8b465ee728b)
Start importing Packages/com.unity.render-pipelines.core/Editor/Lighting/Icons/LightUnitIcons/BrightSky@2x.png using Guid(04c70b69874deb746a4c63f1a29f7715) Importer(815301076,1909f56bfc062723c751e8b465ee728b) (PreviewImporter) -> (Import Result ID: '8de356899521817d15a3e73d5cb2070e') in 0.0254804 seconds [static and dynamic dependencies]. Details - ImportResultOutputID=96c5685f9c20835ddc4d2ef1424404de DependenciesID=143ca0e6b5c6a09a988501015afff72b StaticDependenciesID=edc83f77735fa60f5efb4a085babb86b 
Number of updated asset objects reloaded before import = 0Number of asset objects unloaded after import = 2

========================================================================
Received Import Request.
  Time since last request: 0.245782 seconds.
  path: Packages/com.unity.ugui/Editor Resources/Textures/btn_AlignBottom.psd
  importAddress: Guid(ca51b19024094d1b87f3e07edb0a75fb) Importer(815301076,1909f56bfc062723c751e8b465ee728b)
Start importing Packages/com.unity.ugui/Editor Resources/Textures/btn_AlignBottom.psd using Guid(ca51b19024094d1b87f3e07edb0a75fb) Importer(815301076,1909f56bfc062723c751e8b465ee728b) (PreviewImporter) -> (Import Result ID: 'f830b5f7f29dd38400acc56206649c86') in 0.0217503 seconds [static and dynamic dependencies]. Details - ImportResultOutputID=b1399d9c83b53d62eb485ed0c4c37332 DependenciesID=cc4e640295f016221172b3e183e4780a StaticDependenciesID=5556f4655d07e0b53e13482263f1ff36 
Number of updated asset objects reloaded before import = 0Number of asset objects unloaded after import = 2

========================================================================
Received Import Request.
  Time since last request: 0.000035 seconds.
  path: Packages/com.unity.ugui/Editor Resources/Textures/btn_AlignCapLine_Light.psd
  importAddress: Guid(49679f302ac6408697f6b9314a38985c) Importer(815301076,1909f56bfc062723c751e8b465ee728b)
Start importing Packages/com.unity.ugui/Editor Resources/Textures/btn_AlignCapLine_Light.psd using Guid(49679f302ac6408697f6b9314a38985c) Importer(815301076,1909f56bfc062723c751e8b465ee728b) (PreviewImporter) -> (Import Result ID: '8d8b2f7cb5e19880715643d284182298') in 0.0184392 seconds [static and dynamic dependencies]. Details - ImportResultOutputID=1ce02b7f7ede71410cc2891410e6a583 DependenciesID=563c4bc8e285c4857b65118b273a2534 StaticDependenciesID=f846d7cebf514a622d6cdbf6843ae1af 
Number of updated asset objects reloaded before import = 0Number of asset objects unloaded after import = 2

========================================================================
Received Import Request.
  Time since last request: 0.000023 seconds.
  path: Packages/com.unity.ugui/Editor Resources/Textures/btn_AlignCenter_Light.psd
  importAddress: Guid(6ace62d30f494c948b71d5594afce11d) Importer(815301076,1909f56bfc062723c751e8b465ee728b)
Start importing Packages/com.unity.ugui/Editor Resources/Textures/btn_AlignCenter_Light.psd using Guid(6ace62d30f494c948b71d5594afce11d) Importer(815301076,1909f56bfc062723c751e8b465ee728b) (PreviewImporter) -> (Import Result ID: 'a9b270e9f38cc96be283233e121d7177') in 0.0195674 seconds [static and dynamic dependencies]. Details - ImportResultOutputID=0a4ac2750b5b227586fbd376fc266f1f DependenciesID=4de47df343ecd12402c938bc481c5093 StaticDependenciesID=709f2983f41daec799fd691838fbec65 
Number of updated asset objects reloaded before import = 0Number of asset objects unloaded after import = 2

========================================================================
Received Import Request.
  Time since last request: 0.000037 seconds.
  path: Packages/com.unity.ugui/Editor Resources/Textures/btn_AlignFlush_Light.psd
  importAddress: Guid(64b9fad609434c489c32b1cdf2004a1c) Importer(815301076,1909f56bfc062723c751e8b465ee728b)
Start importing Packages/com.unity.ugui/Editor Resources/Textures/btn_AlignFlush_Light.psd using Guid(64b9fad609434c489c32b1cdf2004a1c) Importer(815301076,1909f56bfc062723c751e8b465ee728b) (PreviewImporter) -> (Import Result ID: 'c1010432dd889000a6ce59168e22bd4f') in 0.0217295 seconds [static and dynamic dependencies]. Details - ImportResultOutputID=abbc50c1e7acec60976a4920f5c23218 DependenciesID=70096f78287cef77daebfc5dd7f3795d StaticDependenciesID=9a8e5a3c8fe706abd35c0ac244c9e572 
Number of updated asset objects reloaded before import = 0Number of asset objects unloaded after import = 2

========================================================================
Received Import Request.
  Time since last request: 0.000041 seconds.
  path: Packages/com.unity.ugui/Editor Resources/Textures/btn_AlignJustified_Light.psd
  importAddress: Guid(fa6bd40a216346b783a4cce741d277a5) Importer(815301076,1909f56bfc062723c751e8b465ee728b)
Start importing Packages/com.unity.ugui/Editor Resources/Textures/btn_AlignJustified_Light.psd using Guid(fa6bd40a216346b783a4cce741d277a5) Importer(815301076,1909f56bfc062723c751e8b465ee728b) (PreviewImporter) -> (Import Result ID: 'e05dff3475cf35aa85134d9c8455277f') in 0.0248358 seconds [static and dynamic dependencies]. Details - ImportResultOutputID=78cc59ea36167ace94ecef52c280de44 DependenciesID=ed6096a61ee5724566cebb597584a99c StaticDependenciesID=f3fe3ba578152287c8ce4591760b95e4 
Number of updated asset objects reloaded before import = 0Number of asset objects unloaded after import = 2

========================================================================
Received Import Request.
  Time since last request: 0.000023 seconds.
  path: Packages/com.unity.ugui/Editor Resources/Textures/btn_AlignMiddle.psd
  importAddress: Guid(41b96614b2e6494ba995ddcd252d11ae) Importer(815301076,1909f56bfc062723c751e8b465ee728b)
Start importing Packages/com.unity.ugui/Editor Resources/Textures/btn_AlignMiddle.psd using Guid(41b96614b2e6494ba995ddcd252d11ae) Importer(815301076,1909f56bfc062723c751e8b465ee728b) (PreviewImporter) -> (Import Result ID: '9bb0af7449e98222a50668881c548d93') in 0.0193524 seconds [static and dynamic dependencies]. Details - ImportResultOutputID=4eb1cc3f71a3c451394a18328bc323ab DependenciesID=7faeb6df58d4dd45cc6cbf140e474a86 StaticDependenciesID=d3ae56a5e8c43c451ad01fc194ba2365 
Number of updated asset objects reloaded before import = 0Number of asset objects unloaded after import = 2

========================================================================
Received Import Request.
  Time since last request: 0.043672 seconds.
  path: Packages/com.unity.ugui/Editor Resources/Textures/btn_AlignMidLine.psd
  importAddress: Guid(c2f7f6a88b4c4f20a53deb72f3d9144c) Importer(815301076,1909f56bfc062723c751e8b465ee728b)
Start importing Packages/com.unity.ugui/Editor Resources/Textures/btn_AlignMidLine.psd using Guid(c2f7f6a88b4c4f20a53deb72f3d9144c) Importer(815301076,1909f56bfc062723c751e8b465ee728b) (PreviewImporter) -> (Import Result ID: '7a9967e220f9a47bef3f2e7fb06d17cd') in 0.0204787 seconds [static and dynamic dependencies]. Details - ImportResultOutputID=f876c2e1f29dfc8f43b412add2efd560 DependenciesID=22832e349288f9803305bd5490f842f3 StaticDependenciesID=f60f9cb301e1a3d6c6eb50c685326f7b 
Number of updated asset objects reloaded before import = 0Number of asset objects unloaded after import = 2

========================================================================
Received Import Request.
  Time since last request: 0.000029 seconds.
  path: Packages/com.unity.ugui/Editor Resources/Textures/btn_AlignRight_Light.psd
  importAddress: Guid(e05ace3bd15740cda0bad60d89092a5b) Importer(815301076,1909f56bfc062723c751e8b465ee728b)
Start importing Packages/com.unity.ugui/Editor Resources/Textures/btn_AlignRight_Light.psd using Guid(e05ace3bd15740cda0bad60d89092a5b) Importer(815301076,1909f56bfc062723c751e8b465ee728b) (PreviewImporter) -> (Import Result ID: '920f6e11ecec7ae1e8a366ace35d202e') in 0.0189637 seconds [static and dynamic dependencies]. Details - ImportResultOutputID=58016577490f9d173c1fe27a72f58bf1 DependenciesID=efecef1449f896d65b8fdc292b183ca6 StaticDependenciesID=d129da6c014d9fa69be14110d3644b9d 
Number of updated asset objects reloaded before import = 0Number of asset objects unloaded after import = 2

========================================================================
Received Import Request.
  Time since last request: 0.127818 seconds.
  path: Packages/com.unity.shadergraph/GraphTemplates/BuiltIn/BuiltInUnlitBasicTemplateThumbnail.png
  importAddress: Guid(e6831b07772f59844b5c282e8a4aa736) Importer(815301076,1909f56bfc062723c751e8b465ee728b)
Start importing Packages/com.unity.shadergraph/GraphTemplates/BuiltIn/BuiltInUnlitBasicTemplateThumbnail.png using Guid(e6831b07772f59844b5c282e8a4aa736) Importer(815301076,1909f56bfc062723c751e8b465ee728b) (PreviewImporter) -> (Import Result ID: '1479d57a8457e5b198291996d186b2b4') in 0.0488587 seconds [static and dynamic dependencies]. Details - ImportResultOutputID=254eaadaecac390033ac1cedd508883f DependenciesID=2125471ec5fa647bd04744f085aa1006 StaticDependenciesID=6afd31949fc01730aec4680858aead54 
Number of updated asset objects reloaded before import = 0Number of asset objects unloaded after import = 2

========================================================================
Received Import Request.
  Time since last request: 0.000040 seconds.
  path: Packages/com.unity.inputsystem/InputSystem/Editor/Icons/Button@4x.png
  importAddress: Guid(aa356632480554016ab8f4200032981b) Importer(815301076,1909f56bfc062723c751e8b465ee728b)
Start importing Packages/com.unity.inputsystem/InputSystem/Editor/Icons/Button@4x.png using Guid(aa356632480554016ab8f4200032981b) Importer(815301076,1909f56bfc062723c751e8b465ee728b) (PreviewImporter) -> (Import Result ID: '4338d624bb1c8eae40f37d75df040b57') in 0.0236244 seconds [static and dynamic dependencies]. Details - ImportResultOutputID=8a0d1babae59800c8403b6c532c50d30 DependenciesID=03d811b640c5fd586315ee8d912fdbcf StaticDependenciesID=b5b6f5de6157516bfabd167a9c6d7a90 
Number of updated asset objects reloaded before import = 0Number of asset objects unloaded after import = 2

========================================================================
Received Import Request.
  Time since last request: 0.122812 seconds.
  path: Packages/com.unity.collab-proxy/Editor/Assets/Images/buttonssosigningoogle.png
  importAddress: Guid(f09eae8c0ea04254b90c5386a034a225) Importer(815301076,1909f56bfc062723c751e8b465ee728b)
Start importing Packages/com.unity.collab-proxy/Editor/Assets/Images/buttonssosigningoogle.png using Guid(f09eae8c0ea04254b90c5386a034a225) Importer(815301076,1909f56bfc062723c751e8b465ee728b) (PreviewImporter) -> (Import Result ID: '17049a178667614b488da1ad416a312c') in 0.0199667 seconds [static and dynamic dependencies]. Details - ImportResultOutputID=95835fc85c3c7bed3b12dfe2f78896d2 DependenciesID=a8721a6be99b5f792a7b823454d6b54e StaticDependenciesID=53e382eee9eada6233f5e634c04c9e83 
Number of updated asset objects reloaded before import = 0Number of asset objects unloaded after import = 2

========================================================================
Received Import Request.
  Time since last request: 0.000025 seconds.
  path: Packages/com.unity.render-pipelines.core/Editor/LookDev/Icons/Camera1.png
  importAddress: Guid(2384eb5de05269b44a58f8dd1d83d725) Importer(815301076,1909f56bfc062723c751e8b465ee728b)
Start importing Packages/com.unity.render-pipelines.core/Editor/LookDev/Icons/Camera1.png using Guid(2384eb5de05269b44a58f8dd1d83d725) Importer(815301076,1909f56bfc062723c751e8b465ee728b) (PreviewImporter) -> (Import Result ID: '12513c579519f8aa705cf4dd5b20fe6d') in 0.0269018 seconds [static and dynamic dependencies]. Details - ImportResultOutputID=46ea103d867dcbb71ca6acd6db6200af DependenciesID=23b8109eebfc8749d47d024f5e26a893 StaticDependenciesID=067573776a2bc7cc89e6500536f12bb1 
Number of updated asset objects reloaded before import = 0Number of asset objects unloaded after import = 3

========================================================================
Received Import Request.
  Time since last request: 0.000031 seconds.
  path: Packages/com.unity.render-pipelines.core/Editor/LookDev/Icons/Camera2@2x.png
  importAddress: Guid(28f2917353630ce4fa307eeceadcd26d) Importer(815301076,1909f56bfc062723c751e8b465ee728b)
Start importing Packages/com.unity.render-pipelines.core/Editor/LookDev/Icons/Camera2@2x.png using Guid(28f2917353630ce4fa307eeceadcd26d) Importer(815301076,1909f56bfc062723c751e8b465ee728b) (PreviewImporter) -> (Import Result ID: 'a631654d6d7c0d4c1fe05e21499f20e4') in 0.0299768 seconds [static and dynamic dependencies]. Details - ImportResultOutputID=0f6c48380b16fdcd49adaac0a8a48e31 DependenciesID=7fb8b12ce06a55a4f8555ad2f7088fc9 StaticDependenciesID=5f20049a49ff6d81976832074467c5fc 
Number of updated asset objects reloaded before import = 0Number of asset objects unloaded after import = 3

========================================================================
Received Import Request.
  Time since last request: 0.090692 seconds.
  path: Packages/com.unity.render-pipelines.universal/Editor/Gizmos/Camera_PostProcessing.png
  importAddress: Guid(916f43e9d8e15c448a2c8a5d30b26dbd) Importer(815301076,1909f56bfc062723c751e8b465ee728b)
Start importing Packages/com.unity.render-pipelines.universal/Editor/Gizmos/Camera_PostProcessing.png using Guid(916f43e9d8e15c448a2c8a5d30b26dbd) Importer(815301076,1909f56bfc062723c751e8b465ee728b) (PreviewImporter) -> (Import Result ID: '1686d399dd31b8baf005be77ea370d7a') in 0.025202 seconds [static and dynamic dependencies]. Details - ImportResultOutputID=21dffa67deb466d3ba950e831555d30e DependenciesID=98902f065a2ad6ca6b17e59fb45a1caf StaticDependenciesID=6fc3f5715d6311831a3f986af95ca7dc 
Number of updated asset objects reloaded before import = 0Number of asset objects unloaded after import = 2

========================================================================
Received Import Request.
  Time since last request: 0.016185 seconds.
  path: Packages/com.unity.render-pipelines.core/Editor/Lighting/Icons/LightUnitIcons/Candlelight.png
  importAddress: Guid(eda062bf16e02ef44a7bf24336ddac6c) Importer(815301076,1909f56bfc062723c751e8b465ee728b)
Start importing Packages/com.unity.render-pipelines.core/Editor/Lighting/Icons/LightUnitIcons/Candlelight.png using Guid(eda062bf16e02ef44a7bf24336ddac6c) Importer(815301076,1909f56bfc062723c751e8b465ee728b) (PreviewImporter) -> (Import Result ID: 'a801bedebcc775ed1cf98a2187cb0fe5') in 0.0227571 seconds [static and dynamic dependencies]. Details - ImportResultOutputID=dfd2b84fc1500745c70157678e79bab6 DependenciesID=9ce83bcbc94ffc0ad5cca3966a5433c2 StaticDependenciesID=bb47c766f16359c3bfdbf17a0edc8f1a 
Number of updated asset objects reloaded before import = 0Number of asset objects unloaded after import = 2

========================================================================
Received Import Request.
  Time since last request: 0.017633 seconds.
  path: Packages/com.unity.2d.sprite/Editor/ObjectMenuCreation/DefaultAssets/Textures/Capsule.png
  importAddress: Guid(bd3cb4af8406d4436a2ae8c2aafe1f8d) Importer(815301076,1909f56bfc062723c751e8b465ee728b)
Start importing Packages/com.unity.2d.sprite/Editor/ObjectMenuCreation/DefaultAssets/Textures/Capsule.png using Guid(bd3cb4af8406d4436a2ae8c2aafe1f8d) Importer(815301076,1909f56bfc062723c751e8b465ee728b) (PreviewImporter) -> (Import Result ID: '988b8499f73bc4ea2968534201c65694') in 0.0269643 seconds [static and dynamic dependencies]. Details - ImportResultOutputID=9cebe4d6b3c317fca525abdebaa23190 DependenciesID=44a6b485897ccac73940a9ee8f419a2f StaticDependenciesID=921f08e8f6c66ea64ea40e9b5587ba94 
Number of updated asset objects reloaded before import = 0Number of asset objects unloaded after import = 3

========================================================================
Received Import Request.
  Time since last request: 0.022955 seconds.
  path: Packages/com.unity.2d.sprite/Editor/ObjectMenuCreation/DefaultAssets/Textures/CapsuleWithBorder.png
  importAddress: Guid(34587324d412940a79d530020c957dc0) Importer(815301076,1909f56bfc062723c751e8b465ee728b)
Start importing Packages/com.unity.2d.sprite/Editor/ObjectMenuCreation/DefaultAssets/Textures/CapsuleWithBorder.png using Guid(34587324d412940a79d530020c957dc0) Importer(815301076,1909f56bfc062723c751e8b465ee728b) (PreviewImporter) -> (Import Result ID: '2ff2bbffd5a5bb35c78c73e637fffc62') in 0.0250503 seconds [static and dynamic dependencies]. Details - ImportResultOutputID=6d53ef9342efa45efb35a4b59a430556 DependenciesID=b7dcbcb4219b5a36489d66f0a7ae0a17 StaticDependenciesID=0ae8ad48217e4515ca7dd75484447dd1 
Number of updated asset objects reloaded before import = 0Number of asset objects unloaded after import = 3

========================================================================
Received Import Request.
  Time since last request: 0.000025 seconds.
  path: Packages/com.unity.2d.animation/Editor/Assets/EditorIcons/Selected/character_Mode.png
  importAddress: Guid(e60718119cec31e4190849292fcde068) Importer(815301076,1909f56bfc062723c751e8b465ee728b)
Start importing Packages/com.unity.2d.animation/Editor/Assets/EditorIcons/Selected/character_Mode.png using Guid(e60718119cec31e4190849292fcde068) Importer(815301076,1909f56bfc062723c751e8b465ee728b) (PreviewImporter) -> (Import Result ID: 'cd55018fb076919411db3835597df837') in 0.032472 seconds [static and dynamic dependencies]. Details - ImportResultOutputID=a191603c8d50db76da02f8b35c53aacd DependenciesID=b7d3e6a9cc39d1798e56070033905fa0 StaticDependenciesID=a48daee6cd87848defcba4267c19b9f7 
Number of updated asset objects reloaded before import = 0Number of asset objects unloaded after import = 3

========================================================================
Received Import Request.
  Time since last request: 0.000035 seconds.
  path: Packages/com.unity.2d.animation/Editor/Assets/EditorIcons/Light/character_Mode@2x.png
  importAddress: Guid(25096ce515c063c48a2bd6b108c95912) Importer(815301076,1909f56bfc062723c751e8b465ee728b)
Start importing Packages/com.unity.2d.animation/Editor/Assets/EditorIcons/Light/character_Mode@2x.png using Guid(25096ce515c063c48a2bd6b108c95912) Importer(815301076,1909f56bfc062723c751e8b465ee728b) (PreviewImporter) -> (Import Result ID: '600dad4e8f7db3cd89b0c910684f28ea') in 0.0284924 seconds [static and dynamic dependencies]. Details - ImportResultOutputID=24f225db0e5015e2e72af560d70a7447 DependenciesID=45b10c0e3aa03a60b9bf0bc9f3ce115f StaticDependenciesID=15d391a018ec60dcb4f0398e128c3af7 
Number of updated asset objects reloaded before import = 0Number of asset objects unloaded after import = 3

========================================================================
Received Import Request.
  Time since last request: 0.000039 seconds.
  path: Packages/com.unity.2d.animation/Editor/Assets/EditorIcons/Selected/character_Mode@4x.png
  importAddress: Guid(0ccc508108fa6ed4fa11b4a467d7f609) Importer(815301076,1909f56bfc062723c751e8b465ee728b)
Start importing Packages/com.unity.2d.animation/Editor/Assets/EditorIcons/Selected/character_Mode@4x.png using Guid(0ccc508108fa6ed4fa11b4a467d7f609) Importer(815301076,1909f56bfc062723c751e8b465ee728b) (PreviewImporter) -> (Import Result ID: '7063a127f736cf1078844f4dc48e46f9') in 0.0343619 seconds [static and dynamic dependencies]. Details - ImportResultOutputID=87967a120745dd7f267fb24b3ab1c7be DependenciesID=fa79b248921ac54ff8628b56cf7faa48 StaticDependenciesID=f46c68c09098176dd01fde7b1f5310a8 
Number of updated asset objects reloaded before import = 0Number of asset objects unloaded after import = 3

========================================================================
Received Import Request.
  Time since last request: 0.171956 seconds.
  path: Packages/com.unity.inputsystem/InputSystem/Editor/Icons/ChevronDown@2x.png
  importAddress: Guid(153c8e15f7f6c452ca50f6795813ed39) Importer(815301076,1909f56bfc062723c751e8b465ee728b)
Start importing Packages/com.unity.inputsystem/InputSystem/Editor/Icons/ChevronDown@2x.png using Guid(153c8e15f7f6c452ca50f6795813ed39) Importer(815301076,1909f56bfc062723c751e8b465ee728b) (PreviewImporter) -> (Import Result ID: '68d5cc91ef1e8524f0d5fd3afb88c04e') in 0.0193739 seconds [static and dynamic dependencies]. Details - ImportResultOutputID=de9eda47a70a85791c0afdb5507b96f8 DependenciesID=130a8aadc78cd825985e24740bab6e3f StaticDependenciesID=f008fa871153d410dfc320043829ee9c 
Number of updated asset objects reloaded before import = 0Number of asset objects unloaded after import = 2

========================================================================
Received Import Request.
  Time since last request: 0.020986 seconds.
  path: Packages/com.unity.inputsystem/InputSystem/Editor/Icons/ChevronUp@2x.png
  importAddress: Guid(57dfdce0eaf2f48a9bd9e60e920e446b) Importer(815301076,1909f56bfc062723c751e8b465ee728b)
Start importing Packages/com.unity.inputsystem/InputSystem/Editor/Icons/ChevronUp@2x.png using Guid(57dfdce0eaf2f48a9bd9e60e920e446b) Importer(815301076,1909f56bfc062723c751e8b465ee728b) (PreviewImporter) -> (Import Result ID: 'eadd4f11308ee4980a14a58dfa7ff61a') in 0.0242716 seconds [static and dynamic dependencies]. Details - ImportResultOutputID=67a7bde9dbc572978274e841aaa2250d DependenciesID=537528a4380add429d7f3f836b87b6fd StaticDependenciesID=46b7d529126d4cc0fa89b2d9f567d59b 
Number of updated asset objects reloaded before import = 0Number of asset objects unloaded after import = 2

========================================================================
Received Import Request.
  Time since last request: 0.301120 seconds.
  path: Packages/com.unity.inputsystem/InputSystem/Editor/Icons/ChevronUp@4x.png
  importAddress: Guid(c4f7551c56dfb47a7a105b6579646d2f) Importer(815301076,1909f56bfc062723c751e8b465ee728b)
Start importing Packages/com.unity.inputsystem/InputSystem/Editor/Icons/ChevronUp@4x.png using Guid(c4f7551c56dfb47a7a105b6579646d2f) Importer(815301076,1909f56bfc062723c751e8b465ee728b) (PreviewImporter) -> (Import Result ID: '0a84181989de16e9abf07377a45ac8a6') in 0.0071949 seconds [static and dynamic dependencies]. Details - ImportResultOutputID=3b793a94dbf1753904cfa0c16541d4de DependenciesID=3dcca800e1d2928a4994a8e68a54b3e4 StaticDependenciesID=2205e7fb735ba48d7d1d7a8e9bbec046 
Number of updated asset objects reloaded before import = 0Number of asset objects unloaded after import = 2

========================================================================
Received Import Request.
  Time since last request: 0.000022 seconds.
  path: Packages/com.unity.2d.sprite/Editor/ObjectMenuCreation/DefaultAssets/Textures/v2/Circle.png
  importAddress: Guid(a86470a33a6bf42c4b3595704624658b) Importer(815301076,1909f56bfc062723c751e8b465ee728b)
Start importing Packages/com.unity.2d.sprite/Editor/ObjectMenuCreation/DefaultAssets/Textures/v2/Circle.png using Guid(a86470a33a6bf42c4b3595704624658b) Importer(815301076,1909f56bfc062723c751e8b465ee728b) (PreviewImporter) -> (Import Result ID: '4e3c1316fffdacd779b14b72f2f92dd8') in 0.0250629 seconds [static and dynamic dependencies]. Details - ImportResultOutputID=2251e8cffeeb306baf2bc1264ee0651b DependenciesID=c16e19a14834c4b1cbfffaba47c6b587 StaticDependenciesID=06716e540849c998469cba606633d7c2 
Number of updated asset objects reloaded before import = 0Number of asset objects unloaded after import = 3

========================================================================
Received Import Request.
  Time since last request: 0.000035 seconds.
  path: Packages/com.unity.2d.sprite/Editor/ObjectMenuCreation/DefaultAssets/Textures/CircleMask.png
  importAddress: Guid(87aaca0a643d54397ba969dab4fc8875) Importer(815301076,1909f56bfc062723c751e8b465ee728b)
Start importing Packages/com.unity.2d.sprite/Editor/ObjectMenuCreation/DefaultAssets/Textures/CircleMask.png using Guid(87aaca0a643d54397ba969dab4fc8875) Importer(815301076,1909f56bfc062723c751e8b465ee728b) (PreviewImporter) -> (Import Result ID: 'c68e65ba0dba07267c29f6ee254e790e') in 0.0279007 seconds [static and dynamic dependencies]. Details - ImportResultOutputID=808c424d7ed78ccc866ff481b69191ec DependenciesID=201b17ea8b9f71e1adab5073e1bed4b7 StaticDependenciesID=7ef29a24ba2815270a1057872453f0d4 
Number of updated asset objects reloaded before import = 0Number of asset objects unloaded after import = 3

========================================================================
Received Import Request.
  Time since last request: 0.000026 seconds.
  path: Packages/com.unity.2d.sprite/Editor/ObjectMenuCreation/DefaultAssets/Textures/CircleWithBorder.png
  importAddress: Guid(4adeaf2d2b1c7417e89f026626d8264f) Importer(815301076,1909f56bfc062723c751e8b465ee728b)
Start importing Packages/com.unity.2d.sprite/Editor/ObjectMenuCreation/DefaultAssets/Textures/CircleWithBorder.png using Guid(4adeaf2d2b1c7417e89f026626d8264f) Importer(815301076,1909f56bfc062723c751e8b465ee728b) (PreviewImporter) -> (Import Result ID: '42abea09c561b5d1fd1ba222d8b0009b') in 0.0234161 seconds [static and dynamic dependencies]. Details - ImportResultOutputID=890b26f05c1980a89a55aac786925304 DependenciesID=c93efee691d84e40610b16f8e5be7906 StaticDependenciesID=8d135e2ae794effd02061dcba3cdaeea 
Number of updated asset objects reloaded before import = 0Number of asset objects unloaded after import = 3

========================================================================
Received Import Request.
  Time since last request: 0.000035 seconds.
  path: Packages/com.unity.cinemachine/Editor/EditorResources/Icons/Dark/CmCamera@256.png
  importAddress: Guid(a297feea4ef24434e8c5465fdf835a77) Importer(815301076,1909f56bfc062723c751e8b465ee728b)
Start importing Packages/com.unity.cinemachine/Editor/EditorResources/Icons/Dark/CmCamera@256.png using Guid(a297feea4ef24434e8c5465fdf835a77) Importer(815301076,1909f56bfc062723c751e8b465ee728b) (PreviewImporter) -> (Import Result ID: '6c7dd3a05fb90bb335a44e5066a34e2a') in 0.0189174 seconds [static and dynamic dependencies]. Details - ImportResultOutputID=7faffdcb8cf74595571f45028b80a897 DependenciesID=a1a3bf1f66a1a920e1b7deeb18b7fc7e StaticDependenciesID=e5d542e06d85f3801347a824079d25f2 
Number of updated asset objects reloaded before import = 0Number of asset objects unloaded after import = 2

========================================================================
Received Import Request.
  Time since last request: 0.000032 seconds.
  path: Packages/com.unity.cinemachine/Editor/EditorResources/Icons/Light/CmSplineRollTool@256.png
  importAddress: Guid(771e00b87e3d3e24d9c0816149884055) Importer(815301076,1909f56bfc062723c751e8b465ee728b)
Start importing Packages/com.unity.cinemachine/Editor/EditorResources/Icons/Light/CmSplineRollTool@256.png using Guid(771e00b87e3d3e24d9c0816149884055) Importer(815301076,1909f56bfc062723c751e8b465ee728b) (PreviewImporter) -> (Import Result ID: '3a674d900d8bfef49db6ac0c25c76325') in 0.0199395 seconds [static and dynamic dependencies]. Details - ImportResultOutputID=59b3d5a589a2dfddebdee21fb032a036 DependenciesID=99dac5649cebf0ff16d745f9d506b835 StaticDependenciesID=36c86741445be1f4762820cf976034a8 
Number of updated asset objects reloaded before import = 0Number of asset objects unloaded after import = 2

========================================================================
Received Import Request.
  Time since last request: 0.000021 seconds.
  path: Packages/com.unity.cinemachine/Editor/EditorResources/Icons/Dark/CmTrack@256.png
  importAddress: Guid(a3aeb1e9df0434782ba09fdf32c56611) Importer(815301076,1909f56bfc062723c751e8b465ee728b)
Start importing Packages/com.unity.cinemachine/Editor/EditorResources/Icons/Dark/CmTrack@256.png using Guid(a3aeb1e9df0434782ba09fdf32c56611) Importer(815301076,1909f56bfc062723c751e8b465ee728b) (PreviewImporter) -> (Import Result ID: 'eabe5b4fa6548ee311d84541c848c5b9') in 0.0267893 seconds [static and dynamic dependencies]. Details - ImportResultOutputID=8e2f61f601527956f8cebad4b289a0ca DependenciesID=3ef4a7400c06813546a25596f4f96598 StaticDependenciesID=f362d8578a1f640f25649a88a3010ed9 
Number of updated asset objects reloaded before import = 0Number of asset objects unloaded after import = 2

========================================================================
Received Import Request.
  Time since last request: 0.000046 seconds.
  path: Packages/com.unity.cinemachine/Editor/EditorResources/Icons/Light/CmTrack@256.png
  importAddress: Guid(9c4067e4e9dc4483f8164d5d36b6e2c5) Importer(815301076,1909f56bfc062723c751e8b465ee728b)
Start importing Packages/com.unity.cinemachine/Editor/EditorResources/Icons/Light/CmTrack@256.png using Guid(9c4067e4e9dc4483f8164d5d36b6e2c5) Importer(815301076,1909f56bfc062723c751e8b465ee728b) (PreviewImporter) -> (Import Result ID: 'b446b608357926d30aeda3c72b0e8a7c') in 0.0235049 seconds [static and dynamic dependencies]. Details - ImportResultOutputID=699a5ee48c25cf88c95763312b0269a4 DependenciesID=f54364cf6168ccde58d39d9830b827a3 StaticDependenciesID=aff9c00802637cd927d6ecb797a7d851 
Number of updated asset objects reloaded before import = 0Number of asset objects unloaded after import = 2

========================================================================
Received Import Request.
  Time since last request: 0.000045 seconds.
  path: Packages/com.unity.2d.animation/Editor/Assets/EditorIcons/Light/Copy.png
  importAddress: Guid(42f4b048501996743958df91513f824a) Importer(815301076,1909f56bfc062723c751e8b465ee728b)
Start importing Packages/com.unity.2d.animation/Editor/Assets/EditorIcons/Light/Copy.png using Guid(42f4b048501996743958df91513f824a) Importer(815301076,1909f56bfc062723c751e8b465ee728b) (PreviewImporter) -> (Import Result ID: '8971b2dc126118c1275af25b27e38e65') in 0.0253706 seconds [static and dynamic dependencies]. Details - ImportResultOutputID=e6a605474a8dbfd31eddeab214cca657 DependenciesID=ac0667a5d12c8b47bf951ad44c3fc96d StaticDependenciesID=92cd2a46423defd53e7adb8578872a46 
Number of updated asset objects reloaded before import = 0Number of asset objects unloaded after import = 3

========================================================================
Received Import Request.
  Time since last request: 0.000038 seconds.
  path: Packages/com.unity.2d.animation/Editor/Assets/EditorIcons/Selected/Copy@2x.png
  importAddress: Guid(6cc5103edc9f0dd4f80e8274c73dfeac) Importer(815301076,1909f56bfc062723c751e8b465ee728b)
Start importing Packages/com.unity.2d.animation/Editor/Assets/EditorIcons/Selected/Copy@2x.png using Guid(6cc5103edc9f0dd4f80e8274c73dfeac) Importer(815301076,1909f56bfc062723c751e8b465ee728b) (PreviewImporter) -> (Import Result ID: '6f6e14beebb3945ae427f9886489ce75') in 0.0262371 seconds [static and dynamic dependencies]. Details - ImportResultOutputID=779f663a72ab5937e3fdb6cb6e24bb56 DependenciesID=33f23222778a01bcdb1b5faff993de51 StaticDependenciesID=c2e7330edcbe37d8b10e6d0582545780 
Number of updated asset objects reloaded before import = 0Number of asset objects unloaded after import = 3

========================================================================
Received Import Request.
  Time since last request: 0.000051 seconds.
  path: Packages/com.unity.render-pipelines.core/Editor/Lighting/Icons/LightUnitIcons/CloudySky@2x.png
  importAddress: Guid(c30d00a81d6542c40ae1837621e3969e) Importer(815301076,1909f56bfc062723c751e8b465ee728b)
Start importing Packages/com.unity.render-pipelines.core/Editor/Lighting/Icons/LightUnitIcons/CloudySky@2x.png using Guid(c30d00a81d6542c40ae1837621e3969e) Importer(815301076,1909f56bfc062723c751e8b465ee728b) (PreviewImporter) -> (Import Result ID: 'cddafed3e64e712f17b55806ea8daff3') in 0.021151 seconds [static and dynamic dependencies]. Details - ImportResultOutputID=6c41be19a28699e930efc1e6522ae902 DependenciesID=7946825dd4f75a2e86b72025aefc4d2d StaticDependenciesID=1bea3f134c5bfa16ec8e7bca3c976bac 
Number of updated asset objects reloaded before import = 0Number of asset objects unloaded after import = 2

========================================================================
Received Import Request.
  Time since last request: 0.223221 seconds.
  path: Packages/com.unity.2d.animation/Editor/Assets/EditorIcons/Selected/Copy@3x.png
  importAddress: Guid(bb51334c6930f864abac38001f7bdf6e) Importer(815301076,1909f56bfc062723c751e8b465ee728b)
Start importing Packages/com.unity.2d.animation/Editor/Assets/EditorIcons/Selected/Copy@3x.png using Guid(bb51334c6930f864abac38001f7bdf6e) Importer(815301076,1909f56bfc062723c751e8b465ee728b) (PreviewImporter) -> (Import Result ID: 'da7dbddda04217799bc644fba2c46fc1') in 0.0252774 seconds [static and dynamic dependencies]. Details - ImportResultOutputID=2894c6ddb220f13631be4ffe952c166c DependenciesID=4f29fb13404ecfc332327a8d50e012ed StaticDependenciesID=ddd9bf0928df76167425a53547ef4410 
Number of updated asset objects reloaded before import = 0Number of asset objects unloaded after import = 3

========================================================================
Received Import Request.
  Time since last request: 0.000045 seconds.
  path: Packages/com.unity.2d.animation/Editor/Assets/EditorIcons/Selected/Copy@4x.png
  importAddress: Guid(b6a96c7c65795c94abf54a62adbf5c38) Importer(815301076,1909f56bfc062723c751e8b465ee728b)
Start importing Packages/com.unity.2d.animation/Editor/Assets/EditorIcons/Selected/Copy@4x.png using Guid(b6a96c7c65795c94abf54a62adbf5c38) Importer(815301076,1909f56bfc062723c751e8b465ee728b) (PreviewImporter) -> (Import Result ID: '0a800e61e2ed2c9f1119e74dbdb89f81') in 0.0254776 seconds [static and dynamic dependencies]. Details - ImportResultOutputID=db680717be64f5ca72c8a3c0f20003df DependenciesID=45b84baaa6adb45102dca5b3f68a718e StaticDependenciesID=d41f97f7d3a83c70687a9732f112de43 
Number of updated asset objects reloaded before import = 0Number of asset objects unloaded after import = 3

========================================================================
Received Import Request.
  Time since last request: 0.074738 seconds.
  path: Packages/com.unity.2d.animation/Editor/Assets/EditorIcons/Selected/Create Bones@2x.png
  importAddress: Guid(5b7f664b515582d458717c354f6be292) Importer(815301076,1909f56bfc062723c751e8b465ee728b)
Start importing Packages/com.unity.2d.animation/Editor/Assets/EditorIcons/Selected/Create Bones@2x.png using Guid(5b7f664b515582d458717c354f6be292) Importer(815301076,1909f56bfc062723c751e8b465ee728b) (PreviewImporter) -> (Import Result ID: '3f366b4a11a7bb04ce306f12d25e4481') in 0.0291957 seconds [static and dynamic dependencies]. Details - ImportResultOutputID=98db93da7b08542d7a5037945be03fc7 DependenciesID=c1653d53577bbb260ad1a629a2f8b083 StaticDependenciesID=5cd2ac917e994cf1346a4ec3de198049 
Number of updated asset objects reloaded before import = 0Number of asset objects unloaded after import = 3

========================================================================
Received Import Request.
  Time since last request: 0.060827 seconds.
  path: Packages/com.unity.2d.animation/Editor/Assets/EditorIcons/Light/Create Bones@3x.png
  importAddress: Guid(803b0b9bfc1fd824aae8423bfbab83b4) Importer(815301076,1909f56bfc062723c751e8b465ee728b)
Start importing Packages/com.unity.2d.animation/Editor/Assets/EditorIcons/Light/Create Bones@3x.png using Guid(803b0b9bfc1fd824aae8423bfbab83b4) Importer(815301076,1909f56bfc062723c751e8b465ee728b) (PreviewImporter) -> (Import Result ID: '1b5c812560fb730ae98b5dd9cdf6ab55') in 0.0248643 seconds [static and dynamic dependencies]. Details - ImportResultOutputID=4c4f43d781d9cea003815f5f19a61024 DependenciesID=f572743816638663662a640bb34b73a9 StaticDependenciesID=8db901468a160ad167e8d59a3024961b 
Number of updated asset objects reloaded before import = 0Number of asset objects unloaded after import = 3

========================================================================
Received Import Request.
  Time since last request: 0.000034 seconds.
  path: Packages/com.unity.2d.animation/Editor/Assets/EditorIcons/Light/Create Bones@4x.png
  importAddress: Guid(f618c5fe13b18994aa5aee8b97d8dca1) Importer(815301076,1909f56bfc062723c751e8b465ee728b)
Start importing Packages/com.unity.2d.animation/Editor/Assets/EditorIcons/Light/Create Bones@4x.png using Guid(f618c5fe13b18994aa5aee8b97d8dca1) Importer(815301076,1909f56bfc062723c751e8b465ee728b) (PreviewImporter) -> (Import Result ID: 'c7373631850f18e345ce56d5b4524b17') in 0.0287126 seconds [static and dynamic dependencies]. Details - ImportResultOutputID=d017a610752354e26b4b0a016db8b718 DependenciesID=6e1acb7c147da70972f275c6fe288658 StaticDependenciesID=aea7df137fbd97b16ee21d5b23f4a494 
Number of updated asset objects reloaded before import = 0Number of asset objects unloaded after import = 3

========================================================================
Received Import Request.
  Time since last request: 0.000046 seconds.
  path: Packages/com.unity.2d.animation/Editor/Assets/EditorIcons/Light/Create_Edge.png
  importAddress: Guid(1af9d2e44ecf3a2468601c9071df581f) Importer(815301076,1909f56bfc062723c751e8b465ee728b)
Start importing Packages/com.unity.2d.animation/Editor/Assets/EditorIcons/Light/Create_Edge.png using Guid(1af9d2e44ecf3a2468601c9071df581f) Importer(815301076,1909f56bfc062723c751e8b465ee728b) (PreviewImporter) -> (Import Result ID: '5203c25656ea92d27ff622e5d1830b8d') in 0.0280487 seconds [static and dynamic dependencies]. Details - ImportResultOutputID=077f2daeb6d0182cf7395b4775a3bfac DependenciesID=468f4defa026919bf9a1fe7b35212133 StaticDependenciesID=5ce2b3f63e7cb1d6e63e666a979f4342 
Number of updated asset objects reloaded before import = 0Number of asset objects unloaded after import = 3

========================================================================
Received Import Request.
  Time since last request: 0.355253 seconds.
  path: Packages/com.unity.2d.animation/Editor/Assets/EditorIcons/Selected/Create_Edge@4x.png
  importAddress: Guid(3458c119c69e9bc4f9647599c2901dee) Importer(815301076,1909f56bfc062723c751e8b465ee728b)
Start importing Packages/com.unity.2d.animation/Editor/Assets/EditorIcons/Selected/Create_Edge@4x.png using Guid(3458c119c69e9bc4f9647599c2901dee) Importer(815301076,1909f56bfc062723c751e8b465ee728b) (PreviewImporter) -> (Import Result ID: 'be3e5758a99029d802995828f413a8d9') in 0.0205781 seconds [static and dynamic dependencies]. Details - ImportResultOutputID=134604ad0c6780d48be54558df6e4b6d DependenciesID=ce3519950b6b871a39a80e5d64a52db2 StaticDependenciesID=a4ded8647e8b3fef192069914da97a38 
Number of updated asset objects reloaded before import = 0Number of asset objects unloaded after import = 3

========================================================================
Received Import Request.
  Time since last request: 0.000022 seconds.
  path: Packages/com.unity.2d.animation/Editor/Assets/EditorIcons/Light/Create_Vertex.png
  importAddress: Guid(31f371f2dfe50c34081023094aed72c3) Importer(815301076,1909f56bfc062723c751e8b465ee728b)
Start importing Packages/com.unity.2d.animation/Editor/Assets/EditorIcons/Light/Create_Vertex.png using Guid(31f371f2dfe50c34081023094aed72c3) Importer(815301076,1909f56bfc062723c751e8b465ee728b) (PreviewImporter) -> (Import Result ID: 'f09e8b0c8cebb75e0ca335520a9d51a1') in 0.0247471 seconds [static and dynamic dependencies]. Details - ImportResultOutputID=90c9a0289e649e72d0fa0f6ab736035e DependenciesID=c93b55b1533b9298cfc15bd0672eae61 StaticDependenciesID=0e4655442cbb757c9165f8add19155a0 
Number of updated asset objects reloaded before import = 0Number of asset objects unloaded after import = 3

========================================================================
Received Import Request.
  Time since last request: 0.000033 seconds.
  path: Packages/com.unity.2d.animation/Editor/Assets/EditorIcons/Selected/Create_Vertex@3x.png
  importAddress: Guid(47fe565904dc6b1419e9acc62b99812e) Importer(815301076,1909f56bfc062723c751e8b465ee728b)
Start importing Packages/com.unity.2d.animation/Editor/Assets/EditorIcons/Selected/Create_Vertex@3x.png using Guid(47fe565904dc6b1419e9acc62b99812e) Importer(815301076,1909f56bfc062723c751e8b465ee728b) (PreviewImporter) -> (Import Result ID: '46e3e13752036f87972211a39ac95bc5') in 0.0264214 seconds [static and dynamic dependencies]. Details - ImportResultOutputID=8a3d867f01f2f70dc17976d5da0b549a DependenciesID=d5e0d6a3c3afacd9b72df8bba98b266f StaticDependenciesID=35f8eb52c526b3e899eeec1a6848f389 
Number of updated asset objects reloaded before import = 0Number of asset objects unloaded after import = 3

========================================================================
Received Import Request.
  Time since last request: 0.000035 seconds.
  path: Packages/com.unity.2d.animation/Editor/Assets/EditorIcons/Light/Create_Vertex@3x.png
  importAddress: Guid(66fa19194577350438c952106f661c2f) Importer(815301076,1909f56bfc062723c751e8b465ee728b)
Start importing Packages/com.unity.2d.animation/Editor/Assets/EditorIcons/Light/Create_Vertex@3x.png using Guid(66fa19194577350438c952106f661c2f) Importer(815301076,1909f56bfc062723c751e8b465ee728b) (PreviewImporter) -> (Import Result ID: '20c2099d315937aea8b20c0d03796aa9') in 0.0295121 seconds [static and dynamic dependencies]. Details - ImportResultOutputID=b8671c4f2aa572576fb4144ade6acafa DependenciesID=a4be55b2c49cc493b3bf68b5388cc191 StaticDependenciesID=195adaf252a3aa1c693e44a71344c60a 
Number of updated asset objects reloaded before import = 0Number of asset objects unloaded after import = 3

========================================================================
Received Import Request.
  Time since last request: 0.211437 seconds.
  path: Packages/com.unity.multiplayer.center/Editor/MultiplayerCenterWindow/UI/Icons/CustomNetcode.png
  importAddress: Guid(dce12af736e0a4a1ba35d6424f897dc9) Importer(815301076,1909f56bfc062723c751e8b465ee728b)
Start importing Packages/com.unity.multiplayer.center/Editor/MultiplayerCenterWindow/UI/Icons/CustomNetcode.png using Guid(dce12af736e0a4a1ba35d6424f897dc9) Importer(815301076,1909f56bfc062723c751e8b465ee728b) (PreviewImporter) -> (Import Result ID: '8103ec067aeda44028d54642f309495a') in 0.0208351 seconds [static and dynamic dependencies]. Details - ImportResultOutputID=0da8a893d1574c1fcf4cfb67d179b10e DependenciesID=cbca65fe4474040ef2eed7ead551deae StaticDependenciesID=776468f27bea78d80cc0410034a3f8c7 
Number of updated asset objects reloaded before import = 0Number of asset objects unloaded after import = 2

========================================================================
Received Import Request.
  Time since last request: 0.000027 seconds.
  path: Packages/com.unity.render-pipelines.core/Editor/LookDev/Icons/d_Add.png
  importAddress: Guid(160b197aba549514286b94426ceae589) Importer(815301076,1909f56bfc062723c751e8b465ee728b)
Start importing Packages/com.unity.render-pipelines.core/Editor/LookDev/Icons/d_Add.png using Guid(160b197aba549514286b94426ceae589) Importer(815301076,1909f56bfc062723c751e8b465ee728b) (PreviewImporter) -> (Import Result ID: '6d569b2b2b273bc9a98155f0e35bf61b') in 0.0253471 seconds [static and dynamic dependencies]. Details - ImportResultOutputID=68afe5caaab2915540d855ca11c1e92b DependenciesID=a18c8c61f40e66d4f6be6947a650154e StaticDependenciesID=33592fc21b22ba46dca8c173adccee9c 
Number of updated asset objects reloaded before import = 0Number of asset objects unloaded after import = 3

========================================================================
Received Import Request.
  Time since last request: 0.000024 seconds.
  path: Packages/com.unity.inputsystem/InputSystem/Editor/Icons/d_Add Binding@4x.png
  importAddress: Guid(4a0ce0eda6ee74c669b13104649e1313) Importer(815301076,1909f56bfc062723c751e8b465ee728b)
Start importing Packages/com.unity.inputsystem/InputSystem/Editor/Icons/d_Add Binding@4x.png using Guid(4a0ce0eda6ee74c669b13104649e1313) Importer(815301076,1909f56bfc062723c751e8b465ee728b) (PreviewImporter) -> (Import Result ID: '019407a0772e440e3b1dc1effc933dc2') in 0.0219467 seconds [static and dynamic dependencies]. Details - ImportResultOutputID=bf0573e05aeb557feca3f78fc8c21e20 DependenciesID=3683e2653bd7931c43a2ad4ccc4f91d3 StaticDependenciesID=88c689271964c9caea314a9b305220c6 
Number of updated asset objects reloaded before import = 0Number of asset objects unloaded after import = 2

========================================================================
Received Import Request.
  Time since last request: 0.169389 seconds.
  path: Packages/com.unity.2d.animation/Editor/Assets/ComponentIcons/d_Animation.IKCCD@32.png
  importAddress: Guid(927455eb53d4a46a4b1aa3ed556f0de8) Importer(815301076,1909f56bfc062723c751e8b465ee728b)
Start importing Packages/com.unity.2d.animation/Editor/Assets/ComponentIcons/d_Animation.IKCCD@32.png using Guid(927455eb53d4a46a4b1aa3ed556f0de8) Importer(815301076,1909f56bfc062723c751e8b465ee728b) (PreviewImporter) -> (Import Result ID: '128a9708bffce9b087e33b223cf1e270') in 0.0212092 seconds [static and dynamic dependencies]. Details - ImportResultOutputID=9747edc245324e55cae175ec52b8165c DependenciesID=37f0509f7f9c4f9067a6142be0d83868 StaticDependenciesID=045d1f73abbc6eb03ea069d441d4a488 
Number of updated asset objects reloaded before import = 0Number of asset objects unloaded after import = 3

========================================================================
Received Import Request.
  Time since last request: 0.000037 seconds.
  path: Packages/com.unity.2d.animation/Editor/Assets/ComponentIcons/d_Animation.IKCCD@256.png
  importAddress: Guid(f2df2ca130cfb4705ae418741cb26ff7) Importer(815301076,1909f56bfc062723c751e8b465ee728b)
Start importing Packages/com.unity.2d.animation/Editor/Assets/ComponentIcons/d_Animation.IKCCD@256.png using Guid(f2df2ca130cfb4705ae418741cb26ff7) Importer(815301076,1909f56bfc062723c751e8b465ee728b) (PreviewImporter) -> (Import Result ID: 'daa260cc54476c247857cfaf28ba8445') in 0.0268124 seconds [static and dynamic dependencies]. Details - ImportResultOutputID=c0b074885a15ac4bd024a73c70f237b2 DependenciesID=508455f4aab114f5a219dd093f63da45 StaticDependenciesID=508d6e5933636b26469bbe380efbca7d 
Number of updated asset objects reloaded before import = 0Number of asset objects unloaded after import = 3

========================================================================
Received Import Request.
  Time since last request: 0.000035 seconds.
  path: Packages/com.unity.2d.animation/Editor/Assets/ComponentIcons/d_Animation.IKFabrik@64.png
  importAddress: Guid(8dfc24821a9794200b8d54e906e4b6da) Importer(815301076,1909f56bfc062723c751e8b465ee728b)
Start importing Packages/com.unity.2d.animation/Editor/Assets/ComponentIcons/d_Animation.IKFabrik@64.png using Guid(8dfc24821a9794200b8d54e906e4b6da) Importer(815301076,1909f56bfc062723c751e8b465ee728b) (PreviewImporter) -> (Import Result ID: '9adba003f908c0db70d65de0b756ba0c') in 0.0226895 seconds [static and dynamic dependencies]. Details - ImportResultOutputID=dacb11c235e9674c0e51d44a225008ea DependenciesID=4fa8035c43b66c8c9d488aa771a9f98f StaticDependenciesID=3dfd119afee2b8ef2b22da62d4aff4a8 
Number of updated asset objects reloaded before import = 0Number of asset objects unloaded after import = 3

========================================================================
Received Import Request.
  Time since last request: 0.170673 seconds.
  path: Packages/com.unity.2d.animation/Editor/Assets/ComponentIcons/d_Animation.IKFabrik@256.png
  importAddress: Guid(a0c5bb965b60545b79734ffd6ec9f124) Importer(815301076,1909f56bfc062723c751e8b465ee728b)
Start importing Packages/com.unity.2d.animation/Editor/Assets/ComponentIcons/d_Animation.IKFabrik@256.png using Guid(a0c5bb965b60545b79734ffd6ec9f124) Importer(815301076,1909f56bfc062723c751e8b465ee728b) (PreviewImporter) -> (Import Result ID: '26210c0aba0dd2b90565e0b2cb6840da') in 0.0238333 seconds [static and dynamic dependencies]. Details - ImportResultOutputID=65fbea9450db55e012fa226d13491dd7 DependenciesID=d14e1c87640d98afcd48b9d27c27c192 StaticDependenciesID=a5dd8974bf30a69b8558442d4a7433c7 
Number of updated asset objects reloaded before import = 0Number of asset objects unloaded after import = 3

========================================================================
Received Import Request.
  Time since last request: 0.000026 seconds.
  path: Packages/com.unity.2d.animation/Editor/Assets/ComponentIcons/d_Animation.IKLimb@64.png
  importAddress: Guid(c4b88bdeab9b1418083e414b97e3f1cd) Importer(815301076,1909f56bfc062723c751e8b465ee728b)
Start importing Packages/com.unity.2d.animation/Editor/Assets/ComponentIcons/d_Animation.IKLimb@64.png using Guid(c4b88bdeab9b1418083e414b97e3f1cd) Importer(815301076,1909f56bfc062723c751e8b465ee728b) (PreviewImporter) -> (Import Result ID: '38ba5a4214efe24e02cdc9a8a479291a') in 0.0224735 seconds [static and dynamic dependencies]. Details - ImportResultOutputID=cc70dc92731543dbea50ff7893288831 DependenciesID=cd42be7c706b2f38e03b9b2406fc8480 StaticDependenciesID=3095084b8d23be1ba3714eb5cd9dc266 
Number of updated asset objects reloaded before import = 0Number of asset objects unloaded after import = 3

========================================================================
Received Import Request.
  Time since last request: 0.000026 seconds.
  path: Packages/com.unity.2d.animation/Editor/Assets/ComponentIcons/d_Animation.SpriteLibrary.asset
  importAddress: Guid(67c59659677c64521a754356d551b44f) Importer(815301076,1909f56bfc062723c751e8b465ee728b)
Start importing Packages/com.unity.2d.animation/Editor/Assets/ComponentIcons/d_Animation.SpriteLibrary.asset using Guid(67c59659677c64521a754356d551b44f) Importer(815301076,1909f56bfc062723c751e8b465ee728b) (PreviewImporter) -> (Import Result ID: 'bcf69c274e3326160a151bf1c4b4a15c') in 0.027305 seconds [static and dynamic dependencies]. Details - ImportResultOutputID=3dbdd0cac8a28ad4a481928d5c13a715 DependenciesID=4292a929591cd6675341891ee5acfba1 StaticDependenciesID=cf76ca14ce71da3b3501351f14277259 
Number of updated asset objects reloaded before import = 0Number of asset objects unloaded after import = 2

========================================================================
Received Import Request.
  Time since last request: 0.000024 seconds.
  path: Packages/com.unity.2d.animation/Editor/Assets/ComponentIcons/d_Animation.SpriteLibrary@2x.png
  importAddress: Guid(86d54c3c2257e484f836f4f55e3d725b) Importer(815301076,1909f56bfc062723c751e8b465ee728b)
Start importing Packages/com.unity.2d.animation/Editor/Assets/ComponentIcons/d_Animation.SpriteLibrary@2x.png using Guid(86d54c3c2257e484f836f4f55e3d725b) Importer(815301076,1909f56bfc062723c751e8b465ee728b) (PreviewImporter) -> (Import Result ID: 'c807e097ea74089d0fa4afe6f6b6ac4b') in 0.0278761 seconds [static and dynamic dependencies]. Details - ImportResultOutputID=45da3df5171f801f369313b9f2a83864 DependenciesID=424cde8140ecc75b3ec2dcb8b5beb76b StaticDependenciesID=fea02c0502955e2e491e37f27271e5c9 
Number of updated asset objects reloaded before import = 0Number of asset objects unloaded after import = 4

========================================================================
Received Import Request.
  Time since last request: 0.000035 seconds.
  path: Packages/com.unity.2d.animation/Editor/Assets/ComponentIcons/d_Animation.SpriteLibraryVar@32.png
  importAddress: Guid(d9e47beaa8a6e432393f34671440f777) Importer(815301076,1909f56bfc062723c751e8b465ee728b)
Start importing Packages/com.unity.2d.animation/Editor/Assets/ComponentIcons/d_Animation.SpriteLibraryVar@32.png using Guid(d9e47beaa8a6e432393f34671440f777) Importer(815301076,1909f56bfc062723c751e8b465ee728b) (PreviewImporter) -> (Import Result ID: '3e436d84b0a600d923ac0b2eba92652d') in 0.0200437 seconds [static and dynamic dependencies]. Details - ImportResultOutputID=61186602acbdd5564e655e7ccf881983 DependenciesID=4545dbc0d5707555a3396c3e07529b7a StaticDependenciesID=eec355895f06a96f327104e8a1175616 
Number of updated asset objects reloaded before import = 0Number of asset objects unloaded after import = 3

========================================================================
Received Import Request.
  Time since last request: 0.000030 seconds.
  path: Packages/com.unity.2d.animation/Editor/Assets/ComponentIcons/d_Animation.SpriteResolver@128.png
  importAddress: Guid(71365d6492a2542dc9e34c1b312f722c) Importer(815301076,1909f56bfc062723c751e8b465ee728b)
Start importing Packages/com.unity.2d.animation/Editor/Assets/ComponentIcons/d_Animation.SpriteResolver@128.png using Guid(71365d6492a2542dc9e34c1b312f722c) Importer(815301076,1909f56bfc062723c751e8b465ee728b) (PreviewImporter) -> (Import Result ID: '31dc5238ee9400eab2f42d8673063465') in 0.0257003 seconds [static and dynamic dependencies]. Details - ImportResultOutputID=1fe8e510ac7949558906fd8878e4653a DependenciesID=8099ba8f63083ba25dd3b7aef8d613bb StaticDependenciesID=6e6f673be30752beec25fb84d6fb1559 
Number of updated asset objects reloaded before import = 0Number of asset objects unloaded after import = 3

========================================================================
Received Import Request.
  Time since last request: 0.000021 seconds.
  path: Packages/com.unity.2d.animation/Editor/Assets/ComponentIcons/d_Animation.SpriteSkin@256.png
  importAddress: Guid(1e7881f6af9ad4c0eb01def7f1b8a31b) Importer(815301076,1909f56bfc062723c751e8b465ee728b)
Start importing Packages/com.unity.2d.animation/Editor/Assets/ComponentIcons/d_Animation.SpriteSkin@256.png using Guid(1e7881f6af9ad4c0eb01def7f1b8a31b) Importer(815301076,1909f56bfc062723c751e8b465ee728b) (PreviewImporter) -> (Import Result ID: '43db9e2880fc700f3d8a1cf291f87201') in 0.0256259 seconds [static and dynamic dependencies]. Details - ImportResultOutputID=66c7750b3fed5e2af2a2b049108758b0 DependenciesID=af7048f62732b8ec1549561708f50f5e StaticDependenciesID=f582ebb17cd2385464a660e0066af580 
Number of updated asset objects reloaded before import = 0Number of asset objects unloaded after import = 3

========================================================================
Received Import Request.
  Time since last request: 0.000024 seconds.
  path: Packages/com.unity.render-pipelines.core/Editor/Lighting/Icons/LightUnitIcons/d_BlueSky@2x.png
  importAddress: Guid(0b39f97ea330aac459e3fbb440f4b0d0) Importer(815301076,1909f56bfc062723c751e8b465ee728b)
Start importing Packages/com.unity.render-pipelines.core/Editor/Lighting/Icons/LightUnitIcons/d_BlueSky@2x.png using Guid(0b39f97ea330aac459e3fbb440f4b0d0) Importer(815301076,1909f56bfc062723c751e8b465ee728b) (PreviewImporter) -> (Import Result ID: '863a7d92a1bd1e39f9860ca4f8841e52') in 0.0138156 seconds [static and dynamic dependencies]. Details - ImportResultOutputID=bebfb5685457b3d6729a22150a19e3c8 DependenciesID=716b2bd257ad205006edfc192920aa63 StaticDependenciesID=b5f4e1a3a21c35bbac5f8103c15c473f 
Number of updated asset objects reloaded before import = 0Number of asset objects unloaded after import = 2

========================================================================
Received Import Request.
  Time since last request: 0.000026 seconds.
  path: Packages/com.unity.2d.animation/Editor/Assets/EditorIcons/Dark/d_Bone@4x.png
  importAddress: Guid(246d7c7c8e9e6cf43893ae13c5a81bdf) Importer(815301076,1909f56bfc062723c751e8b465ee728b)
Start importing Packages/com.unity.2d.animation/Editor/Assets/EditorIcons/Dark/d_Bone@4x.png using Guid(246d7c7c8e9e6cf43893ae13c5a81bdf) Importer(815301076,1909f56bfc062723c751e8b465ee728b) (PreviewImporter) -> (Import Result ID: '10b5851f9a74fd83935452aa2845f1f0') in 0.025563 seconds [static and dynamic dependencies]. Details - ImportResultOutputID=684bdafa03fa6ac2ce49b8785a36ab0e DependenciesID=88ee5279eb775f9514cf5378aa2fb05b StaticDependenciesID=a0f1953852fc52deeb3726b21dee3032 
Number of updated asset objects reloaded before import = 0Number of asset objects unloaded after import = 3

========================================================================
Received Import Request.
  Time since last request: 0.000037 seconds.
  path: Packages/com.unity.2d.animation/Editor/Assets/EditorIcons/Dark/d_Bone_Influence@3x.png
  importAddress: Guid(56431fa7b1b21794baaf8d8e47c78bdb) Importer(815301076,1909f56bfc062723c751e8b465ee728b)
Start importing Packages/com.unity.2d.animation/Editor/Assets/EditorIcons/Dark/d_Bone_Influence@3x.png using Guid(56431fa7b1b21794baaf8d8e47c78bdb) Importer(815301076,1909f56bfc062723c751e8b465ee728b) (PreviewImporter) -> (Import Result ID: '06b49ff0a2bc90790b3a096ad1d29ea5') in 0.0189573 seconds [static and dynamic dependencies]. Details - ImportResultOutputID=0e93c37c7c53f2af8a879930272ab1af DependenciesID=135a8d78d753330bcf627c281029f527 StaticDependenciesID=6a1a229c842cc565feffbed06b7da238 
Number of updated asset objects reloaded before import = 0Number of asset objects unloaded after import = 3

========================================================================
Received Import Request.
  Time since last request: 0.000025 seconds.
  path: Packages/com.unity.render-pipelines.core/Editor/LookDev/Icons/d_Camera1.png
  importAddress: Guid(56c35c86bb44b0e4e84a22db56968157) Importer(815301076,1909f56bfc062723c751e8b465ee728b)
Start importing Packages/com.unity.render-pipelines.core/Editor/LookDev/Icons/d_Camera1.png using Guid(56c35c86bb44b0e4e84a22db56968157) Importer(815301076,1909f56bfc062723c751e8b465ee728b) (PreviewImporter) -> (Import Result ID: '4b61606642f1405b66cb86518268001c') in 0.023632 seconds [static and dynamic dependencies]. Details - ImportResultOutputID=702c4afc1ef604ce05cca71c5903cbaa DependenciesID=a3519249d1fe3774b69fc3b7d99b758c StaticDependenciesID=de82894fa794c4885d96f2b892736cba 
Number of updated asset objects reloaded before import = 0Number of asset objects unloaded after import = 3

========================================================================
Received Import Request.
  Time since last request: 0.000025 seconds.
  path: Packages/com.unity.2d.animation/Editor/Assets/ComponentIcons/d_Animation.SpriteLibraryVar@64.png
  importAddress: Guid(54e0c48589e594d96a00db47801df58b) Importer(815301076,1909f56bfc062723c751e8b465ee728b)
Start importing Packages/com.unity.2d.animation/Editor/Assets/ComponentIcons/d_Animation.SpriteLibraryVar@64.png using Guid(54e0c48589e594d96a00db47801df58b) Importer(815301076,1909f56bfc062723c751e8b465ee728b) (PreviewImporter) -> (Import Result ID: '989361321d7a96e1e18d01583b4ef29c') in 0.0198941 seconds [static and dynamic dependencies]. Details - ImportResultOutputID=e9956bfe5de35919ac791442451164c4 DependenciesID=14d1e8ffbc9a24c1a7291975a4e4d6be StaticDependenciesID=9bb419b9e8c314936e429dcefd569727 
Number of updated asset objects reloaded before import = 0Number of asset objects unloaded after import = 3

========================================================================
Received Import Request.
  Time since last request: 0.000022 seconds.
  path: Packages/com.unity.inputsystem/InputSystem/Editor/Icons/d_ChevronDown.png
  importAddress: Guid(06ad495fb07444736b59782982d96250) Importer(815301076,1909f56bfc062723c751e8b465ee728b)
Start importing Packages/com.unity.inputsystem/InputSystem/Editor/Icons/d_ChevronDown.png using Guid(06ad495fb07444736b59782982d96250) Importer(815301076,1909f56bfc062723c751e8b465ee728b) (PreviewImporter) -> (Import Result ID: '534806fa28cedaae745d0d2675581f71') in 0.019467 seconds [static and dynamic dependencies]. Details - ImportResultOutputID=543e4931b68e945f4f7a7773952cfaa4 DependenciesID=a55ba03a72c3489cf4e369dea6d0de0e StaticDependenciesID=e19a9eccfca339e664c3fab395e4f2c4 
Number of updated asset objects reloaded before import = 0Number of asset objects unloaded after import = 2

========================================================================
Received Import Request.
  Time since last request: 0.000025 seconds.
  path: Packages/com.unity.inputsystem/InputSystem/Editor/Icons/d_Axis@4x.png
  importAddress: Guid(e01ab4b854c6d4fa3a8d869b67ecd643) Importer(815301076,1909f56bfc062723c751e8b465ee728b)
Start importing Packages/com.unity.inputsystem/InputSystem/Editor/Icons/d_Axis@4x.png using Guid(e01ab4b854c6d4fa3a8d869b67ecd643) Importer(815301076,1909f56bfc062723c751e8b465ee728b) (PreviewImporter) -> (Import Result ID: '4127e7a610da856b38a277c22aaa0be0') in 0.0212437 seconds [static and dynamic dependencies]. Details - ImportResultOutputID=e27a7fb17a00c3aae77f5d8973e2b838 DependenciesID=ec5057b2508d44f5bb4d1bd95c5ee6e1 StaticDependenciesID=51ba10fa860d405266df9fb51f79bf1f 
Number of updated asset objects reloaded before import = 0Number of asset objects unloaded after import = 2

========================================================================
Received Import Request.
  Time since last request: 0.000028 seconds.
  path: Packages/com.unity.2d.animation/Editor/Assets/EditorIcons/Dark/d_Copy@2x.png
  importAddress: Guid(312df9440efd5df4ea8f6c98591d6b96) Importer(815301076,1909f56bfc062723c751e8b465ee728b)
Start importing Packages/com.unity.2d.animation/Editor/Assets/EditorIcons/Dark/d_Copy@2x.png using Guid(312df9440efd5df4ea8f6c98591d6b96) Importer(815301076,1909f56bfc062723c751e8b465ee728b) (PreviewImporter) -> (Import Result ID: '7b7cb4691261bb20c4eee954a4c58abd') in 0.0228428 seconds [static and dynamic dependencies]. Details - ImportResultOutputID=6d83611d31a890600d1dc0f9698af298 DependenciesID=0317ab6e59e94d851505e03ac6f19a27 StaticDependenciesID=e16ca4273a296374a14d44d8ed74d78d 
Number of updated asset objects reloaded before import = 0Number of asset objects unloaded after import = 3

========================================================================
Received Import Request.
  Time since last request: 0.000029 seconds.
  path: Packages/com.unity.2d.animation/Editor/Assets/EditorIcons/Dark/d_Create_Edge@2x.png
  importAddress: Guid(ebaf5b914f751a142b6851d985adf69d) Importer(815301076,1909f56bfc062723c751e8b465ee728b)
Start importing Packages/com.unity.2d.animation/Editor/Assets/EditorIcons/Dark/d_Create_Edge@2x.png using Guid(ebaf5b914f751a142b6851d985adf69d) Importer(815301076,1909f56bfc062723c751e8b465ee728b) (PreviewImporter) -> (Import Result ID: '6249d202d544064b26e77bfdc141bbae') in 0.0231435 seconds [static and dynamic dependencies]. Details - ImportResultOutputID=e0b9a3eb999850f0ee983be8730a6423 DependenciesID=e9b6ce6548029f794ad11fdd03dfc04f StaticDependenciesID=3bf62095baf92f8890bea53bf0ff14ba 
Number of updated asset objects reloaded before import = 0Number of asset objects unloaded after import = 3

========================================================================
Received Import Request.
  Time since last request: 0.000028 seconds.
  path: Packages/com.unity.render-pipelines.core/Editor/Lighting/Icons/LightUnitIcons/d_DecorativeLight@2x.png
  importAddress: Guid(e194061ed57dcf6478bc4a4079ac3998) Importer(815301076,1909f56bfc062723c751e8b465ee728b)
Start importing Packages/com.unity.render-pipelines.core/Editor/Lighting/Icons/LightUnitIcons/d_DecorativeLight@2x.png using Guid(e194061ed57dcf6478bc4a4079ac3998) Importer(815301076,1909f56bfc062723c751e8b465ee728b) (PreviewImporter) -> (Import Result ID: 'fb991aa5a80adcf4199d48d580384f2d') in 0.025877 seconds [static and dynamic dependencies]. Details - ImportResultOutputID=a17081bb316cbfe6d1e246377d1c5fc8 DependenciesID=a62bd4931cb83fa3af1ae7120545fb7a StaticDependenciesID=5b3f1f65b54d70dc8c74a3f1142adfe7 
Number of updated asset objects reloaded before import = 0Number of asset objects unloaded after import = 2

========================================================================
Received Import Request.
  Time since last request: 0.000030 seconds.
  path: Packages/com.unity.2d.animation/Editor/Assets/EditorIcons/Dark/d_Copy@4x.png
  importAddress: Guid(00b8ce4a201871b498992f536279acf7) Importer(815301076,1909f56bfc062723c751e8b465ee728b)
Start importing Packages/com.unity.2d.animation/Editor/Assets/EditorIcons/Dark/d_Copy@4x.png using Guid(00b8ce4a201871b498992f536279acf7) Importer(815301076,1909f56bfc062723c751e8b465ee728b) (PreviewImporter) -> (Import Result ID: '3d29b53781f5efdb1aa041626b503100') in 0.0261288 seconds [static and dynamic dependencies]. Details - ImportResultOutputID=775dfc18a7423f51d0fdbc4b1e437895 DependenciesID=dbe568a4cfffaa3ca2fc440ec73e3bd6 StaticDependenciesID=7298e521e9c4eec5f5a58dd57542caa5 
Number of updated asset objects reloaded before import = 0Number of asset objects unloaded after import = 3

========================================================================
Received Import Request.
  Time since last request: 0.000034 seconds.
  path: Packages/com.unity.2d.animation/Editor/Assets/ComponentIcons/d_Animation.SpriteLibraryManager@64.png
  importAddress: Guid(727af22e923264f0ca2530a410e2d7ab) Importer(815301076,1909f56bfc062723c751e8b465ee728b)
Start importing Packages/com.unity.2d.animation/Editor/Assets/ComponentIcons/d_Animation.SpriteLibraryManager@64.png using Guid(727af22e923264f0ca2530a410e2d7ab) Importer(815301076,1909f56bfc062723c751e8b465ee728b) (PreviewImporter) -> (Import Result ID: '28c58108c6a73651f2a30f523dca40a4') in 0.0257672 seconds [static and dynamic dependencies]. Details - ImportResultOutputID=0eb257cb4ebcf3cb7a34b4c546fdc80d DependenciesID=be9bb722278d4a70ba058cbfd446f870 StaticDependenciesID=0cc03aca2995d409a8116e6dca0e0b51 
Number of updated asset objects reloaded before import = 0Number of asset objects unloaded after import = 3

========================================================================
Received Import Request.
  Time since last request: 0.000091 seconds.
  path: Packages/com.unity.2d.animation/Editor/Assets/EditorIcons/Dark/d_Bone@3x.png
  importAddress: Guid(fe145a004cb46de488885e70d26cade0) Importer(815301076,1909f56bfc062723c751e8b465ee728b)
Start importing Packages/com.unity.2d.animation/Editor/Assets/EditorIcons/Dark/d_Bone@3x.png using Guid(fe145a004cb46de488885e70d26cade0) Importer(815301076,1909f56bfc062723c751e8b465ee728b) (PreviewImporter) -> (Import Result ID: '821bcf0c6a0285204edd6b02a3c4bccc') in 0.0233769 seconds [static and dynamic dependencies]. Details - ImportResultOutputID=a1c52704ea6bd0f8d4049334090072ab DependenciesID=15dcdc6cd8e91202caecd152634cea2d StaticDependenciesID=329fdb71ceddb79711fad9a5675c1355 
Number of updated asset objects reloaded before import = 0Number of asset objects unloaded after import = 3

========================================================================
Received Import Request.
  Time since last request: 0.000026 seconds.
  path: Packages/com.unity.2d.animation/Editor/Assets/ComponentIcons/d_Animation.SpriteResolver@32.png
  importAddress: Guid(a069762eea60d4e26b7ec2518369623c) Importer(815301076,1909f56bfc062723c751e8b465ee728b)
Start importing Packages/com.unity.2d.animation/Editor/Assets/ComponentIcons/d_Animation.SpriteResolver@32.png using Guid(a069762eea60d4e26b7ec2518369623c) Importer(815301076,1909f56bfc062723c751e8b465ee728b) (PreviewImporter) -> (Import Result ID: 'a29f05d6338974ed862854372b09f46f') in 0.0235187 seconds [static and dynamic dependencies]. Details - ImportResultOutputID=e8adbf63763f97cf5915ac78cb92472a DependenciesID=9a1be5cdc078821ca1c17db388710a80 StaticDependenciesID=5f3e878980de81de635d0071489bdec8 
Number of updated asset objects reloaded before import = 0Number of asset objects unloaded after import = 3

========================================================================
Received Import Request.
  Time since last request: 0.000032 seconds.
  path: Packages/com.unity.2d.animation/Editor/Assets/EditorIcons/Dark/d_Bone_Influence.png
  importAddress: Guid(c037c4c58e8d8c34ca9bf121abb7ee49) Importer(815301076,1909f56bfc062723c751e8b465ee728b)
Start importing Packages/com.unity.2d.animation/Editor/Assets/EditorIcons/Dark/d_Bone_Influence.png using Guid(c037c4c58e8d8c34ca9bf121abb7ee49) Importer(815301076,1909f56bfc062723c751e8b465ee728b) (PreviewImporter) -> (Import Result ID: 'e4fbcc093a4bbd2f23eef1eb3bb5868c') in 0.025261 seconds [static and dynamic dependencies]. Details - ImportResultOutputID=c8ffffd48b075cef6a5a0d1872d843eb DependenciesID=fbc03c72284330be637c30f8a3154b4a StaticDependenciesID=300a879b47092b7b2bb3952626b71a53 
Number of updated asset objects reloaded before import = 0Number of asset objects unloaded after import = 3

========================================================================
Received Import Request.
  Time since last request: 0.000052 seconds.
  path: Packages/com.unity.render-pipelines.core/Editor/Lighting/Icons/LightUnitIcons/d_DirectSunlight.png
  importAddress: Guid(76bf11a78c4428b4eb6b567a160a0c83) Importer(815301076,1909f56bfc062723c751e8b465ee728b)
Start importing Packages/com.unity.render-pipelines.core/Editor/Lighting/Icons/LightUnitIcons/d_DirectSunlight.png using Guid(76bf11a78c4428b4eb6b567a160a0c83) Importer(815301076,1909f56bfc062723c751e8b465ee728b) (PreviewImporter) -> (Import Result ID: '163eb6682847e59cfc42607823b0a941') in 0.0212452 seconds [static and dynamic dependencies]. Details - ImportResultOutputID=2ac450276c83423b688cc43348a4911a DependenciesID=abb5a319295d946af92053a9120f74af StaticDependenciesID=6ed2ecc6d2a15cc2e90c62a730070809 
Number of updated asset objects reloaded before import = 0Number of asset objects unloaded after import = 2

========================================================================
Received Import Request.
  Time since last request: 0.000053 seconds.
  path: Packages/com.unity.2d.animation/Editor/Assets/EditorIcons/Dark/d_character_Mode.png
  importAddress: Guid(a33833072bf90f34c856623b67d0e897) Importer(815301076,1909f56bfc062723c751e8b465ee728b)
Start importing Packages/com.unity.2d.animation/Editor/Assets/EditorIcons/Dark/d_character_Mode.png using Guid(a33833072bf90f34c856623b67d0e897) Importer(815301076,1909f56bfc062723c751e8b465ee728b) (PreviewImporter) -> (Import Result ID: '5c145f7d03d79004a3d33b04332c20e1') in 0.0261745 seconds [static and dynamic dependencies]. Details - ImportResultOutputID=d439dd0b92cd34b707c5d49e9bab3589 DependenciesID=a61981417564ffe88ce08825992e29fc StaticDependenciesID=23276f10fe66adf1cc9df8df357bed51 
Number of updated asset objects reloaded before import = 0Number of asset objects unloaded after import = 3

========================================================================
Received Import Request.
  Time since last request: 0.000042 seconds.
  path: Packages/com.unity.inputsystem/InputSystem/Editor/Icons/d_ChevronDown@3x.png
  importAddress: Guid(5d96795fd770f47d69d997b053532730) Importer(815301076,1909f56bfc062723c751e8b465ee728b)
Start importing Packages/com.unity.inputsystem/InputSystem/Editor/Icons/d_ChevronDown@3x.png using Guid(5d96795fd770f47d69d997b053532730) Importer(815301076,1909f56bfc062723c751e8b465ee728b) (PreviewImporter) -> (Import Result ID: '99d2fcd6da6d246edea4cad95c636f32') in 0.0095907 seconds [static and dynamic dependencies]. Details - ImportResultOutputID=40e7fa8d421ba16976c6bf1e170ba703 DependenciesID=7ec1433620f735b28c0321303c6a2fab StaticDependenciesID=248a85eea8727413ed8ae2650b68aa40 
Number of updated asset objects reloaded before import = 0Number of asset objects unloaded after import = 2

========================================================================
Received Import Request.
  Time since last request: 0.000027 seconds.
  path: Packages/com.unity.2d.animation/Editor/Assets/EditorIcons/Dark/d_Copy.png
  importAddress: Guid(69fdfe6d8e206134a83223383472ff48) Importer(815301076,1909f56bfc062723c751e8b465ee728b)
Start importing Packages/com.unity.2d.animation/Editor/Assets/EditorIcons/Dark/d_Copy.png using Guid(69fdfe6d8e206134a83223383472ff48) Importer(815301076,1909f56bfc062723c751e8b465ee728b) (PreviewImporter) -> (Import Result ID: 'd4f1154acb66b0cf9195e4b85ae37851') in 0.0251102 seconds [static and dynamic dependencies]. Details - ImportResultOutputID=f9d87ece0cbfc770810c39a3d97bb476 DependenciesID=9f23ff8dab1a5e3559aa4a584bc7d55b StaticDependenciesID=576cea59ec80282282dbca27c316994c 
Number of updated asset objects reloaded before import = 0Number of asset objects unloaded after import = 3

========================================================================
Received Import Request.
  Time since last request: 0.000031 seconds.
  path: Packages/com.unity.inputsystem/InputSystem/Editor/Icons/d_ChevronUp@4x.png
  importAddress: Guid(e46ad23216d074f828f3437b21912c64) Importer(815301076,1909f56bfc062723c751e8b465ee728b)
Start importing Packages/com.unity.inputsystem/InputSystem/Editor/Icons/d_ChevronUp@4x.png using Guid(e46ad23216d074f828f3437b21912c64) Importer(815301076,1909f56bfc062723c751e8b465ee728b) (PreviewImporter) -> (Import Result ID: '55d54f49a0d306f7489a0c9216e0759d') in 0.0086439 seconds [static and dynamic dependencies]. Details - ImportResultOutputID=167ac0fd16fb883bd10ad37faa84cfd4 DependenciesID=f473622f1ecd9a99a857aed169f7cc4f StaticDependenciesID=2cb31d01a3c20dc4e54493360fce735a 
Number of updated asset objects reloaded before import = 0Number of asset objects unloaded after import = 2

========================================================================
Received Import Request.
  Time since last request: 0.000028 seconds.
  path: Packages/com.unity.2d.animation/Editor/Assets/EditorIcons/Dark/d_Create_Vertex@3x.png
  importAddress: Guid(501233c9f1da3ef44b4ff7115f564d9b) Importer(815301076,1909f56bfc062723c751e8b465ee728b)
Start importing Packages/com.unity.2d.animation/Editor/Assets/EditorIcons/Dark/d_Create_Vertex@3x.png using Guid(501233c9f1da3ef44b4ff7115f564d9b) Importer(815301076,1909f56bfc062723c751e8b465ee728b) (PreviewImporter) -> (Import Result ID: '8404206d8635ca02ecb175b4d4417999') in 0.0238922 seconds [static and dynamic dependencies]. Details - ImportResultOutputID=b5a7b3c8a509ffee6eb802a5d6270423 DependenciesID=aab87af353da2579bb1dabf361d42f07 StaticDependenciesID=74c50ffba2a79b5183df304b9c01e7d6 
Number of updated asset objects reloaded before import = 0Number of asset objects unloaded after import = 3

========================================================================
Received Import Request.
  Time since last request: 0.000029 seconds.
  path: Packages/com.unity.2d.animation/Editor/Assets/EditorIcons/Dark/d_Edit_Geometry.png
  importAddress: Guid(a855026b258150c418b14e56540f642a) Importer(815301076,1909f56bfc062723c751e8b465ee728b)
Start importing Packages/com.unity.2d.animation/Editor/Assets/EditorIcons/Dark/d_Edit_Geometry.png using Guid(a855026b258150c418b14e56540f642a) Importer(815301076,1909f56bfc062723c751e8b465ee728b) (PreviewImporter) -> (Import Result ID: '50f484d294c94ee0c94115472be4412a') in 0.0311024 seconds [static and dynamic dependencies]. Details - ImportResultOutputID=8839950b00418d4ec4d6ef4431a0a230 DependenciesID=c6b09b9c98ca7ceb94373aac93b99fc1 StaticDependenciesID=293ce54bf650ad341aa94f29354a470f 
Number of updated asset objects reloaded before import = 0Number of asset objects unloaded after import = 3

========================================================================
Received Import Request.
  Time since last request: 0.000040 seconds.
  path: Packages/com.unity.2d.animation/Editor/Assets/EditorIcons/Dark/d_Edit_Geometry@3x.png
  importAddress: Guid(0ff8fd73a1ad1284eb30ab319560b4c7) Importer(815301076,1909f56bfc062723c751e8b465ee728b)
Start importing Packages/com.unity.2d.animation/Editor/Assets/EditorIcons/Dark/d_Edit_Geometry@3x.png using Guid(0ff8fd73a1ad1284eb30ab319560b4c7) Importer(815301076,1909f56bfc062723c751e8b465ee728b) (PreviewImporter) -> (Import Result ID: '864098950a0869b630bb753a062e0ca7') in 0.0249638 seconds [static and dynamic dependencies]. Details - ImportResultOutputID=e5a2e4de47538ce1842373994e200ce4 DependenciesID=b4c014eee67aa07a0d39eebf3ad0217d StaticDependenciesID=d6dc13553c071ba5db35ef2f2263ba22 
Number of updated asset objects reloaded before import = 0Number of asset objects unloaded after import = 3

========================================================================
Received Import Request.
  Time since last request: 0.000026 seconds.
  path: Packages/com.unity.2d.tilemap/Editor/Icons/d_EditorUI.Target@2x.png
  importAddress: Guid(efae8c209fe26f541b3d560f2034287d) Importer(815301076,1909f56bfc062723c751e8b465ee728b)
Start importing Packages/com.unity.2d.tilemap/Editor/Icons/d_EditorUI.Target@2x.png using Guid(efae8c209fe26f541b3d560f2034287d) Importer(815301076,1909f56bfc062723c751e8b465ee728b) (PreviewImporter) -> (Import Result ID: '1cb41621eff1688310bd6ddc25d7e13c') in 0.021152 seconds [static and dynamic dependencies]. Details - ImportResultOutputID=6b656cc3a42fc1c3a20e9727af0bbd05 DependenciesID=32980e34845895acee191a6fd3578ef2 StaticDependenciesID=d6f0f0fe3e808c005eb5720e2dd23ce8 
Number of updated asset objects reloaded before import = 0Number of asset objects unloaded after import = 3

========================================================================
Received Import Request.
  Time since last request: 0.000030 seconds.
  path: Packages/com.unity.render-pipelines.core/Editor/LookDev/Icons/d_Environment.png
  importAddress: Guid(98cefb354c00bc44cb31fffd52dc4650) Importer(815301076,1909f56bfc062723c751e8b465ee728b)
Start importing Packages/com.unity.render-pipelines.core/Editor/LookDev/Icons/d_Environment.png using Guid(98cefb354c00bc44cb31fffd52dc4650) Importer(815301076,1909f56bfc062723c751e8b465ee728b) (PreviewImporter) -> (Import Result ID: '116e5796f5dca5207c409e6667f05acd') in 0.022321 seconds [static and dynamic dependencies]. Details - ImportResultOutputID=ada669f1bdbdb37a8167201f3987e7b2 DependenciesID=4f0050718c9cd9efd2e2a73585545e0b StaticDependenciesID=9aa5ac5fcdad5004229f26448d324548 
Number of updated asset objects reloaded before import = 0Number of asset objects unloaded after import = 3

========================================================================
Received Import Request.
  Time since last request: 0.000026 seconds.
  path: Packages/com.unity.2d.tilemap.extras/Editor/Brushes/GameObjectBrush/d_GameObjectBrush.png
  importAddress: Guid(714529104297846e7bb63724eabddbdf) Importer(815301076,1909f56bfc062723c751e8b465ee728b)
Start importing Packages/com.unity.2d.tilemap.extras/Editor/Brushes/GameObjectBrush/d_GameObjectBrush.png using Guid(714529104297846e7bb63724eabddbdf) Importer(815301076,1909f56bfc062723c751e8b465ee728b) (PreviewImporter) -> (Import Result ID: '05a59e16409083d182ac6beb4577bd50') in 0.0223504 seconds [static and dynamic dependencies]. Details - ImportResultOutputID=c2383be4bb2e358c9e6bd1bfbb7cfbbb DependenciesID=ea734bbc5f9894e537806750d1b46c3d StaticDependenciesID=d862e3a2c476815e47c497fc49c54679 
Number of updated asset objects reloaded before import = 0Number of asset objects unloaded after import = 3

========================================================================
Received Import Request.
  Time since last request: 0.000024 seconds.
  path: Packages/com.unity.render-pipelines.core/Editor/Lighting/Icons/LightUnitIcons/d_Fluorescent.png
  importAddress: Guid(b95665ddb99de4945b528a188a1c41c7) Importer(815301076,1909f56bfc062723c751e8b465ee728b)
Start importing Packages/com.unity.render-pipelines.core/Editor/Lighting/Icons/LightUnitIcons/d_Fluorescent.png using Guid(b95665ddb99de4945b528a188a1c41c7) Importer(815301076,1909f56bfc062723c751e8b465ee728b) (PreviewImporter) -> (Import Result ID: '7e4fdf7b0f86218c0197fd7edd15c5c9') in 0.0164176 seconds [static and dynamic dependencies]. Details - ImportResultOutputID=2f80d8f654182f32a92b99b27d4c8e45 DependenciesID=a81d4962357d78f0c48707553e2c68f6 StaticDependenciesID=a8b8c11c30b06c6f57f267f557331744 
Number of updated asset objects reloaded before import = 0Number of asset objects unloaded after import = 2

========================================================================
Received Import Request.
  Time since last request: 0.000035 seconds.
  path: Packages/com.unity.2d.animation/Editor/Assets/EditorIcons/Dark/d_Generate_Geometry@3x.png
  importAddress: Guid(d0c7c8e72b5fcf84e9478a13bd449ae6) Importer(815301076,1909f56bfc062723c751e8b465ee728b)
Start importing Packages/com.unity.2d.animation/Editor/Assets/EditorIcons/Dark/d_Generate_Geometry@3x.png using Guid(d0c7c8e72b5fcf84e9478a13bd449ae6) Importer(815301076,1909f56bfc062723c751e8b465ee728b) (PreviewImporter) -> (Import Result ID: '13147df99c444ad32a32cac5f2b1c361') in 0.0252247 seconds [static and dynamic dependencies]. Details - ImportResultOutputID=374f050c0754daa7d88da2a123f0cd6b DependenciesID=138b3c101e507f64b4c852f2cdd74ca0 StaticDependenciesID=ad9646c972ac014ac36eff63425366a8 
Number of updated asset objects reloaded before import = 0Number of asset objects unloaded after import = 3

========================================================================
Received Import Request.
  Time since last request: 0.000032 seconds.
  path: Packages/com.unity.2d.animation/Editor/Assets/EditorIcons/Dark/d_Generate_Weights@2x.png
  importAddress: Guid(f7e651b449fe96f42badf0e18b738c78) Importer(815301076,1909f56bfc062723c751e8b465ee728b)
Start importing Packages/com.unity.2d.animation/Editor/Assets/EditorIcons/Dark/d_Generate_Weights@2x.png using Guid(f7e651b449fe96f42badf0e18b738c78) Importer(815301076,1909f56bfc062723c751e8b465ee728b) (PreviewImporter) -> (Import Result ID: '6b8158a6f24c83d19be97c1e434b5443') in 0.0226652 seconds [static and dynamic dependencies]. Details - ImportResultOutputID=3723fe15ac30edb9631d39bc7ff73e8d DependenciesID=778f92c191de33582d2372ff5fa22ff8 StaticDependenciesID=31381369528875593fa4445ce2d0fafd 
Number of updated asset objects reloaded before import = 0Number of asset objects unloaded after import = 3

========================================================================
Received Import Request.
  Time since last request: 0.000029 seconds.
  path: Packages/com.unity.2d.tilemap/Editor/Icons/d_Grid.FlipX@2x.png
  importAddress: Guid(1f26945e970839e41ba35badd04237ef) Importer(815301076,1909f56bfc062723c751e8b465ee728b)
Start importing Packages/com.unity.2d.tilemap/Editor/Icons/d_Grid.FlipX@2x.png using Guid(1f26945e970839e41ba35badd04237ef) Importer(815301076,1909f56bfc062723c751e8b465ee728b) (PreviewImporter) -> (Import Result ID: 'd91ad8c8e07ff481029033af52ea66e1') in 0.0286591 seconds [static and dynamic dependencies]. Details - ImportResultOutputID=7719a52537ff7d73e90f67b23d63e383 DependenciesID=2f97879c042f699265df7b3feea9e5a9 StaticDependenciesID=554aad641ead3d8caababd9fecec8f47 
Number of updated asset objects reloaded before import = 0Number of asset objects unloaded after import = 3

========================================================================
Received Import Request.
  Time since last request: 0.000048 seconds.
  path: Packages/com.unity.2d.animation/Editor/Assets/EditorIcons/Dark/d_Generate_Weights.png
  importAddress: Guid(05c5f13370d29414b9489151a4f5c666) Importer(815301076,1909f56bfc062723c751e8b465ee728b)
Start importing Packages/com.unity.2d.animation/Editor/Assets/EditorIcons/Dark/d_Generate_Weights.png using Guid(05c5f13370d29414b9489151a4f5c666) Importer(815301076,1909f56bfc062723c751e8b465ee728b) (PreviewImporter) -> (Import Result ID: '6beac08972bfca60cace1bcbb74e2699') in 0.0265178 seconds [static and dynamic dependencies]. Details - ImportResultOutputID=b23bb9a457ee8d299214d8f88aa32cfd DependenciesID=f0930e82d08b3e682d3d486de0829c8a StaticDependenciesID=2a6e160bc8314f6a3522ba40fae00da5 
Number of updated asset objects reloaded before import = 0Number of asset objects unloaded after import = 3

========================================================================
Received Import Request.
  Time since last request: 0.000036 seconds.
  path: Packages/com.unity.inputsystem/InputSystem/Editor/Icons/d_Gamepad@4x.png
  importAddress: Guid(83438053370c84456a73f7f95ef821fb) Importer(815301076,1909f56bfc062723c751e8b465ee728b)
Start importing Packages/com.unity.inputsystem/InputSystem/Editor/Icons/d_Gamepad@4x.png using Guid(83438053370c84456a73f7f95ef821fb) Importer(815301076,1909f56bfc062723c751e8b465ee728b) (PreviewImporter) -> (Import Result ID: '2fb355695e9ce15f91a68a6948a28620') in 0.0202585 seconds [static and dynamic dependencies]. Details - ImportResultOutputID=f86f89143cd7379d3739f8b611610fa6 DependenciesID=97ef6a107470efbcfbaafb7354fb9524 StaticDependenciesID=bbfc7edc43f96f4ab08c7ce7930fb964 
Number of updated asset objects reloaded before import = 0Number of asset objects unloaded after import = 2

========================================================================
Received Import Request.
  Time since last request: 0.000038 seconds.
  path: Packages/com.unity.render-pipelines.core/Editor/LookDev/Icons/d_Duplicate@2x.png
  importAddress: Guid(8ca869dd944d5f54e9ec614b26f10dcb) Importer(815301076,1909f56bfc062723c751e8b465ee728b)
Start importing Packages/com.unity.render-pipelines.core/Editor/LookDev/Icons/d_Duplicate@2x.png using Guid(8ca869dd944d5f54e9ec614b26f10dcb) Importer(815301076,1909f56bfc062723c751e8b465ee728b) (PreviewImporter) -> (Import Result ID: '48fb53163f9f390f3ba6cbc4b3d79aa3') in 0.0340526 seconds [static and dynamic dependencies]. Details - ImportResultOutputID=c86ae6f6de47358dfe8fa8b3d385d23d DependenciesID=7e36b72ef487198504fd8944c64628c6 StaticDependenciesID=ce7eb7d0d90d623c17619619f7b7845d 
Number of updated asset objects reloaded before import = 0Number of asset objects unloaded after import = 3

========================================================================
Received Import Request.
  Time since last request: 0.000034 seconds.
  path: Packages/com.unity.2d.animation/Editor/Assets/EditorIcons/Dark/d_Edit_Geometry@4x.png
  importAddress: Guid(7af5f1b9cb7fc7645a9f27f070fbe2fd) Importer(815301076,1909f56bfc062723c751e8b465ee728b)
Start importing Packages/com.unity.2d.animation/Editor/Assets/EditorIcons/Dark/d_Edit_Geometry@4x.png using Guid(7af5f1b9cb7fc7645a9f27f070fbe2fd) Importer(815301076,1909f56bfc062723c751e8b465ee728b) (PreviewImporter) -> (Import Result ID: 'f382685b47050a0be1c0391811c98997') in 0.0268515 seconds [static and dynamic dependencies]. Details - ImportResultOutputID=776899672e1d4b107716470552f9fb5d DependenciesID=91f2478f2b90c6bff513562414f7fb29 StaticDependenciesID=25521097aa30e8f4422b5fa9e437c5bb 
Number of updated asset objects reloaded before import = 0Number of asset objects unloaded after import = 3

========================================================================
Received Import Request.
  Time since last request: 0.000026 seconds.
  path: Packages/com.unity.inputsystem/InputSystem/Editor/Icons/d_Gamepad@2x.png
  importAddress: Guid(bed935caee9524e6780614c2055bfd35) Importer(815301076,1909f56bfc062723c751e8b465ee728b)
Start importing Packages/com.unity.inputsystem/InputSystem/Editor/Icons/d_Gamepad@2x.png using Guid(bed935caee9524e6780614c2055bfd35) Importer(815301076,1909f56bfc062723c751e8b465ee728b) (PreviewImporter) -> (Import Result ID: '17e6a023a191d311efa42581669ae113') in 0.0257677 seconds [static and dynamic dependencies]. Details - ImportResultOutputID=796ac62decf010d879b4edafde5fd295 DependenciesID=03ace62aa9e72e356d2d1d3d889738ee StaticDependenciesID=947a2a09e9423cb7b5107d46ab3e7967 
Number of updated asset objects reloaded before import = 0Number of asset objects unloaded after import = 2

========================================================================
Received Import Request.
  Time since last request: 0.000024 seconds.
  path: Packages/com.unity.2d.animation/Editor/Assets/ComponentIcons/d_Animation.SpriteLibrary@32.png
  importAddress: Guid(75f06dda60070420793cf5b254fcf8f7) Importer(815301076,1909f56bfc062723c751e8b465ee728b)
Start importing Packages/com.unity.2d.animation/Editor/Assets/ComponentIcons/d_Animation.SpriteLibrary@32.png using Guid(75f06dda60070420793cf5b254fcf8f7) Importer(815301076,1909f56bfc062723c751e8b465ee728b) (PreviewImporter) -> (Import Result ID: '469a39ef7ce1c5dc900dd9e0a912e3d8') in 0.0282412 seconds [static and dynamic dependencies]. Details - ImportResultOutputID=0314c88837cd8fbfed62b0db54f54220 DependenciesID=fa02cd468b06bb64ad94b4bb178d1606 StaticDependenciesID=b13feab6dc6f702e5fff2e5414e9cd09 
Number of updated asset objects reloaded before import = 0Number of asset objects unloaded after import = 3

========================================================================
Received Import Request.
  Time since last request: 0.000035 seconds.
  path: Packages/com.unity.2d.animation/Editor/Assets/ComponentIcons/d_Animation.IKLimb@256.png
  importAddress: Guid(687d960e2731e4f379851b2bb0b12167) Importer(815301076,1909f56bfc062723c751e8b465ee728b)
Start importing Packages/com.unity.2d.animation/Editor/Assets/ComponentIcons/d_Animation.IKLimb@256.png using Guid(687d960e2731e4f379851b2bb0b12167) Importer(815301076,1909f56bfc062723c751e8b465ee728b) (PreviewImporter) -> (Import Result ID: 'ebaf46a11e059ed20874f4a27d8f678e') in 0.0277895 seconds [static and dynamic dependencies]. Details - ImportResultOutputID=b6f03e87faeaa484f41ea7fde8e73bad DependenciesID=bb0c0465f74e4e62ce21595bb045d679 StaticDependenciesID=59b14d09e646d4aa5e87573eb93889af 
Number of updated asset objects reloaded before import = 0Number of asset objects unloaded after import = 3

========================================================================
Received Import Request.
  Time since last request: 0.000036 seconds.
  path: Packages/com.unity.2d.tilemap/Editor/Icons/d_Grid.RotateACW.png
  importAddress: Guid(53da314bfe3845741ad14976e09ee6cf) Importer(815301076,1909f56bfc062723c751e8b465ee728b)
Start importing Packages/com.unity.2d.tilemap/Editor/Icons/d_Grid.RotateACW.png using Guid(53da314bfe3845741ad14976e09ee6cf) Importer(815301076,1909f56bfc062723c751e8b465ee728b) (PreviewImporter) -> (Import Result ID: '740ba0d4f5b7e92eda6a9bc5bad56803') in 0.0255034 seconds [static and dynamic dependencies]. Details - ImportResultOutputID=ef6e27869f77b21575b8b45c91a0e41d DependenciesID=27e0668ee71d0aea886c430072f42956 StaticDependenciesID=9d1c061aa446974409e1448a776c40f8 
Number of updated asset objects reloaded before import = 0Number of asset objects unloaded after import = 3

========================================================================
Received Import Request.
  Time since last request: 0.000027 seconds.
  path: Packages/com.unity.2d.tilemap.extras/Editor/Brushes/GroupBrush/d_GroupBrush@2x.png
  importAddress: Guid(295e44cef6a724d4fa1d386ea35a8f49) Importer(815301076,1909f56bfc062723c751e8b465ee728b)
Start importing Packages/com.unity.2d.tilemap.extras/Editor/Brushes/GroupBrush/d_GroupBrush@2x.png using Guid(295e44cef6a724d4fa1d386ea35a8f49) Importer(815301076,1909f56bfc062723c751e8b465ee728b) (PreviewImporter) -> (Import Result ID: 'db55b8f2c79570042d6041909d08bf20') in 0.0297687 seconds [static and dynamic dependencies]. Details - ImportResultOutputID=fe3d486844a9207ab3ddef168117b4f5 DependenciesID=6ced94499e1f5150c0f8adeed50f1d9e StaticDependenciesID=6ce56dc0a3210d88e5b70cb9e13b6448 
Number of updated asset objects reloaded before import = 0Number of asset objects unloaded after import = 3

========================================================================
Received Import Request.
  Time since last request: 0.000024 seconds.
  path: Packages/com.unity.collab-proxy/Editor/Assets/Images/d_iconaddedoverlay.png
  importAddress: Guid(73d124bf77e463c45942d14136745d9f) Importer(815301076,1909f56bfc062723c751e8b465ee728b)
Start importing Packages/com.unity.collab-proxy/Editor/Assets/Images/d_iconaddedoverlay.png using Guid(73d124bf77e463c45942d14136745d9f) Importer(815301076,1909f56bfc062723c751e8b465ee728b) (PreviewImporter) -> (Import Result ID: 'aa7ee7c5741c93cf9daee0c71dfa8fdf') in 0.0176656 seconds [static and dynamic dependencies]. Details - ImportResultOutputID=e6b5569becb718fef6e189e52dae6409 DependenciesID=522e5751f199c16a43b95c2dd6a3af0c StaticDependenciesID=4df0d9105732ffa60e6a441a41871e0a 
Number of updated asset objects reloaded before import = 0Number of asset objects unloaded after import = 2

========================================================================
Received Import Request.
  Time since last request: 0.000026 seconds.
  path: Packages/com.unity.collab-proxy/Editor/Assets/Images/d_iconbrex.png
  importAddress: Guid(d44f9c7a4044e1845b5b3627ba32fb10) Importer(815301076,1909f56bfc062723c751e8b465ee728b)
Start importing Packages/com.unity.collab-proxy/Editor/Assets/Images/d_iconbrex.png using Guid(d44f9c7a4044e1845b5b3627ba32fb10) Importer(815301076,1909f56bfc062723c751e8b465ee728b) (PreviewImporter) -> (Import Result ID: '343dfa5a253bcb10d02e398b56a2fc0b') in 0.0251515 seconds [static and dynamic dependencies]. Details - ImportResultOutputID=f530f1b692ff3176a75da523ee3c3581 DependenciesID=153fba5e1e08f91b6c64bd9bc62b17ee StaticDependenciesID=704f53f1cad146bce4ac6964d4b0f8d7 
Number of updated asset objects reloaded before import = 0Number of asset objects unloaded after import = 3

========================================================================
Received Import Request.
  Time since last request: 0.000021 seconds.
  path: Packages/com.unity.collab-proxy/Editor/Assets/Images/d_iconchangesets.png
  importAddress: Guid(4da398eacd0c045bebf576a9f11339b0) Importer(815301076,1909f56bfc062723c751e8b465ee728b)
Start importing Packages/com.unity.collab-proxy/Editor/Assets/Images/d_iconchangesets.png using Guid(4da398eacd0c045bebf576a9f11339b0) Importer(815301076,1909f56bfc062723c751e8b465ee728b) (PreviewImporter) -> (Import Result ID: 'd922e116888f82261f4ccc2c82e0663b') in 0.0258091 seconds [static and dynamic dependencies]. Details - ImportResultOutputID=4c279591d45ce8356f7060c9c4e55bfb DependenciesID=71cf42a1c7ee52b944ac8e14d15fefcf StaticDependenciesID=cc335ae7c8f17f872df5434a399b5be4 
Number of updated asset objects reloaded before import = 0Number of asset objects unloaded after import = 3

========================================================================
Received Import Request.
  Time since last request: 0.000036 seconds.
  path: Packages/com.unity.collab-proxy/Editor/Assets/Images/d_iconclouddriveview.png
  importAddress: Guid(8b32b34c806b4de4cb7f04b3344b6966) Importer(815301076,1909f56bfc062723c751e8b465ee728b)
Start importing Packages/com.unity.collab-proxy/Editor/Assets/Images/d_iconclouddriveview.png using Guid(8b32b34c806b4de4cb7f04b3344b6966) Importer(815301076,1909f56bfc062723c751e8b465ee728b) (PreviewImporter) -> (Import Result ID: 'bafa848e41c9ddb175c225ed54644abf') in 0.0230641 seconds [static and dynamic dependencies]. Details - ImportResultOutputID=2032d6488e6ea1a4ce54e4ec83a88011 DependenciesID=c924156c1b0e3635d9364402f6a456a4 StaticDependenciesID=32acb78d50f11f03d1298aa8b9801394 
Number of updated asset objects reloaded before import = 0Number of asset objects unloaded after import = 3

========================================================================
Received Import Request.
  Time since last request: 0.000019 seconds.
  path: Packages/com.unity.collab-proxy/Editor/Assets/Images/d_iconclosebutton@2x.png
  importAddress: Guid(0525793900d728a42936791a8a6de63b) Importer(815301076,1909f56bfc062723c751e8b465ee728b)
Start importing Packages/com.unity.collab-proxy/Editor/Assets/Images/d_iconclosebutton@2x.png using Guid(0525793900d728a42936791a8a6de63b) Importer(815301076,1909f56bfc062723c751e8b465ee728b) (PreviewImporter) -> (Import Result ID: '0c0f2a67b64c64924856f22719091d70') in 0.0176599 seconds [static and dynamic dependencies]. Details - ImportResultOutputID=30827af057c747b04d2b67f8390ca395 DependenciesID=25dac787b3b8703bfb6d6268829d59c7 StaticDependenciesID=cee9c8706a7a4b2e91f13d3452c0d7cf 
Number of updated asset objects reloaded before import = 0Number of asset objects unloaded after import = 2

========================================================================
Received Import Request.
  Time since last request: 0.000021 seconds.
  path: Packages/com.unity.collab-proxy/Editor/Assets/Images/d_iconaddedlocal@2x.png
  importAddress: Guid(02800fb9cff14da47a04572790384d8b) Importer(815301076,1909f56bfc062723c751e8b465ee728b)
Start importing Packages/com.unity.collab-proxy/Editor/Assets/Images/d_iconaddedlocal@2x.png using Guid(02800fb9cff14da47a04572790384d8b) Importer(815301076,1909f56bfc062723c751e8b465ee728b) (PreviewImporter) -> (Import Result ID: 'a2aeb60e04e9e35fb74f9beaed1664db') in 0.0235447 seconds [static and dynamic dependencies]. Details - ImportResultOutputID=b1f22ced82fcd622e3fd3f36d5483305 DependenciesID=179c34eb6870914c239f794555618d18 StaticDependenciesID=93129fd9c3a323230dc434fed9435057 
Number of updated asset objects reloaded before import = 0Number of asset objects unloaded after import = 2

========================================================================
Received Import Request.
  Time since last request: 0.000028 seconds.
  path: Packages/com.unity.collab-proxy/Editor/Assets/Images/d_iconcurrentbranch.png
  importAddress: Guid(0a02e43184c7e9c4c9c59b601100b705) Importer(815301076,1909f56bfc062723c751e8b465ee728b)
Start importing Packages/com.unity.collab-proxy/Editor/Assets/Images/d_iconcurrentbranch.png using Guid(0a02e43184c7e9c4c9c59b601100b705) Importer(815301076,1909f56bfc062723c751e8b465ee728b) (PreviewImporter) -> (Import Result ID: '929a9a387c67cf0ef7dbd79e3fd78905') in 0.0256613 seconds [static and dynamic dependencies]. Details - ImportResultOutputID=e82047eb6771e5166027028387e5a458 DependenciesID=fdcd8dcf344a0751b27b512eb667fb4a StaticDependenciesID=09a1aecf3ad8c2b9148fa6995f3c1955 
Number of updated asset objects reloaded before import = 0Number of asset objects unloaded after import = 3

========================================================================
Received Import Request.
  Time since last request: 0.000029 seconds.
  path: Packages/com.unity.collab-proxy/Editor/Assets/Images/d_icondeletedremote.png
  importAddress: Guid(23e66f7264c74424889342127f229577) Importer(815301076,1909f56bfc062723c751e8b465ee728b)
Start importing Packages/com.unity.collab-proxy/Editor/Assets/Images/d_icondeletedremote.png using Guid(23e66f7264c74424889342127f229577) Importer(815301076,1909f56bfc062723c751e8b465ee728b) (PreviewImporter) -> (Import Result ID: '2b1d2c6f5d374b8e82de53c4ed47d113') in 0.0204518 seconds [static and dynamic dependencies]. Details - ImportResultOutputID=ceee61ae795de058de344a1c12d690ee DependenciesID=ed49d95af536f7e6bfd1d8c3a19961a6 StaticDependenciesID=1d7d0966d2ba4f79395d25c786ab4ee1 
Number of updated asset objects reloaded before import = 0Number of asset objects unloaded after import = 2

========================================================================
Received Import Request.
  Time since last request: 0.000038 seconds.
  path: Packages/com.unity.collab-proxy/Editor/Assets/Images/d_icondeletedremote@2x.png
  importAddress: Guid(626b9cddb29049e4cac50cd87b419945) Importer(815301076,1909f56bfc062723c751e8b465ee728b)
Start importing Packages/com.unity.collab-proxy/Editor/Assets/Images/d_icondeletedremote@2x.png using Guid(626b9cddb29049e4cac50cd87b419945) Importer(815301076,1909f56bfc062723c751e8b465ee728b) (PreviewImporter) -> (Import Result ID: '708073bde4b56934272805b684e75ead') in 0.0269282 seconds [static and dynamic dependencies]. Details - ImportResultOutputID=fb31b238cf414a30c1fe9fdea55b0e59 DependenciesID=0b0598c9844a663c9c8fa9f48b9ca9be StaticDependenciesID=ea17a8e02bee871000a38fceca36c908 
Number of updated asset objects reloaded before import = 0Number of asset objects unloaded after import = 2

========================================================================
Received Import Request.
  Time since last request: 0.000023 seconds.
  path: Packages/com.unity.collab-proxy/Editor/Assets/Images/d_iconconflicted@2x.png
  importAddress: Guid(65f0e363b74cf5845ab8c3fbc14f39ac) Importer(815301076,1909f56bfc062723c751e8b465ee728b)
Start importing Packages/com.unity.collab-proxy/Editor/Assets/Images/d_iconconflicted@2x.png using Guid(65f0e363b74cf5845ab8c3fbc14f39ac) Importer(815301076,1909f56bfc062723c751e8b465ee728b) (PreviewImporter) -> (Import Result ID: 'f95fe60cfe0a8ccdb101bbfd2610e82a') in 0.0214678 seconds [static and dynamic dependencies]. Details - ImportResultOutputID=639b1c008fff01fd0b3111937f5f263c DependenciesID=fc77069bee7105af0d06130ab467508f StaticDependenciesID=ac82d26dc41c0fc4c3d337eb275517ba 
Number of updated asset objects reloaded before import = 0Number of asset objects unloaded after import = 2

========================================================================
Received Import Request.
  Time since last request: 0.000026 seconds.
  path: Packages/com.unity.2d.tilemap.extras/Editor/Brushes/GroupBrush/d_GroupBrush@4x.png
  importAddress: Guid(1102d00ccb3a943ccb7fb03cbf96e4c9) Importer(815301076,1909f56bfc062723c751e8b465ee728b)
Start importing Packages/com.unity.2d.tilemap.extras/Editor/Brushes/GroupBrush/d_GroupBrush@4x.png using Guid(1102d00ccb3a943ccb7fb03cbf96e4c9) Importer(815301076,1909f56bfc062723c751e8b465ee728b) (PreviewImporter) -> (Import Result ID: 'ead4c3a144df50ecbc4f624e0676427b') in 0.026842 seconds [static and dynamic dependencies]. Details - ImportResultOutputID=52c1fa53d7ad1482872f9d422819a587 DependenciesID=ceae88c224d607649481775fe792281e StaticDependenciesID=87201181790b2f0d0ef5947ee755f08f 
Number of updated asset objects reloaded before import = 0Number of asset objects unloaded after import = 3

========================================================================
Received Import Request.
  Time since last request: 0.000025 seconds.
  path: Packages/com.unity.collab-proxy/Editor/Assets/Images/d_icondeletedlocaloverlay@2x.png
  importAddress: Guid(92b204cca46037444ab18ba6701f86f7) Importer(815301076,1909f56bfc062723c751e8b465ee728b)
Start importing Packages/com.unity.collab-proxy/Editor/Assets/Images/d_icondeletedlocaloverlay@2x.png using Guid(92b204cca46037444ab18ba6701f86f7) Importer(815301076,1909f56bfc062723c751e8b465ee728b) (PreviewImporter) -> (Import Result ID: '3eb9a0b6b0feeb8407d433ee6015a8ef') in 0.0243879 seconds [static and dynamic dependencies]. Details - ImportResultOutputID=5ad003e78256957bad6e999f3919fdef DependenciesID=1b914464e73dc1dbf25360c3b72e143c StaticDependenciesID=f3135a3cab69c7289a96ff815c49704a 
Number of updated asset objects reloaded before import = 0Number of asset objects unloaded after import = 2

========================================================================
Received Import Request.
  Time since last request: 0.000041 seconds.
  path: Packages/com.unity.collab-proxy/Editor/Assets/Images/d_iconemptygravatar.png
  importAddress: Guid(9aebd705574f9e642aef1e5f59b3e4d8) Importer(815301076,1909f56bfc062723c751e8b465ee728b)
Start importing Packages/com.unity.collab-proxy/Editor/Assets/Images/d_iconemptygravatar.png using Guid(9aebd705574f9e642aef1e5f59b3e4d8) Importer(815301076,1909f56bfc062723c751e8b465ee728b) (PreviewImporter) -> (Import Result ID: '5dc8586c54cdff880c28b3deb4a45398') in 0.0275904 seconds [static and dynamic dependencies]. Details - ImportResultOutputID=2fecead09596d2d6111745f526b4d0e8 DependenciesID=b35be71ce4567b651505760193860e4f StaticDependenciesID=b4f3ffacf2f96dc1e5c4a649c3f82fba 
Number of updated asset objects reloaded before import = 0Number of asset objects unloaded after import = 2

========================================================================
Received Import Request.
  Time since last request: 0.000045 seconds.
  path: Packages/com.unity.collab-proxy/Editor/Assets/Images/d_iconhistory@2x.png
  importAddress: Guid(50d1ea51731fa43db9ce0ec4fe5f0b07) Importer(815301076,1909f56bfc062723c751e8b465ee728b)
Start importing Packages/com.unity.collab-proxy/Editor/Assets/Images/d_iconhistory@2x.png using Guid(50d1ea51731fa43db9ce0ec4fe5f0b07) Importer(815301076,1909f56bfc062723c751e8b465ee728b) (PreviewImporter) -> (Import Result ID: '591aaaae69ccaa191ca064c5484931f7') in 0.0262974 seconds [static and dynamic dependencies]. Details - ImportResultOutputID=dbbedd30ecc172bc78f29f51d49a65bc DependenciesID=8d8850ad7a3f08794a227a0b442b02dc StaticDependenciesID=c40b1ede3b0a108f2b9d134695b15b82 
Number of updated asset objects reloaded before import = 0Number of asset objects unloaded after import = 3

========================================================================
Received Import Request.
  Time since last request: 0.000026 seconds.
  path: Packages/com.unity.collab-proxy/Editor/Assets/Images/d_iconinfobellnotification.png
  importAddress: Guid(f38e832edef3ab648bcc2ab5dfa2906d) Importer(815301076,1909f56bfc062723c751e8b465ee728b)
Start importing Packages/com.unity.collab-proxy/Editor/Assets/Images/d_iconinfobellnotification.png using Guid(f38e832edef3ab648bcc2ab5dfa2906d) Importer(815301076,1909f56bfc062723c751e8b465ee728b) (PreviewImporter) -> (Import Result ID: 'a0448959db04fe28a8247be950113dc5') in 0.0249159 seconds [static and dynamic dependencies]. Details - ImportResultOutputID=cd6c24a34f115aac67211be4f1ccd2ba DependenciesID=48edb67bbcc6669bafaa81b8e5b2e4d6 StaticDependenciesID=67261092ca26a57a1cb7277f549041fa 
Number of updated asset objects reloaded before import = 0Number of asset objects unloaded after import = 3

========================================================================
Received Import Request.
  Time since last request: 0.000022 seconds.
  path: Packages/com.unity.collab-proxy/Editor/Assets/Images/d_iconlabel.png
  importAddress: Guid(e1e64e28e7631534d8408668bcb82502) Importer(815301076,1909f56bfc062723c751e8b465ee728b)
Start importing Packages/com.unity.collab-proxy/Editor/Assets/Images/d_iconlabel.png using Guid(e1e64e28e7631534d8408668bcb82502) Importer(815301076,1909f56bfc062723c751e8b465ee728b) (PreviewImporter) -> (Import Result ID: 'cba6e775aa2c4494661869a243a33847') in 0.0246269 seconds [static and dynamic dependencies]. Details - ImportResultOutputID=6c27580c9f70c76678064a3d12e7693f DependenciesID=d9c9238ca2034ff906ff38b36ff7bcb8 StaticDependenciesID=4d90df9b9111ea06a579898362a70677 
Number of updated asset objects reloaded before import = 0Number of asset objects unloaded after import = 3

========================================================================
Received Import Request.
  Time since last request: 0.000026 seconds.
  path: Packages/com.unity.collab-proxy/Editor/Assets/Images/d_iconlockretained.png
  importAddress: Guid(ba2e8a5b6413ebc46b4f580903cb911d) Importer(815301076,1909f56bfc062723c751e8b465ee728b)
Start importing Packages/com.unity.collab-proxy/Editor/Assets/Images/d_iconlockretained.png using Guid(ba2e8a5b6413ebc46b4f580903cb911d) Importer(815301076,1909f56bfc062723c751e8b465ee728b) (PreviewImporter) -> (Import Result ID: 'bb8f7e0f79e17f36110b9f94072c74a5') in 0.0251265 seconds [static and dynamic dependencies]. Details - ImportResultOutputID=5b3a5ba7566f538db4c40bbf59fbe0c5 DependenciesID=c60f604c58369d261d57d2cfb59ad78c StaticDependenciesID=eb5d25fac4302c7a97bb30e97ce53106 
Number of updated asset objects reloaded before import = 0Number of asset objects unloaded after import = 3

========================================================================
Received Import Request.
  Time since last request: 0.000030 seconds.
  path: Packages/com.unity.collab-proxy/Editor/Assets/Images/d_iconmergeview.png
  importAddress: Guid(998e4aae0494244578bee3771d57801c) Importer(815301076,1909f56bfc062723c751e8b465ee728b)
Start importing Packages/com.unity.collab-proxy/Editor/Assets/Images/d_iconmergeview.png using Guid(998e4aae0494244578bee3771d57801c) Importer(815301076,1909f56bfc062723c751e8b465ee728b) (PreviewImporter) -> (Import Result ID: '44c3a76b1d4f96472db3b6d06faa685f') in 0.022866 seconds [static and dynamic dependencies]. Details - ImportResultOutputID=6093adb94c9328b58bc71167d65ea326 DependenciesID=73f9ed92859b2f56e8d0f95b1fe6aa0b StaticDependenciesID=fe1e2c768419ea7a7f50ec5f0a53accd 
Number of updated asset objects reloaded before import = 0Number of asset objects unloaded after import = 3

========================================================================
Received Import Request.
  Time since last request: 0.000036 seconds.
  path: Packages/com.unity.collab-proxy/Editor/Assets/Images/d_iconoutofsync@2x.png
  importAddress: Guid(f82dfc5fc3c5a8f4080a3550427019c8) Importer(815301076,1909f56bfc062723c751e8b465ee728b)
Start importing Packages/com.unity.collab-proxy/Editor/Assets/Images/d_iconoutofsync@2x.png using Guid(f82dfc5fc3c5a8f4080a3550427019c8) Importer(815301076,1909f56bfc062723c751e8b465ee728b) (PreviewImporter) -> (Import Result ID: 'a2d33a7eda3e307a4bfb6f5c414ad509') in 0.0194722 seconds [static and dynamic dependencies]. Details - ImportResultOutputID=dbe185282b05a3fddac557f3642ea2e1 DependenciesID=742faae756a1f30803681affbbd8b206 StaticDependenciesID=95e21286b15f6a37837bdeab62609259 
Number of updated asset objects reloaded before import = 0Number of asset objects unloaded after import = 2

========================================================================
Received Import Request.
  Time since last request: 0.000019 seconds.
  path: Packages/com.unity.collab-proxy/Editor/Assets/Images/d_iconplasticnotifyconflict.png
  importAddress: Guid(51582ae5ea51fa14996791a550f89473) Importer(815301076,1909f56bfc062723c751e8b465ee728b)
Start importing Packages/com.unity.collab-proxy/Editor/Assets/Images/d_iconplasticnotifyconflict.png using Guid(51582ae5ea51fa14996791a550f89473) Importer(815301076,1909f56bfc062723c751e8b465ee728b) (PreviewImporter) -> (Import Result ID: '31a2315d4de8cf52626d3b0aed39b6c4') in 0.0256561 seconds [static and dynamic dependencies]. Details - ImportResultOutputID=d2cb8ca4cc515d090ef045a90c2eb960 DependenciesID=fb05d0e129b35118eb7ce301d7c68956 StaticDependenciesID=3d530156258249d47dd98353fe03a612 
Number of updated asset objects reloaded before import = 0Number of asset objects unloaded after import = 2

========================================================================
Received Import Request.
  Time since last request: 0.000023 seconds.
  path: Packages/com.unity.collab-proxy/Editor/Assets/Images/d_iconinfobellnotification@2x.png
  importAddress: Guid(3cf8ae89579fd29479f4269d09600e16) Importer(815301076,1909f56bfc062723c751e8b465ee728b)
Start importing Packages/com.unity.collab-proxy/Editor/Assets/Images/d_iconinfobellnotification@2x.png using Guid(3cf8ae89579fd29479f4269d09600e16) Importer(815301076,1909f56bfc062723c751e8b465ee728b) (PreviewImporter) -> (Import Result ID: '274f1ef42427ef04acbcc588d0cc7e2c') in 0.0283851 seconds [static and dynamic dependencies]. Details - ImportResultOutputID=bb4b4e1955a55f21ea609fdcb5425cbd DependenciesID=f1589cb1310de82244d579c69c361b5e StaticDependenciesID=e7e5548ab4ce870b412eea8d5644c893 
Number of updated asset objects reloaded before import = 0Number of asset objects unloaded after import = 3

========================================================================
Received Import Request.
  Time since last request: 0.000024 seconds.
  path: Packages/com.unity.collab-proxy/Editor/Assets/Images/d_iconoutofsync.png
  importAddress: Guid(0e80bd0b4a8196f46acf73711b9505ec) Importer(815301076,1909f56bfc062723c751e8b465ee728b)
Start importing Packages/com.unity.collab-proxy/Editor/Assets/Images/d_iconoutofsync.png using Guid(0e80bd0b4a8196f46acf73711b9505ec) Importer(815301076,1909f56bfc062723c751e8b465ee728b) (PreviewImporter) -> (Import Result ID: 'd5d8645771494ad4ee726a454ce10f40') in 0.0200267 seconds [static and dynamic dependencies]. Details - ImportResultOutputID=0b8c3ac2cb0d1bd60101e12fa2af9d07 DependenciesID=6628ac4367ae85a1e46add4b092e51a2 StaticDependenciesID=dc1f528c70954f915a8aaf3bef682b00 
Number of updated asset objects reloaded before import = 0Number of asset objects unloaded after import = 2

========================================================================
Received Import Request.
  Time since last request: 0.000117 seconds.
  path: Packages/com.unity.collab-proxy/Editor/Assets/Images/d_iconlabel@2x.png
  importAddress: Guid(ce435fe40bff4da41aadc577ebfb27d7) Importer(815301076,1909f56bfc062723c751e8b465ee728b)
Start importing Packages/com.unity.collab-proxy/Editor/Assets/Images/d_iconlabel@2x.png using Guid(ce435fe40bff4da41aadc577ebfb27d7) Importer(815301076,1909f56bfc062723c751e8b465ee728b) (PreviewImporter) -> (Import Result ID: '81fde496f535094585c1ed15ed77f8fd') in 0.0256992 seconds [static and dynamic dependencies]. Details - ImportResultOutputID=8a4b5732e3d373ee13eba1b2ed1d3329 DependenciesID=b4d396017ae53a5d8d37dd586dc3b1f1 StaticDependenciesID=9439d47b9ec9ff9450f452880f6ba7e3 
Number of updated asset objects reloaded before import = 0Number of asset objects unloaded after import = 3

========================================================================
Received Import Request.
  Time since last request: 0.000046 seconds.
  path: Packages/com.unity.collab-proxy/Editor/Assets/Images/d_iconplasticnotifypendingchanges@2x.png
  importAddress: Guid(f0c047e73e3b41341822a9e31da81877) Importer(815301076,1909f56bfc062723c751e8b465ee728b)
Start importing Packages/com.unity.collab-proxy/Editor/Assets/Images/d_iconplasticnotifypendingchanges@2x.png using Guid(f0c047e73e3b41341822a9e31da81877) Importer(815301076,1909f56bfc062723c751e8b465ee728b) (PreviewImporter) -> (Import Result ID: '25b5b79c31d40eb001ae98622b39eac9') in 0.0402566 seconds [static and dynamic dependencies]. Details - ImportResultOutputID=20ab45878bcf8f071bed1b38550c85bb DependenciesID=07b244b4a58d85b2073925e5413e2532 StaticDependenciesID=42ab7abef54fd4b228ca407b7e251c37 
Number of updated asset objects reloaded before import = 0Number of asset objects unloaded after import = 3

========================================================================
Received Import Request.
  Time since last request: 0.000025 seconds.
  path: Packages/com.unity.collab-proxy/Editor/Assets/Images/d_iconpendingchangesview.png
  importAddress: Guid(11d4f7dd8fc834c8e92cab84d5137828) Importer(815301076,1909f56bfc062723c751e8b465ee728b)
Start importing Packages/com.unity.collab-proxy/Editor/Assets/Images/d_iconpendingchangesview.png using Guid(11d4f7dd8fc834c8e92cab84d5137828) Importer(815301076,1909f56bfc062723c751e8b465ee728b) (PreviewImporter) -> (Import Result ID: '40746738bfd4f3ae6701ca60f75ce67a') in 0.0341298 seconds [static and dynamic dependencies]. Details - ImportResultOutputID=eb1b75fb745ca80e090b2175455f76a5 DependenciesID=a6c3f3a0ca75291dbe4930c7ad045e05 StaticDependenciesID=d122d7818341ec3ce91fcf1c61d8f3cc 
Number of updated asset objects reloaded before import = 0Number of asset objects unloaded after import = 3

========================================================================
Received Import Request.
  Time since last request: 0.000027 seconds.
  path: Packages/com.unity.collab-proxy/Editor/Assets/Images/d_iconplasticnotifypendingchangesandincoming@2x.png
  importAddress: Guid(54024d7bafa404eb39097aa14df8a5cb) Importer(815301076,1909f56bfc062723c751e8b465ee728b)
Start importing Packages/com.unity.collab-proxy/Editor/Assets/Images/d_iconplasticnotifypendingchangesandincoming@2x.png using Guid(54024d7bafa404eb39097aa14df8a5cb) Importer(815301076,1909f56bfc062723c751e8b465ee728b) (PreviewImporter) -> (Import Result ID: '42ad1755d3de961dc021bd3fa7e197af') in 0.0268293 seconds [static and dynamic dependencies]. Details - ImportResultOutputID=9190b5ca4850676f4d5e05a1bbb37923 DependenciesID=53d08961cd42f86b474601ce959fcea5 StaticDependenciesID=f0a3bd46eda6cdf4cbf8c4fe2a911b45 
Number of updated asset objects reloaded before import = 0Number of asset objects unloaded after import = 3

========================================================================
Received Import Request.
  Time since last request: 0.000027 seconds.
  path: Packages/com.unity.collab-proxy/Editor/Assets/Images/d_iconplasticview.png
  importAddress: Guid(519d97e745e55f041b609f3666cbc037) Importer(815301076,1909f56bfc062723c751e8b465ee728b)
Start importing Packages/com.unity.collab-proxy/Editor/Assets/Images/d_iconplasticview.png using Guid(519d97e745e55f041b609f3666cbc037) Importer(815301076,1909f56bfc062723c751e8b465ee728b) (PreviewImporter) -> (Import Result ID: '1db7f76614bc3db324ec6d4ab31e1211') in 0.0198545 seconds [static and dynamic dependencies]. Details - ImportResultOutputID=6bc4da26c8d4ef3e67baa0812842fc69 DependenciesID=bdfd35a1770c578c1084d020f13b540f StaticDependenciesID=2ff945a03adf80c6d0cd35b98988ac03 
Number of updated asset objects reloaded before import = 0Number of asset objects unloaded after import = 2

========================================================================
Received Import Request.
  Time since last request: 0.000049 seconds.
  path: Packages/com.unity.render-pipelines.core/Editor/Icons/RenderGraphViewer/d_Import@2x.png
  importAddress: Guid(33191aa3ed97cff4aa04bf4719f713ed) Importer(815301076,1909f56bfc062723c751e8b465ee728b)
Start importing Packages/com.unity.render-pipelines.core/Editor/Icons/RenderGraphViewer/d_Import@2x.png using Guid(33191aa3ed97cff4aa04bf4719f713ed) Importer(815301076,1909f56bfc062723c751e8b465ee728b) (PreviewImporter) -> (Import Result ID: '20f3e38b575844a7817a57873623f15d') in 0.0206997 seconds [static and dynamic dependencies]. Details - ImportResultOutputID=8d3a2acd77f3a6a49d7da7eb2cae2059 DependenciesID=8d3ef66f554a9d02499712b39e9c0144 StaticDependenciesID=29ed177809f01bbf6e2fa7f8cea4fc6e 
Number of updated asset objects reloaded before import = 0Number of asset objects unloaded after import = 2

========================================================================
Received Import Request.
  Time since last request: 0.000030 seconds.
  path: Packages/com.unity.render-pipelines.core/Editor/Lighting/Icons/LightUnitIcons/d_IntenseAreaLight@2x.png
  importAddress: Guid(0493fb4c3bbfd6a4396f7f221b5ce034) Importer(815301076,1909f56bfc062723c751e8b465ee728b)
Start importing Packages/com.unity.render-pipelines.core/Editor/Lighting/Icons/LightUnitIcons/d_IntenseAreaLight@2x.png using Guid(0493fb4c3bbfd6a4396f7f221b5ce034) Importer(815301076,1909f56bfc062723c751e8b465ee728b) (PreviewImporter) -> (Import Result ID: 'a88c3efa80012d8510ab29174042f546') in 0.0264538 seconds [static and dynamic dependencies]. Details - ImportResultOutputID=5c4aaf4b818b92298a116eefdf6c04d7 DependenciesID=10b2bf6e9ea36a65a30100a2e6e69740 StaticDependenciesID=31309258f63a68ea4e99a69c69e5def3 
Number of updated asset objects reloaded before import = 0Number of asset objects unloaded after import = 2

========================================================================
Received Import Request.
  Time since last request: 0.000021 seconds.
  path: Packages/com.unity.inputsystem/InputSystem/Editor/Icons/d_InputControl@4x.png
  importAddress: Guid(e2078613efd9e410c8771cbd2717f4e7) Importer(815301076,1909f56bfc062723c751e8b465ee728b)
Start importing Packages/com.unity.inputsystem/InputSystem/Editor/Icons/d_InputControl@4x.png using Guid(e2078613efd9e410c8771cbd2717f4e7) Importer(815301076,1909f56bfc062723c751e8b465ee728b) (PreviewImporter) -> (Import Result ID: 'a2ffcdffa4f1b711b897a7b9d9133bb3') in 0.0197679 seconds [static and dynamic dependencies]. Details - ImportResultOutputID=542f4dbc0d2d6ead0eed112a527f507d DependenciesID=69c328784970a82a9668187cc38cc08a StaticDependenciesID=028ce012a5d2323b2a69eefa2a6fdd6a 
Number of updated asset objects reloaded before import = 0Number of asset objects unloaded after import = 2

========================================================================
Received Import Request.
  Time since last request: 0.000025 seconds.
  path: Packages/com.unity.render-pipelines.core/Editor/LookDev/Icons/d_Layout1@2x.png
  importAddress: Guid(4de5e4f3717b2c548bd8b90b6c628b2f) Importer(815301076,1909f56bfc062723c751e8b465ee728b)
Start importing Packages/com.unity.render-pipelines.core/Editor/LookDev/Icons/d_Layout1@2x.png using Guid(4de5e4f3717b2c548bd8b90b6c628b2f) Importer(815301076,1909f56bfc062723c751e8b465ee728b) (PreviewImporter) -> (Import Result ID: 'b6f8cf7221e4e516043e4016d222657e') in 0.0239704 seconds [static and dynamic dependencies]. Details - ImportResultOutputID=fc0ac89bbd8804dd5edfbcb87f88034b DependenciesID=ee8e925ecfbf054e0baa41477367b76f StaticDependenciesID=e2b04753ab433cad709ab266c62d8bb6 
Number of updated asset objects reloaded before import = 0Number of asset objects unloaded after import = 3

========================================================================
Received Import Request.
  Time since last request: 0.000047 seconds.
  path: Packages/com.unity.render-pipelines.core/Editor/LookDev/Icons/d_Layout1.png
  importAddress: Guid(da974c4d40533154a83d57ca90e34bb8) Importer(815301076,1909f56bfc062723c751e8b465ee728b)
Start importing Packages/com.unity.render-pipelines.core/Editor/LookDev/Icons/d_Layout1.png using Guid(da974c4d40533154a83d57ca90e34bb8) Importer(815301076,1909f56bfc062723c751e8b465ee728b) (PreviewImporter) -> (Import Result ID: '300a359815cad549b29d5fb6117844a6') in 0.022629 seconds [static and dynamic dependencies]. Details - ImportResultOutputID=7fbbd0021f1e63ca24efcb51a37375b3 DependenciesID=b5c0fa86b897c0550b377ebca7e66d55 StaticDependenciesID=4917cecca5499d00d5070cc8b0ebb398 
Number of updated asset objects reloaded before import = 0Number of asset objects unloaded after import = 3

========================================================================
Received Import Request.
  Time since last request: 0.000037 seconds.
  path: Packages/com.unity.render-pipelines.core/Editor/LookDev/Icons/d_LayoutHorizontal@2x.png
  importAddress: Guid(9cad92999ddfa304495b735a55c78329) Importer(815301076,1909f56bfc062723c751e8b465ee728b)
Start importing Packages/com.unity.render-pipelines.core/Editor/LookDev/Icons/d_LayoutHorizontal@2x.png using Guid(9cad92999ddfa304495b735a55c78329) Importer(815301076,1909f56bfc062723c751e8b465ee728b) (PreviewImporter) -> (Import Result ID: '40a584fb6e66255d6b478ee908f35bb0') in 0.0278025 seconds [static and dynamic dependencies]. Details - ImportResultOutputID=932ea97458feeaf174bd711a3dff8d00 DependenciesID=7d1ca48e3f03ee4bb65aa05c6a61fa84 StaticDependenciesID=724bf096bd9e61f2e11318288356ef92 
Number of updated asset objects reloaded before import = 0Number of asset objects unloaded after import = 3

========================================================================
Received Import Request.
  Time since last request: 0.000026 seconds.
  path: Packages/com.unity.render-pipelines.core/Editor/Lighting/Icons/d_LightPlacement_Icon On.png
  importAddress: Guid(1d70e8f2a6df91f46a8e5b4f2378c8bc) Importer(815301076,1909f56bfc062723c751e8b465ee728b)
Start importing Packages/com.unity.render-pipelines.core/Editor/Lighting/Icons/d_LightPlacement_Icon On.png using Guid(1d70e8f2a6df91f46a8e5b4f2378c8bc) Importer(815301076,1909f56bfc062723c751e8b465ee728b) (PreviewImporter) -> (Import Result ID: 'cd338be3f4510042165b78a3c4466c89') in 0.0341675 seconds [static and dynamic dependencies]. Details - ImportResultOutputID=d147f81340d029160014421658403c15 DependenciesID=a81330b25b2d6df3f18dd4bf0caec473 StaticDependenciesID=f2cb83e46146c531f7b5664486624955 
Number of updated asset objects reloaded before import = 0Number of asset objects unloaded after import = 2

========================================================================
Received Import Request.
  Time since last request: 0.000028 seconds.
  path: Packages/com.unity.inputsystem/InputSystem/Editor/Icons/d_InputControl@2x.png
  importAddress: Guid(c4235c4abfa134435bd4c8c1f8fd8c56) Importer(815301076,1909f56bfc062723c751e8b465ee728b)
Start importing Packages/com.unity.inputsystem/InputSystem/Editor/Icons/d_InputControl@2x.png using Guid(c4235c4abfa134435bd4c8c1f8fd8c56) Importer(815301076,1909f56bfc062723c751e8b465ee728b) (PreviewImporter) -> (Import Result ID: '6edf2194b54cd53e70fe9ee9069bc290') in 0.024276 seconds [static and dynamic dependencies]. Details - ImportResultOutputID=4509fe6c8e348792242ea275a1c121e0 DependenciesID=cc05f65b82000ad37828ed15811375dc StaticDependenciesID=7c9772bf690de95794fb200f27a88538 
Number of updated asset objects reloaded before import = 0Number of asset objects unloaded after import = 2

========================================================================
Received Import Request.
  Time since last request: 0.000030 seconds.
  path: Packages/com.unity.inputsystem/InputSystem/Editor/Icons/d_Interactive Binding@2x.png
  importAddress: Guid(3b78dc1763429489c9a1c70faf4f9a0e) Importer(815301076,1909f56bfc062723c751e8b465ee728b)
Start importing Packages/com.unity.inputsystem/InputSystem/Editor/Icons/d_Interactive Binding@2x.png using Guid(3b78dc1763429489c9a1c70faf4f9a0e) Importer(815301076,1909f56bfc062723c751e8b465ee728b) (PreviewImporter) -> (Import Result ID: '98ebdf1800ee0888af61c924fceea43a') in 0.0219188 seconds [static and dynamic dependencies]. Details - ImportResultOutputID=d710e6efcd0ab6fe63dbfbdb222f4db0 DependenciesID=347e86db4fe91fde6527b161c0702d3c StaticDependenciesID=4c9db91ee1c65e343fc58d461cd27d63 
Number of updated asset objects reloaded before import = 0Number of asset objects unloaded after import = 2

========================================================================
Received Import Request.
  Time since last request: 0.000042 seconds.
  path: Packages/com.unity.render-pipelines.core/Editor/Lighting/Icons/LightUnitIcons/d_InteriorLight@2x.png
  importAddress: Guid(b1a064fab2aa93e47bd8d558a6ca655b) Importer(815301076,1909f56bfc062723c751e8b465ee728b)
Start importing Packages/com.unity.render-pipelines.core/Editor/Lighting/Icons/LightUnitIcons/d_InteriorLight@2x.png using Guid(b1a064fab2aa93e47bd8d558a6ca655b) Importer(815301076,1909f56bfc062723c751e8b465ee728b) (PreviewImporter) -> (Import Result ID: 'a5d2cd5bdea98095981b943a4957897d') in 0.0207971 seconds [static and dynamic dependencies]. Details - ImportResultOutputID=38b6943aeb9956c939c182c51288f2b0 DependenciesID=4f4205d539061e4c6afe1121039630d9 StaticDependenciesID=7184dea3e7ca3d2a7d9bbd4a2250e223 
Number of updated asset objects reloaded before import = 0Number of asset objects unloaded after import = 2

========================================================================
Received Import Request.
  Time since last request: 0.000024 seconds.
  path: Packages/com.unity.inputsystem/InputSystem/Editor/Icons/d_Joystick.png
  importAddress: Guid(7d4638131127c4f4382fb36cf16c52fe) Importer(815301076,1909f56bfc062723c751e8b465ee728b)
Start importing Packages/com.unity.inputsystem/InputSystem/Editor/Icons/d_Joystick.png using Guid(7d4638131127c4f4382fb36cf16c52fe) Importer(815301076,1909f56bfc062723c751e8b465ee728b) (PreviewImporter) -> (Import Result ID: '3a0116085fbfa0619e0c7629535fe727') in 0.0245209 seconds [static and dynamic dependencies]. Details - ImportResultOutputID=8cedb4b8b9360220e6aa44a773e001f1 DependenciesID=e1f1880d3422663ebdc68a3027de0cb3 StaticDependenciesID=b46f8823810a64edd427db0024367d27 
Number of updated asset objects reloaded before import = 0Number of asset objects unloaded after import = 2

========================================================================
Received Import Request.
  Time since last request: 0.000029 seconds.
  path: Packages/com.unity.render-pipelines.core/Editor/LookDev/Icons/d_LeftArrow@2x.png
  importAddress: Guid(90335e5423c010749a50f906b965fa54) Importer(815301076,1909f56bfc062723c751e8b465ee728b)
Start importing Packages/com.unity.render-pipelines.core/Editor/LookDev/Icons/d_LeftArrow@2x.png using Guid(90335e5423c010749a50f906b965fa54) Importer(815301076,1909f56bfc062723c751e8b465ee728b) (PreviewImporter) -> (Import Result ID: 'cdf9927bec425f754dabcd1bfc0741d1') in 0.032991 seconds [static and dynamic dependencies]. Details - ImportResultOutputID=388a0ae43baa672d28993d21795821ed DependenciesID=daa2cf13558d7b00406b4583fd10138c StaticDependenciesID=eea6811cd7750e8de85a5151d0cdf8f1 
Number of updated asset objects reloaded before import = 0Number of asset objects unloaded after import = 3

========================================================================
Received Import Request.
  Time since last request: 0.000072 seconds.
  path: Packages/com.unity.inputsystem/InputSystem/Editor/Icons/d_Interactive Binding@4x.png
  importAddress: Guid(f4e6ca70dd9734da1a812be882c6364e) Importer(815301076,1909f56bfc062723c751e8b465ee728b)
Start importing Packages/com.unity.inputsystem/InputSystem/Editor/Icons/d_Interactive Binding@4x.png using Guid(f4e6ca70dd9734da1a812be882c6364e) Importer(815301076,1909f56bfc062723c751e8b465ee728b) (PreviewImporter) -> (Import Result ID: 'de2b9487a006b6b4fa897e891c165abb') in 0.0153259 seconds [static and dynamic dependencies]. Details - ImportResultOutputID=3680732bb910cf768a2126a878b85b1e DependenciesID=f89bb3a2908358db8a973cdf8b896ad9 StaticDependenciesID=e457d797949372d7b04c0669b8bb7a06 
Number of updated asset objects reloaded before import = 0Number of asset objects unloaded after import = 2

========================================================================
Received Import Request.
  Time since last request: 0.000031 seconds.
  path: Packages/com.unity.render-pipelines.core/Editor/Lighting/Icons/d_LightPlacement_Icon@32.png
  importAddress: Guid(c4f74ec1885109d438846c229989bcf9) Importer(815301076,1909f56bfc062723c751e8b465ee728b)
Start importing Packages/com.unity.render-pipelines.core/Editor/Lighting/Icons/d_LightPlacement_Icon@32.png using Guid(c4f74ec1885109d438846c229989bcf9) Importer(815301076,1909f56bfc062723c751e8b465ee728b) (PreviewImporter) -> (Import Result ID: '0cb2d36f5d2d086518425e49deead43f') in 0.0233564 seconds [static and dynamic dependencies]. Details - ImportResultOutputID=02941e84bad56593413bdf79fc53dbdc DependenciesID=3a27bc1605ff53ec5593da1371df2fb2 StaticDependenciesID=debb2799f4a5cb3a0dc6010fd4b97e14 
Number of updated asset objects reloaded before import = 0Number of asset objects unloaded after import = 2

========================================================================
Received Import Request.
  Time since last request: 0.000022 seconds.
  path: Packages/com.unity.2d.tilemap.extras/Editor/Brushes/LineBrush/d_LineBrush.png
  importAddress: Guid(3533393d67b7f45f8a9ca927bdd0d47f) Importer(815301076,1909f56bfc062723c751e8b465ee728b)
Start importing Packages/com.unity.2d.tilemap.extras/Editor/Brushes/LineBrush/d_LineBrush.png using Guid(3533393d67b7f45f8a9ca927bdd0d47f) Importer(815301076,1909f56bfc062723c751e8b465ee728b) (PreviewImporter) -> (Import Result ID: 'e5d5353f073762bac844b280b2a6b62a') in 0.0224284 seconds [static and dynamic dependencies]. Details - ImportResultOutputID=5f6db469cece614255a8907b05a9ecc1 DependenciesID=c619376bf2800825d7cfcb41195d7020 StaticDependenciesID=17bdd1b126a603116232c0ec914dfb67 
Number of updated asset objects reloaded before import = 0Number of asset objects unloaded after import = 3

========================================================================
Received Import Request.
  Time since last request: 0.000034 seconds.
  path: Packages/com.unity.2d.animation/Editor/Assets/EditorIcons/Dark/d_Locked.png
  importAddress: Guid(54a610f7c311dfd44ab29f9eaec16137) Importer(815301076,1909f56bfc062723c751e8b465ee728b)
Start importing Packages/com.unity.2d.animation/Editor/Assets/EditorIcons/Dark/d_Locked.png using Guid(54a610f7c311dfd44ab29f9eaec16137) Importer(815301076,1909f56bfc062723c751e8b465ee728b) (PreviewImporter) -> (Import Result ID: '77a2e9bf44944be78cd520c310ea8099') in 0.0238848 seconds [static and dynamic dependencies]. Details - ImportResultOutputID=8ce350ec808937a757326f7808c1c537 DependenciesID=62baf1534fd988f24c3d6465e25b5b65 StaticDependenciesID=356831159f573092b35bb0e1ea817213 
Number of updated asset objects reloaded before import = 0Number of asset objects unloaded after import = 3

========================================================================
Received Import Request.
  Time since last request: 0.000031 seconds.
  path: Packages/com.unity.2d.animation/Editor/Assets/EditorIcons/Dark/d_Mesh@2x.png
  importAddress: Guid(fc8dcc4a15d828e4686470389805489c) Importer(815301076,1909f56bfc062723c751e8b465ee728b)
Start importing Packages/com.unity.2d.animation/Editor/Assets/EditorIcons/Dark/d_Mesh@2x.png using Guid(fc8dcc4a15d828e4686470389805489c) Importer(815301076,1909f56bfc062723c751e8b465ee728b) (PreviewImporter) -> (Import Result ID: 'd7d541055b4e1d120e596da999b57031') in 0.0231411 seconds [static and dynamic dependencies]. Details - ImportResultOutputID=6a1d1a2014d89d43d3b18adacf640fe5 DependenciesID=cc1f1d4c8b0a86fcf8bfb70179a40f77 StaticDependenciesID=bc10dd3f36de695be339c86bb0219129 
Number of updated asset objects reloaded before import = 0Number of asset objects unloaded after import = 3

========================================================================
Received Import Request.
  Time since last request: 0.000036 seconds.
  path: Packages/com.unity.render-pipelines.core/Editor/Lighting/Icons/LightUnitIcons/d_MoonlessNight@2x.png
  importAddress: Guid(d56ac7ee03f65c7408f8f3d5aeecdb86) Importer(815301076,1909f56bfc062723c751e8b465ee728b)
Start importing Packages/com.unity.render-pipelines.core/Editor/Lighting/Icons/LightUnitIcons/d_MoonlessNight@2x.png using Guid(d56ac7ee03f65c7408f8f3d5aeecdb86) Importer(815301076,1909f56bfc062723c751e8b465ee728b) (PreviewImporter) -> (Import Result ID: '615fcf70b2952ec3efdeb6cb56abba1e') in 0.0203863 seconds [static and dynamic dependencies]. Details - ImportResultOutputID=29fd9637bd95cd9fa6dfff752daae6ed DependenciesID=ca7190b66a077e80f4ddca30eda43693 StaticDependenciesID=20832f541bd4bd3ee5c1dd0a5dc854e1 
Number of updated asset objects reloaded before import = 0Number of asset objects unloaded after import = 2

========================================================================
Received Import Request.
  Time since last request: 0.000054 seconds.
  path: Packages/com.unity.multiplayer.center/Editor/MultiplayerCenterWindow/UI/Icons/d_PackageInstalled@2x.png
  importAddress: Guid(318df756abab5463e9aa361360784865) Importer(815301076,1909f56bfc062723c751e8b465ee728b)
Start importing Packages/com.unity.multiplayer.center/Editor/MultiplayerCenterWindow/UI/Icons/d_PackageInstalled@2x.png using Guid(318df756abab5463e9aa361360784865) Importer(815301076,1909f56bfc062723c751e8b465ee728b) (PreviewImporter) -> (Import Result ID: '1b8bb8de02f955202a0400d80cafc81f') in 0.017233 seconds [static and dynamic dependencies]. Details - ImportResultOutputID=4e05823a33e941bdb3736d2994599ce1 DependenciesID=62411087c268aef224aec9e361d98572 StaticDependenciesID=34c2919cedee07c5347da85267c51309 
Number of updated asset objects reloaded before import = 0Number of asset objects unloaded after import = 2

========================================================================
Received Import Request.
  Time since last request: 0.000022 seconds.
  path: Packages/com.unity.render-pipelines.core/Editor/Icons/Processed/d_PassInspector Icon.asset
  importAddress: Guid(de46f443cc7a01d4a86b2535f132a51d) Importer(815301076,1909f56bfc062723c751e8b465ee728b)
Start importing Packages/com.unity.render-pipelines.core/Editor/Icons/Processed/d_PassInspector Icon.asset using Guid(de46f443cc7a01d4a86b2535f132a51d) Importer(815301076,1909f56bfc062723c751e8b465ee728b) (PreviewImporter) -> (Import Result ID: '38b0c5dc9cd70ac56d687cdba9022a47') in 0.0187802 seconds [static and dynamic dependencies]. Details - ImportResultOutputID=fc3e2e27ec6f75fa07a8a5e41f725e73 DependenciesID=ac602d012d9684496fe90bb4e8d22c02 StaticDependenciesID=0cec9dfe5e9c3276d88706eb7cc07c12 
Number of updated asset objects reloaded before import = 0Number of asset objects unloaded after import = 2

========================================================================
Received Import Request.
  Time since last request: 0.000022 seconds.
  path: Packages/com.unity.inputsystem/InputSystem/Editor/Icons/d_Position.png
  importAddress: Guid(c5bdeae4dabac4bf19f7a1afcf5ca678) Importer(815301076,1909f56bfc062723c751e8b465ee728b)
Start importing Packages/com.unity.inputsystem/InputSystem/Editor/Icons/d_Position.png using Guid(c5bdeae4dabac4bf19f7a1afcf5ca678) Importer(815301076,1909f56bfc062723c751e8b465ee728b) (PreviewImporter) -> (Import Result ID: '52a4e33c50b0e4317c577f3d856babd2') in 0.0214596 seconds [static and dynamic dependencies]. Details - ImportResultOutputID=4e6e6f021e49c2d13f939a5a0267a349 DependenciesID=c4cadd98ea80dcece242c15a2d3db465 StaticDependenciesID=711800c3c49721b5aa35ea56912cbe9b 
Number of updated asset objects reloaded before import = 0Number of asset objects unloaded after import = 2

========================================================================
Received Import Request.
  Time since last request: 0.000025 seconds.
  path: Packages/com.unity.2d.tilemap.extras/Editor/Brushes/RandomBrush/d_RandomBrush@2x.png
  importAddress: Guid(6b3bffe22de404f319ed8587790d10ed) Importer(815301076,1909f56bfc062723c751e8b465ee728b)
Start importing Packages/com.unity.2d.tilemap.extras/Editor/Brushes/RandomBrush/d_RandomBrush@2x.png using Guid(6b3bffe22de404f319ed8587790d10ed) Importer(815301076,1909f56bfc062723c751e8b465ee728b) (PreviewImporter) -> (Import Result ID: '7acdaef115ee811e5c35cf27a5060b2b') in 0.020515 seconds [static and dynamic dependencies]. Details - ImportResultOutputID=0ae640e7bfab7175dac95ad2c5375fec DependenciesID=ab7ad49bb6bdc2babf4c44e7d9b3c0fc StaticDependenciesID=27936b690d49378eefcd2bce1cd6b9c0 
Number of updated asset objects reloaded before import = 0Number of asset objects unloaded after import = 3

========================================================================
Received Import Request.
  Time since last request: 0.000028 seconds.
  path: Packages/com.unity.render-pipelines.core/Editor/Icons/MipLevels/d_RenderPipelineResources@256.png
  importAddress: Guid(76e81564bded5e442a18ce6964cdaef3) Importer(815301076,1909f56bfc062723c751e8b465ee728b)
Start importing Packages/com.unity.render-pipelines.core/Editor/Icons/MipLevels/d_RenderPipelineResources@256.png using Guid(76e81564bded5e442a18ce6964cdaef3) Importer(815301076,1909f56bfc062723c751e8b465ee728b) (PreviewImporter) -> (Import Result ID: 'b2e9fc64a82ae4510e965aedef91363f') in 0.0201471 seconds [static and dynamic dependencies]. Details - ImportResultOutputID=5b9c220170b3e74df3ae12c9b26da07b DependenciesID=b15de1564c38a8e0629d356cf843f23c StaticDependenciesID=ecbb107e37b82a2b004cf441551446bd 
Number of updated asset objects reloaded before import = 0Number of asset objects unloaded after import = 2

========================================================================
Received Import Request.
  Time since last request: 0.000037 seconds.
  path: Packages/com.unity.render-pipelines.core/Editor/LookDev/Icons/d_Rotation.png
  importAddress: Guid(abc6ce87642c5c1478a4b107d1c5688a) Importer(815301076,1909f56bfc062723c751e8b465ee728b)
Start importing Packages/com.unity.render-pipelines.core/Editor/LookDev/Icons/d_Rotation.png using Guid(abc6ce87642c5c1478a4b107d1c5688a) Importer(815301076,1909f56bfc062723c751e8b465ee728b) (PreviewImporter) -> (Import Result ID: '45ff7f19dc66c749550befb26249a3b7') in 0.020014 seconds [static and dynamic dependencies]. Details - ImportResultOutputID=5dc543bce0dbb0fcdbda7e418c6c5871 DependenciesID=636827ffbbf8659ff5d7baa6e891a4d4 StaticDependenciesID=0228f8cd0e62335a6905feba4ce191cb 
Number of updated asset objects reloaded before import = 0Number of asset objects unloaded after import = 3

========================================================================
Received Import Request.
  Time since last request: 0.000024 seconds.
  path: Packages/com.unity.2d.tilemap.extras/Editor/Brushes/RandomBrush/d_RandomBrush@4x.png
  importAddress: Guid(56f61a79c270140abaf437ddccf9e4ca) Importer(815301076,1909f56bfc062723c751e8b465ee728b)
Start importing Packages/com.unity.2d.tilemap.extras/Editor/Brushes/RandomBrush/d_RandomBrush@4x.png using Guid(56f61a79c270140abaf437ddccf9e4ca) Importer(815301076,1909f56bfc062723c751e8b465ee728b) (PreviewImporter) -> (Import Result ID: '442e2757ef48777e4a5673052364c6b0') in 0.027619 seconds [static and dynamic dependencies]. Details - ImportResultOutputID=6eb075463fa75815613ddf3dd74fd9df DependenciesID=8e75a1d6b29d3ce77d9a9eaff4b9e0b4 StaticDependenciesID=22cf9e5003ee701c29f476b01da203de 
Number of updated asset objects reloaded before import = 0Number of asset objects unloaded after import = 3

========================================================================
Received Import Request.
  Time since last request: 0.000024 seconds.
  path: Packages/com.unity.splines/Editor/Editor Resources/Icons/d_SplineContext@2x.png
  importAddress: Guid(fa78221ae4df49ddfb00a8ca3d980e19) Importer(815301076,1909f56bfc062723c751e8b465ee728b)
Start importing Packages/com.unity.splines/Editor/Editor Resources/Icons/d_SplineContext@2x.png using Guid(fa78221ae4df49ddfb00a8ca3d980e19) Importer(815301076,1909f56bfc062723c751e8b465ee728b) (PreviewImporter) -> (Import Result ID: 'e595e0a78beb26544cda6057337102aa') in 0.0243172 seconds [static and dynamic dependencies]. Details - ImportResultOutputID=9bcafafc123dd32edcf5788552078d82 DependenciesID=90f31e97af333dd2cef1694250167515 StaticDependenciesID=b0ef2d905bdb9350c65046977de0bf7f 
Number of updated asset objects reloaded before import = 0Number of asset objects unloaded after import = 2

========================================================================
Received Import Request.
  Time since last request: 0.000021 seconds.
  path: Packages/com.unity.render-pipelines.core/Editor/Icons/MipLevels/RenderGraphViewer/d_Resources@32.png
  importAddress: Guid(00a734322b2ba1249b58c24b688b3108) Importer(815301076,1909f56bfc062723c751e8b465ee728b)
Start importing Packages/com.unity.render-pipelines.core/Editor/Icons/MipLevels/RenderGraphViewer/d_Resources@32.png using Guid(00a734322b2ba1249b58c24b688b3108) Importer(815301076,1909f56bfc062723c751e8b465ee728b) (PreviewImporter) -> (Import Result ID: 'e77e97b1d1fba88d3263fdcead4ab038') in 0.0172264 seconds [static and dynamic dependencies]. Details - ImportResultOutputID=06884d5868b04ee22d24d5e48d62fc10 DependenciesID=2503bb28a40fb38a3d75a1bd6abcaafc StaticDependenciesID=a016811056d92152ca8e04f2fdd22186 
Number of updated asset objects reloaded before import = 0Number of asset objects unloaded after import = 2

========================================================================
Received Import Request.
  Time since last request: 0.000027 seconds.
  path: Packages/com.unity.render-pipelines.core/Editor/Lighting/Icons/LightUnitIcons/d_Shade.png
  importAddress: Guid(fbe2a78a665b37a4c9ec6623f42feb59) Importer(815301076,1909f56bfc062723c751e8b465ee728b)
Start importing Packages/com.unity.render-pipelines.core/Editor/Lighting/Icons/LightUnitIcons/d_Shade.png using Guid(fbe2a78a665b37a4c9ec6623f42feb59) Importer(815301076,1909f56bfc062723c751e8b465ee728b) (PreviewImporter) -> (Import Result ID: 'ae0a4c48bb6d60d58904dce4812d3eba') in 0.0187619 seconds [static and dynamic dependencies]. Details - ImportResultOutputID=e1d71fa7556a5643ad7cc6888e4fcf97 DependenciesID=c25cbe61302bde380d4cbb963d2f91e3 StaticDependenciesID=a0feb37964a91891dd0036cf2f5d5f98 
Number of updated asset objects reloaded before import = 0Number of asset objects unloaded after import = 2

========================================================================
Received Import Request.
  Time since last request: 0.000041 seconds.
  path: Packages/com.unity.2d.animation/Editor/Assets/EditorIcons/Dark/d_Sprite_Influence.png
  importAddress: Guid(eca47b8e551b04a0e8adc931893c60f4) Importer(815301076,1909f56bfc062723c751e8b465ee728b)
Start importing Packages/com.unity.2d.animation/Editor/Assets/EditorIcons/Dark/d_Sprite_Influence.png using Guid(eca47b8e551b04a0e8adc931893c60f4) Importer(815301076,1909f56bfc062723c751e8b465ee728b) (PreviewImporter) -> (Import Result ID: '6513fb15664ca5c97d9c7cbedb063dc5') in 0.0254246 seconds [static and dynamic dependencies]. Details - ImportResultOutputID=0ec4a88fcbca48cf15ffefb2b9837589 DependenciesID=cc5c31a1743b40a3238327ff79792643 StaticDependenciesID=8ebf88bd221780be6e0af74b22529714 
Number of updated asset objects reloaded before import = 0Number of asset objects unloaded after import = 3

========================================================================
Received Import Request.
  Time since last request: 0.000027 seconds.
  path: Packages/com.unity.render-pipelines.core/Editor/Icons/RenderGraphViewer/d_ScriptLink@2x.png
  importAddress: Guid(5e032f76278407d46a6a3dc6ff0bdc36) Importer(815301076,1909f56bfc062723c751e8b465ee728b)
Start importing Packages/com.unity.render-pipelines.core/Editor/Icons/RenderGraphViewer/d_ScriptLink@2x.png using Guid(5e032f76278407d46a6a3dc6ff0bdc36) Importer(815301076,1909f56bfc062723c751e8b465ee728b) (PreviewImporter) -> (Import Result ID: 'b7ab7984bdcca875c226413bfd86df7a') in 0.0192508 seconds [static and dynamic dependencies]. Details - ImportResultOutputID=94e15ca7729966a3b31fc7e129a58d7b DependenciesID=1dc9aa932426788976a075c59221d694 StaticDependenciesID=1b62af10ce38944f804a8449208e2997 
Number of updated asset objects reloaded before import = 0Number of asset objects unloaded after import = 2

========================================================================
Received Import Request.
  Time since last request: 0.000030 seconds.
  path: Packages/com.unity.splines/Editor/Editor Resources/Icons/d_SplineEditMode-Info.png
  importAddress: Guid(8288e6110e30c49fe94fa5891135b64d) Importer(815301076,1909f56bfc062723c751e8b465ee728b)
Start importing Packages/com.unity.splines/Editor/Editor Resources/Icons/d_SplineEditMode-Info.png using Guid(8288e6110e30c49fe94fa5891135b64d) Importer(815301076,1909f56bfc062723c751e8b465ee728b) (PreviewImporter) -> (Import Result ID: 'ba53dffeb22cc4c2e6e991c61b318b16') in 0.0212983 seconds [static and dynamic dependencies]. Details - ImportResultOutputID=442aa4b6b665374ae2c1c873480e02ed DependenciesID=4e0bd27809c7a3332c3ce92971069749 StaticDependenciesID=742cb6f3c13e998f722ac3ed903307d1 
Number of updated asset objects reloaded before import = 0Number of asset objects unloaded after import = 2

========================================================================
Received Import Request.
  Time since last request: 0.000026 seconds.
  path: Packages/com.unity.2d.animation/Editor/Assets/EditorIcons/Dark/d_Sprite_Mode@4x.png
  importAddress: Guid(177f0e0a4941a464f935c21b367d57c7) Importer(815301076,1909f56bfc062723c751e8b465ee728b)
Start importing Packages/com.unity.2d.animation/Editor/Assets/EditorIcons/Dark/d_Sprite_Mode@4x.png using Guid(177f0e0a4941a464f935c21b367d57c7) Importer(815301076,1909f56bfc062723c751e8b465ee728b) (PreviewImporter) -> (Import Result ID: '75835c5fae4bb20b70f8e3062a65d744') in 0.0198933 seconds [static and dynamic dependencies]. Details - ImportResultOutputID=9e870e90f706a36cc6a602fb8d56b48a DependenciesID=50286fa6fb8178cfa0da4897a6fe3aec StaticDependenciesID=72e6b20a1105aeeec45326fc8411139b 
Number of updated asset objects reloaded before import = 0Number of asset objects unloaded after import = 3

========================================================================
Received Import Request.
  Time since last request: 0.000031 seconds.
  path: Packages/com.unity.splines/Editor/Editor Resources/Icons/d_Tangent_Continuous.png
  importAddress: Guid(7950340077b4bfa4b8e61a4bc56f6b2e) Importer(815301076,1909f56bfc062723c751e8b465ee728b)
Start importing Packages/com.unity.splines/Editor/Editor Resources/Icons/d_Tangent_Continuous.png using Guid(7950340077b4bfa4b8e61a4bc56f6b2e) Importer(815301076,1909f56bfc062723c751e8b465ee728b) (PreviewImporter) -> (Import Result ID: 'b01c327a9b7a0397acff2a7b46a14cf5') in 0.0182052 seconds [static and dynamic dependencies]. Details - ImportResultOutputID=c7de21149da50f506dbbfe38408dd341 DependenciesID=a5eed8a914964b844d22418c7e6d34ea StaticDependenciesID=c412d1fdc93b8977d4c7e737db56ed9d 
Number of updated asset objects reloaded before import = 0Number of asset objects unloaded after import = 2

========================================================================
Received Import Request.
  Time since last request: 0.000035 seconds.
  path: Packages/com.unity.2d.tilemap/Editor/Icons/d_Tilemap..BrushPicks@4x.png
  importAddress: Guid(ba6dc9e2bb114aa46a392528f10c13d0) Importer(815301076,1909f56bfc062723c751e8b465ee728b)
Start importing Packages/com.unity.2d.tilemap/Editor/Icons/d_Tilemap..BrushPicks@4x.png using Guid(ba6dc9e2bb114aa46a392528f10c13d0) Importer(815301076,1909f56bfc062723c751e8b465ee728b) (PreviewImporter) -> (Import Result ID: '34083bcd4ae684f28c86733bb64a7c3b') in 0.023307 seconds [static and dynamic dependencies]. Details - ImportResultOutputID=43751117d59bb0e919ab961636758d3a DependenciesID=5415a44a217432e800c4ad6ed9cbc61d StaticDependenciesID=4a408a8b1e7b1ea9b23a25897f9c63a0 
Number of updated asset objects reloaded before import = 0Number of asset objects unloaded after import = 3

========================================================================
Received Import Request.
  Time since last request: 0.000039 seconds.
  path: Packages/com.unity.2d.tilemap/Editor/Icons/d_Tilemap.DefaultBrush.png
  importAddress: Guid(12e04f72413abf04fb4a5f79e70822ff) Importer(815301076,1909f56bfc062723c751e8b465ee728b)
Start importing Packages/com.unity.2d.tilemap/Editor/Icons/d_Tilemap.DefaultBrush.png using Guid(12e04f72413abf04fb4a5f79e70822ff) Importer(815301076,1909f56bfc062723c751e8b465ee728b) (PreviewImporter) -> (Import Result ID: 'eff4c6da299b91745603278a39b2a1f2') in 0.0215899 seconds [static and dynamic dependencies]. Details - ImportResultOutputID=2c3342010743490f3d2508334fc0015d DependenciesID=cb1ca0967f41a423b10ff9779b6bb723 StaticDependenciesID=c84d378a49649d0c1bc4c6644f4e3fdf 
Number of updated asset objects reloaded before import = 0Number of asset objects unloaded after import = 3

========================================================================
Received Import Request.
  Time since last request: 0.000035 seconds.
  path: Packages/com.unity.inputsystem/InputSystem/Editor/Icons/d_Stick@4x.png
  importAddress: Guid(f2fd4d7aa99c94a67a6a137fe979a760) Importer(815301076,1909f56bfc062723c751e8b465ee728b)
Start importing Packages/com.unity.inputsystem/InputSystem/Editor/Icons/d_Stick@4x.png using Guid(f2fd4d7aa99c94a67a6a137fe979a760) Importer(815301076,1909f56bfc062723c751e8b465ee728b) (PreviewImporter) -> (Import Result ID: '8959cbe6f7336c49b93dd526f9edfbea') in 0.0168678 seconds [static and dynamic dependencies]. Details - ImportResultOutputID=647213d1556b2799c0ae5c358a720ffb DependenciesID=c6d236150ed18aa82577f039d1bc3c53 StaticDependenciesID=b4b6412186287aa7f48a2e07aff5ed90 
Number of updated asset objects reloaded before import = 0Number of asset objects unloaded after import = 2

========================================================================
Received Import Request.
  Time since last request: 0.000024 seconds.
  path: Packages/com.unity.2d.tilemap/Editor/Icons/d_Tilemap.EditPalette@4x.png
  importAddress: Guid(9c4b584fdcc16e84391e2a1f5235a9d3) Importer(815301076,1909f56bfc062723c751e8b465ee728b)
Start importing Packages/com.unity.2d.tilemap/Editor/Icons/d_Tilemap.EditPalette@4x.png using Guid(9c4b584fdcc16e84391e2a1f5235a9d3) Importer(815301076,1909f56bfc062723c751e8b465ee728b) (PreviewImporter) -> (Import Result ID: '8685b170cbd44efa5b5c19e1a4a6f4d4') in 0.021785 seconds [static and dynamic dependencies]. Details - ImportResultOutputID=cf3f118a4a1778526263e4552d6e043b DependenciesID=340606dcfa865486c09ef81e69892c41 StaticDependenciesID=7a0d628948c85481df13a772db36d6df 
Number of updated asset objects reloaded before import = 0Number of asset objects unloaded after import = 3

========================================================================
Received Import Request.
  Time since last request: 0.000031 seconds.
  path: Packages/com.unity.2d.tilemap/Editor/Icons/d_Tilemap.FocusNone.png
  importAddress: Guid(5dfb96fd1c7a1bf4f9f606597de935cf) Importer(815301076,1909f56bfc062723c751e8b465ee728b)
Start importing Packages/com.unity.2d.tilemap/Editor/Icons/d_Tilemap.FocusNone.png using Guid(5dfb96fd1c7a1bf4f9f606597de935cf) Importer(815301076,1909f56bfc062723c751e8b465ee728b) (PreviewImporter) -> (Import Result ID: 'ba2d6cc0b91c3aa74ba2de4a6a56fc65') in 0.0218307 seconds [static and dynamic dependencies]. Details - ImportResultOutputID=6ca48785b298a051ad4769395a97ea24 DependenciesID=215ccdf4dcf28bbd624ef05a53d72069 StaticDependenciesID=8b3f39b0d4da8b65b6c09fb8035e4de7 
Number of updated asset objects reloaded before import = 0Number of asset objects unloaded after import = 3

========================================================================
Received Import Request.
  Time since last request: 0.000054 seconds.
  path: Packages/com.unity.timeline/Editor/StyleSheets/Images/Icons/d_TimelineSignal.png
  importAddress: Guid(ad2e3e92b00839c4e991ca602ef19822) Importer(815301076,1909f56bfc062723c751e8b465ee728b)
Start importing Packages/com.unity.timeline/Editor/StyleSheets/Images/Icons/d_TimelineSignal.png using Guid(ad2e3e92b00839c4e991ca602ef19822) Importer(815301076,1909f56bfc062723c751e8b465ee728b) (PreviewImporter) -> (Import Result ID: 'c62a7ef6e48da80d63510474866a7055') in 0.0233634 seconds [static and dynamic dependencies]. Details - ImportResultOutputID=6f1f5d88538f002b5b02b436ead095d8 DependenciesID=8c08384e16919af84f8d2938c36e0ec8 StaticDependenciesID=025259be07083ccb65399d04ea109e68 
Number of updated asset objects reloaded before import = 0Number of asset objects unloaded after import = 2

========================================================================
Received Import Request.
  Time since last request: 0.000027 seconds.
  path: Packages/com.unity.timeline/Editor/StyleSheets/Images/Icons/d_TimelineEditModeRippleON.png
  importAddress: Guid(67a774c4384aa6c488128e2851b18ced) Importer(815301076,1909f56bfc062723c751e8b465ee728b)
Start importing Packages/com.unity.timeline/Editor/StyleSheets/Images/Icons/d_TimelineEditModeRippleON.png using Guid(67a774c4384aa6c488128e2851b18ced) Importer(815301076,1909f56bfc062723c751e8b465ee728b) (PreviewImporter) -> (Import Result ID: 'c205d256d7434679676f150ad8afdff2') in 0.0131866 seconds [static and dynamic dependencies]. Details - ImportResultOutputID=b4005d45605152c38bc5ee7fc0b5d72a DependenciesID=f2dbeee37638fa47f908098057b55509 StaticDependenciesID=6c3c51ba48167a5326b4d2f38e6776ed 
Number of updated asset objects reloaded before import = 0Number of asset objects unloaded after import = 2

========================================================================
Received Import Request.
  Time since last request: 0.000022 seconds.
  path: Packages/com.unity.2d.animation/Editor/Assets/EditorIcons/Dark/d_Sprite_Influence@2x.png
  importAddress: Guid(0f26b0f71c3344e8b8838eb64eb7d9e9) Importer(815301076,1909f56bfc062723c751e8b465ee728b)
Start importing Packages/com.unity.2d.animation/Editor/Assets/EditorIcons/Dark/d_Sprite_Influence@2x.png using Guid(0f26b0f71c3344e8b8838eb64eb7d9e9) Importer(815301076,1909f56bfc062723c751e8b465ee728b) (PreviewImporter) -> (Import Result ID: '3e83cd441862643818ed3a03f861e1b4') in 0.0246255 seconds [static and dynamic dependencies]. Details - ImportResultOutputID=f870edc78f8cd3fa16c193f508bb439b DependenciesID=17ed01603834f30afe13e8998fdb2e4e StaticDependenciesID=18c882d2df6e40ab64c6552775f418b3 
Number of updated asset objects reloaded before import = 0Number of asset objects unloaded after import = 3

========================================================================
Received Import Request.
  Time since last request: 0.000024 seconds.
  path: Packages/com.unity.2d.tilemap.extras/Editor/Brushes/LineBrush/d_LineBrush@4x.png
  importAddress: Guid(0fe20938402424ba6bc9ee476ff7514e) Importer(815301076,1909f56bfc062723c751e8b465ee728b)
Start importing Packages/com.unity.2d.tilemap.extras/Editor/Brushes/LineBrush/d_LineBrush@4x.png using Guid(0fe20938402424ba6bc9ee476ff7514e) Importer(815301076,1909f56bfc062723c751e8b465ee728b) (PreviewImporter) -> (Import Result ID: '4a9dc95ca5a76ec2846cb176c409c1a4') in 0.0233233 seconds [static and dynamic dependencies]. Details - ImportResultOutputID=6ce2850cc375a749d8b33f7b0cd35422 DependenciesID=4d64d595b78353822f89c3b839564d2a StaticDependenciesID=3565585d42a0ed572e61ecc8d81434f2 
Number of updated asset objects reloaded before import = 0Number of asset objects unloaded after import = 3

========================================================================
Received Import Request.
  Time since last request: 0.000032 seconds.
  path: Packages/com.unity.timeline/Editor/StyleSheets/Images/Icons/d_TrackMarkerButtonEnabled.png
  importAddress: Guid(d18286874382ef042bbbdab5f71329c1) Importer(815301076,1909f56bfc062723c751e8b465ee728b)
Start importing Packages/com.unity.timeline/Editor/StyleSheets/Images/Icons/d_TrackMarkerButtonEnabled.png using Guid(d18286874382ef042bbbdab5f71329c1) Importer(815301076,1909f56bfc062723c751e8b465ee728b) (PreviewImporter) -> (Import Result ID: 'c6aeebddf369e80a01d682de22877831') in 0.0178519 seconds [static and dynamic dependencies]. Details - ImportResultOutputID=1ab39d0e65c5bb26c206a6fc30963737 DependenciesID=a1b76face379c8c5c84ab91f958b6303 StaticDependenciesID=5e2979906340dd4a150e128cb286fca6 
Number of updated asset objects reloaded before import = 0Number of asset objects unloaded after import = 2

========================================================================
Received Import Request.
  Time since last request: 0.000047 seconds.
  path: Packages/com.unity.inputsystem/InputSystem/Editor/Icons/d_Position@2x.png
  importAddress: Guid(2552e303d22424da2ad62552efbd06e8) Importer(815301076,1909f56bfc062723c751e8b465ee728b)
Start importing Packages/com.unity.inputsystem/InputSystem/Editor/Icons/d_Position@2x.png using Guid(2552e303d22424da2ad62552efbd06e8) Importer(815301076,1909f56bfc062723c751e8b465ee728b) (PreviewImporter) -> (Import Result ID: 'e5bb059bde52167429cad991b9e00496') in 0.0222244 seconds [static and dynamic dependencies]. Details - ImportResultOutputID=d4704d3725e3b584b4dcb5634e0117c7 DependenciesID=0f8e53f93fccea7cf53b9f297ebf0e95 StaticDependenciesID=d36e13be39091d8b8cb8fbb1d8ff6b3e 
Number of updated asset objects reloaded before import = 0Number of asset objects unloaded after import = 2

========================================================================
Received Import Request.
  Time since last request: 0.000030 seconds.
  path: Packages/com.unity.inputsystem/InputSystem/Editor/Icons/d_Keyboard@3x.png
  importAddress: Guid(9ec4e316700da46b88741a8153b33963) Importer(815301076,1909f56bfc062723c751e8b465ee728b)
Start importing Packages/com.unity.inputsystem/InputSystem/Editor/Icons/d_Keyboard@3x.png using Guid(9ec4e316700da46b88741a8153b33963) Importer(815301076,1909f56bfc062723c751e8b465ee728b) (PreviewImporter) -> (Import Result ID: 'cd0f91676c3784a126f9f5038b0f9535') in 0.0246855 seconds [static and dynamic dependencies]. Details - ImportResultOutputID=effc70b5ebe5a4ef22552fe61e100039 DependenciesID=ea66d52db560be887276241958d7a9a4 StaticDependenciesID=458e8ae4b1ae5619d644d7c91a826544 
Number of updated asset objects reloaded before import = 0Number of asset objects unloaded after import = 2

========================================================================
Received Import Request.
  Time since last request: 0.000029 seconds.
  path: Packages/com.unity.inputsystem/InputSystem/Editor/Icons/d_Keyboard@4x.png
  importAddress: Guid(123b6218ad27a41af933311ee524dcdc) Importer(815301076,1909f56bfc062723c751e8b465ee728b)
Start importing Packages/com.unity.inputsystem/InputSystem/Editor/Icons/d_Keyboard@4x.png using Guid(123b6218ad27a41af933311ee524dcdc) Importer(815301076,1909f56bfc062723c751e8b465ee728b) (PreviewImporter) -> (Import Result ID: '8ebfe807536c739357f919dd72bb8b46') in 0.0235248 seconds [static and dynamic dependencies]. Details - ImportResultOutputID=65187ab427d56bfd893a67ba8091035c DependenciesID=119bbbd689ebde941b20ef86bfbb4c6a StaticDependenciesID=d76f5e75ae7fa34699a967c325d64e4b 
Number of updated asset objects reloaded before import = 0Number of asset objects unloaded after import = 2

========================================================================
Received Import Request.
  Time since last request: 0.000027 seconds.
  path: Packages/com.unity.render-pipelines.core/Editor/LookDev/Icons/d_Link.png
  importAddress: Guid(94ec4fdf9502c3747b5c0754ca18919e) Importer(815301076,1909f56bfc062723c751e8b465ee728b)
Start importing Packages/com.unity.render-pipelines.core/Editor/LookDev/Icons/d_Link.png using Guid(94ec4fdf9502c3747b5c0754ca18919e) Importer(815301076,1909f56bfc062723c751e8b465ee728b) (PreviewImporter) -> (Import Result ID: 'cc3129b874a694b5277759bc668965eb') in 0.0240071 seconds [static and dynamic dependencies]. Details - ImportResultOutputID=7e9653d2f4bdf9a4cfbaba46379e1d6f DependenciesID=67a2854c36438fffae6964120fadf162 StaticDependenciesID=2b6e033d4a04feb2f59efeafd8baab90 
Number of updated asset objects reloaded before import = 0Number of asset objects unloaded after import = 3

========================================================================
Received Import Request.
  Time since last request: 0.000038 seconds.
  path: Packages/com.unity.inputsystem/InputSystem/Editor/Icons/d_Gamepad@3x.png
  importAddress: Guid(9e882b58df0964f5b90ff99cb481ee79) Importer(815301076,1909f56bfc062723c751e8b465ee728b)
Start importing Packages/com.unity.inputsystem/InputSystem/Editor/Icons/d_Gamepad@3x.png using Guid(9e882b58df0964f5b90ff99cb481ee79) Importer(815301076,1909f56bfc062723c751e8b465ee728b) (PreviewImporter) -> (Import Result ID: '8e2b8f1059703fffeea1fe069707946d') in 0.0226443 seconds [static and dynamic dependencies]. Details - ImportResultOutputID=52a2709f31915c4e38c51251cc9df2cb DependenciesID=1e1a1b15c938adce4a968f1beb988b9f StaticDependenciesID=95bb125da7c0aef97e0289d1768d48c9 
Number of updated asset objects reloaded before import = 0Number of asset objects unloaded after import = 2

========================================================================
Received Import Request.
  Time since last request: 0.000043 seconds.
  path: Packages/com.unity.render-pipelines.core/Editor/Lighting/Icons/LightUnitIcons/d_SoftAreaLight@2x.png
  importAddress: Guid(e0171afec971f2343be8d5b4b14ab6eb) Importer(815301076,1909f56bfc062723c751e8b465ee728b)
Start importing Packages/com.unity.render-pipelines.core/Editor/Lighting/Icons/LightUnitIcons/d_SoftAreaLight@2x.png using Guid(e0171afec971f2343be8d5b4b14ab6eb) Importer(815301076,1909f56bfc062723c751e8b465ee728b) (PreviewImporter) -> (Import Result ID: 'de46ab574491a050fdace2e6af8bf8cf') in 0.0230573 seconds [static and dynamic dependencies]. Details - ImportResultOutputID=7d276343bbc818ece010909dd15b84d7 DependenciesID=adcd952883448b12c8754d36d0bc7e3b StaticDependenciesID=c1d99cc54f8b4b3aeaeb4cd070e3bcb9 
Number of updated asset objects reloaded before import = 0Number of asset objects unloaded after import = 2

========================================================================
Received Import Request.
  Time since last request: 0.000033 seconds.
  path: Packages/com.unity.timeline/Editor/StyleSheets/Images/Icons/d_TimelineEditModeRippleOFF.png
  importAddress: Guid(411e6f19c19fa0546af83aeb59c2ed4b) Importer(815301076,1909f56bfc062723c751e8b465ee728b)
Start importing Packages/com.unity.timeline/Editor/StyleSheets/Images/Icons/d_TimelineEditModeRippleOFF.png using Guid(411e6f19c19fa0546af83aeb59c2ed4b) Importer(815301076,1909f56bfc062723c751e8b465ee728b) (PreviewImporter) -> (Import Result ID: '8ac2ec7fe7a577d8ada8b416c173102e') in 0.0204127 seconds [static and dynamic dependencies]. Details - ImportResultOutputID=6e5353ad0aa0c5b80b0936d06738e717 DependenciesID=31b5396cadac9ba0a00ba6f831ef3818 StaticDependenciesID=1c2cd9c2c119ee9d57b1e7dc366d4080 
Number of updated asset objects reloaded before import = 0Number of asset objects unloaded after import = 2

========================================================================
Received Import Request.
  Time since last request: 0.000026 seconds.
  path: Packages/com.unity.2d.animation/Editor/Assets/ComponentIcons/d_Animation.SpriteSkin@64.png
  importAddress: Guid(7ed99b178ead940bf9cc24b0b0213517) Importer(815301076,1909f56bfc062723c751e8b465ee728b)
Start importing Packages/com.unity.2d.animation/Editor/Assets/ComponentIcons/d_Animation.SpriteSkin@64.png using Guid(7ed99b178ead940bf9cc24b0b0213517) Importer(815301076,1909f56bfc062723c751e8b465ee728b) (PreviewImporter) -> (Import Result ID: '523c600866a4f543449ee34fe2d5b67d') in 0.0245894 seconds [static and dynamic dependencies]. Details - ImportResultOutputID=bbde24f29ce1b98adb15e8a99306f638 DependenciesID=8ffa24f4bd86367e83aa5830f0a8baf3 StaticDependenciesID=d5d303e59ebfe543379f260701c32ef9 
Number of updated asset objects reloaded before import = 0Number of asset objects unloaded after import = 3

========================================================================
Received Import Request.
  Time since last request: 0.000034 seconds.
  path: Packages/com.unity.timeline/Editor/StyleSheets/Images/Icons/d_TrackRecordButtonEnabled.png
  importAddress: Guid(0e5ba0f04df278944a8f5a62f64f5aa6) Importer(815301076,1909f56bfc062723c751e8b465ee728b)
Start importing Packages/com.unity.timeline/Editor/StyleSheets/Images/Icons/d_TrackRecordButtonEnabled.png using Guid(0e5ba0f04df278944a8f5a62f64f5aa6) Importer(815301076,1909f56bfc062723c751e8b465ee728b) (PreviewImporter) -> (Import Result ID: '7447a0c5107071d52dd068f17b2e571d') in 0.0178783 seconds [static and dynamic dependencies]. Details - ImportResultOutputID=b636f925e6a0281b581c05a47b98691b DependenciesID=2751a4eef5cb23cf501a4835e792443e StaticDependenciesID=9947d5443e641dd95ef10bf0e74e17b1 
Number of updated asset objects reloaded before import = 0Number of asset objects unloaded after import = 2

========================================================================
Received Import Request.
  Time since last request: 0.000027 seconds.
  path: Packages/com.unity.2d.tilemap/Editor/Icons/d_Tilemap.FocusNone@4x.png
  importAddress: Guid(f1d766c90aeb37d4fb8c7d1ed3ba1378) Importer(815301076,1909f56bfc062723c751e8b465ee728b)
Start importing Packages/com.unity.2d.tilemap/Editor/Icons/d_Tilemap.FocusNone@4x.png using Guid(f1d766c90aeb37d4fb8c7d1ed3ba1378) Importer(815301076,1909f56bfc062723c751e8b465ee728b) (PreviewImporter) -> (Import Result ID: '6463c70ad68dde2a6c70af969de91bde') in 0.0279946 seconds [static and dynamic dependencies]. Details - ImportResultOutputID=1da488fe3fa78a281e64e8daa6e9e873 DependenciesID=68b11e5ad7d395593e928049f7becfbf StaticDependenciesID=7b58847868757885b23ec5cd1abeae22 
Number of updated asset objects reloaded before import = 0Number of asset objects unloaded after import = 3

========================================================================
Received Import Request.
  Time since last request: 0.000037 seconds.
  path: Packages/com.unity.2d.animation/Editor/Assets/EditorIcons/Dark/d_Edit_Joints@2x.png
  importAddress: Guid(eecbc6949fc2aac40bfe64caade7a594) Importer(815301076,1909f56bfc062723c751e8b465ee728b)
Start importing Packages/com.unity.2d.animation/Editor/Assets/EditorIcons/Dark/d_Edit_Joints@2x.png using Guid(eecbc6949fc2aac40bfe64caade7a594) Importer(815301076,1909f56bfc062723c751e8b465ee728b) (PreviewImporter) -> (Import Result ID: '0f469a6144391f3a395ede5aa2c8352c') in 0.0261951 seconds [static and dynamic dependencies]. Details - ImportResultOutputID=5ba13008ddd865a9245b8cb951449c0c DependenciesID=4e1648e96a1b3e5be377855a361fff8b StaticDependenciesID=46be578f7e1977cb88aa6ba361837004 
Number of updated asset objects reloaded before import = 0Number of asset objects unloaded after import = 3

========================================================================
Received Import Request.
  Time since last request: 0.000031 seconds.
  path: Packages/com.unity.2d.animation/Editor/Assets/ComponentIcons/d_Animation.SpriteResolver@256.png
  importAddress: Guid(4c78d8667944f4116ba9dd56d2219e77) Importer(815301076,1909f56bfc062723c751e8b465ee728b)
Start importing Packages/com.unity.2d.animation/Editor/Assets/ComponentIcons/d_Animation.SpriteResolver@256.png using Guid(4c78d8667944f4116ba9dd56d2219e77) Importer(815301076,1909f56bfc062723c751e8b465ee728b) (PreviewImporter) -> (Import Result ID: '18dfa1c6f57d3f39693c5bcbdb93c356') in 0.0350435 seconds [static and dynamic dependencies]. Details - ImportResultOutputID=11afda95743751e848818b2dcbaf791e DependenciesID=23f3dc26a197dd78755ff4e369906e05 StaticDependenciesID=6a563dcc865c7e32ccd582ea22c453df 
Number of updated asset objects reloaded before import = 0Number of asset objects unloaded after import = 3

========================================================================
Received Import Request.
  Time since last request: 0.000027 seconds.
  path: Packages/com.unity.2d.animation/Editor/Assets/EditorIcons/Dark/d_Sprite_Mode@2x.png
  importAddress: Guid(269eee5bd0392044cb38fd13171b84f6) Importer(815301076,1909f56bfc062723c751e8b465ee728b)
Start importing Packages/com.unity.2d.animation/Editor/Assets/EditorIcons/Dark/d_Sprite_Mode@2x.png using Guid(269eee5bd0392044cb38fd13171b84f6) Importer(815301076,1909f56bfc062723c751e8b465ee728b) (PreviewImporter) -> (Import Result ID: 'eea6f68721684331e5d7170bbda18fa2') in 0.0217496 seconds [static and dynamic dependencies]. Details - ImportResultOutputID=4483a78d066d8db3bc64a825c1461588 DependenciesID=181a3aeaeede2f26f4c5754973ec1e06 StaticDependenciesID=9dd0951f490ed570ae3c435587293e3a 
Number of updated asset objects reloaded before import = 0Number of asset objects unloaded after import = 3

========================================================================
Received Import Request.
  Time since last request: 0.000038 seconds.
  path: Packages/com.unity.timeline/Editor/StyleSheets/Images/Icons/d_TrackLockButtonEnabled@2x.png
  importAddress: Guid(2c85066ea99cfbe4f90294bf295ce543) Importer(815301076,1909f56bfc062723c751e8b465ee728b)
Start importing Packages/com.unity.timeline/Editor/StyleSheets/Images/Icons/d_TrackLockButtonEnabled@2x.png using Guid(2c85066ea99cfbe4f90294bf295ce543) Importer(815301076,1909f56bfc062723c751e8b465ee728b) (PreviewImporter) -> (Import Result ID: '37bfcc32d8cee09ce25c30050b0b8822') in 0.0252789 seconds [static and dynamic dependencies]. Details - ImportResultOutputID=cc03c0ca561111ecb0299ee29da5578a DependenciesID=aa944f25d7d862f61b389c2aa54fc70b StaticDependenciesID=210d116f7344704f763f3161a623ef29 
Number of updated asset objects reloaded before import = 0Number of asset objects unloaded after import = 2

========================================================================
Received Import Request.
  Time since last request: 0.000044 seconds.
  path: Packages/com.unity.2d.tilemap/Editor/Icons/d_Tilemap.FocusGrid@2x.png
  importAddress: Guid(6c05763976bcac64ebefb1f097e6ef84) Importer(815301076,1909f56bfc062723c751e8b465ee728b)
Start importing Packages/com.unity.2d.tilemap/Editor/Icons/d_Tilemap.FocusGrid@2x.png using Guid(6c05763976bcac64ebefb1f097e6ef84) Importer(815301076,1909f56bfc062723c751e8b465ee728b) (PreviewImporter) -> (Import Result ID: '45ed78aa71797f09bcc3ac8d85278481') in 0.0262076 seconds [static and dynamic dependencies]. Details - ImportResultOutputID=2d39d7551c5bea7e8da3e0a917c16f2e DependenciesID=9c07fe17d0812b53ff3371d9131f97ca StaticDependenciesID=f8b699ee7c6752dc23e02528ab10f1c1 
Number of updated asset objects reloaded before import = 0Number of asset objects unloaded after import = 3

========================================================================
Received Import Request.
  Time since last request: 0.000033 seconds.
  path: Packages/com.unity.2d.tilemap/Editor/Icons/d_Tilemap.FocusTilemap.png
  importAddress: Guid(a9a5b304877d58a47859e53d2b2d9fe3) Importer(815301076,1909f56bfc062723c751e8b465ee728b)
Start importing Packages/com.unity.2d.tilemap/Editor/Icons/d_Tilemap.FocusTilemap.png using Guid(a9a5b304877d58a47859e53d2b2d9fe3) Importer(815301076,1909f56bfc062723c751e8b465ee728b) (PreviewImporter) -> (Import Result ID: 'b199adf3c9bfacedcd9b023b7622ad7a') in 0.0301477 seconds [static and dynamic dependencies]. Details - ImportResultOutputID=627f2bc97a4c339be7c57428384c4a6d DependenciesID=8319f8fa00805778dcc68222327a13b8 StaticDependenciesID=85e82adc2cc70697a818f71fec554c0c 
Number of updated asset objects reloaded before import = 0Number of asset objects unloaded after import = 3

========================================================================
Received Import Request.
  Time since last request: 0.000036 seconds.
  path: Packages/com.unity.2d.animation/Editor/Assets/EditorIcons/Dark/d_ViewToolZoom@2x.png
  importAddress: Guid(c3672d163ecce403e98f81d012f95e33) Importer(815301076,1909f56bfc062723c751e8b465ee728b)
Start importing Packages/com.unity.2d.animation/Editor/Assets/EditorIcons/Dark/d_ViewToolZoom@2x.png using Guid(c3672d163ecce403e98f81d012f95e33) Importer(815301076,1909f56bfc062723c751e8b465ee728b) (PreviewImporter) -> (Import Result ID: '479925aaae522eb2113f91228b1f671a') in 0.0248748 seconds [static and dynamic dependencies]. Details - ImportResultOutputID=48ab13f5d8e099991052e3a89aabfa4d DependenciesID=63112ff62fad83fafff3c3bea15f933c StaticDependenciesID=8a5343583a4e3b858e6a87565c649d0f 
Number of updated asset objects reloaded before import = 0Number of asset objects unloaded after import = 3

========================================================================
Received Import Request.
  Time since last request: 0.000031 seconds.
  path: Packages/com.unity.2d.tilemap/Editor/Icons/d_Tilemap.EditPalette@2x.png
  importAddress: Guid(8cbab190b527bd44e8bf5afbc79095e8) Importer(815301076,1909f56bfc062723c751e8b465ee728b)
Start importing Packages/com.unity.2d.tilemap/Editor/Icons/d_Tilemap.EditPalette@2x.png using Guid(8cbab190b527bd44e8bf5afbc79095e8) Importer(815301076,1909f56bfc062723c751e8b465ee728b) (PreviewImporter) -> (Import Result ID: '789d10768a3123d1b145534bdf655721') in 0.0327668 seconds [static and dynamic dependencies]. Details - ImportResultOutputID=63296e4e68dc81e25075b10a7c5c764a DependenciesID=0bb84e489d4e08e439b521be336232f7 StaticDependenciesID=b2f4a1feaad5c7154607c9ef3f62ec1e 
Number of updated asset objects reloaded before import = 0Number of asset objects unloaded after import = 3

========================================================================
Received Import Request.
  Time since last request: 0.000054 seconds.
  path: Packages/com.unity.timeline/Editor/StyleSheets/Images/Icons/d_TrackMuteButtonDisabled@2x.png
  importAddress: Guid(9c706019afb28944eb19b500ea0da38c) Importer(815301076,1909f56bfc062723c751e8b465ee728b)
Start importing Packages/com.unity.timeline/Editor/StyleSheets/Images/Icons/d_TrackMuteButtonDisabled@2x.png using Guid(9c706019afb28944eb19b500ea0da38c) Importer(815301076,1909f56bfc062723c751e8b465ee728b) (PreviewImporter) -> (Import Result ID: 'ecf8ed814ddc06ded89af66d2f996892') in 0.0242069 seconds [static and dynamic dependencies]. Details - ImportResultOutputID=52b54f51fad80665719c8ede8c4e5f21 DependenciesID=ac21c042d4e9d4aa442addcf271c883e StaticDependenciesID=ceadd9eb0245a5af7c660b96305dda07 
Number of updated asset objects reloaded before import = 0Number of asset objects unloaded after import = 2

========================================================================
Received Import Request.
  Time since last request: 0.000054 seconds.
  path: Packages/com.unity.inputsystem/InputSystem/Editor/Icons/d_Stick@3x.png
  importAddress: Guid(03c3559bb64164f7785cd1250e475250) Importer(815301076,1909f56bfc062723c751e8b465ee728b)
Start importing Packages/com.unity.inputsystem/InputSystem/Editor/Icons/d_Stick@3x.png using Guid(03c3559bb64164f7785cd1250e475250) Importer(815301076,1909f56bfc062723c751e8b465ee728b) (PreviewImporter) -> (Import Result ID: 'd7c754531af54ed0deffe666b38b311c') in 0.0235943 seconds [static and dynamic dependencies]. Details - ImportResultOutputID=09232a657e0086c55b11316754af4f40 DependenciesID=8b23f515ccbb39e095759a49779d2afc StaticDependenciesID=828ce1e4267c75cee4f8bc2f91b23bb3 
Number of updated asset objects reloaded before import = 0Number of asset objects unloaded after import = 2

========================================================================
Received Import Request.
  Time since last request: 0.000029 seconds.
  path: Packages/com.unity.render-pipelines.core/Editor/Lighting/Icons/LightUnitIcons/d_VeryBrightSun.png
  importAddress: Guid(083778a134a402a4f82b55a98ac21530) Importer(815301076,1909f56bfc062723c751e8b465ee728b)
Start importing Packages/com.unity.render-pipelines.core/Editor/Lighting/Icons/LightUnitIcons/d_VeryBrightSun.png using Guid(083778a134a402a4f82b55a98ac21530) Importer(815301076,1909f56bfc062723c751e8b465ee728b) (PreviewImporter) -> (Import Result ID: 'c817d70fe1b0773100d64dd98d8e4893') in 0.0244632 seconds [static and dynamic dependencies]. Details - ImportResultOutputID=985c87c144ea92d854a24b9e99227647 DependenciesID=71b8d36f68d84568464fe287f22fe575 StaticDependenciesID=68812fd73ad56191e1de42354999bf73 
Number of updated asset objects reloaded before import = 0Number of asset objects unloaded after import = 2

========================================================================
Received Import Request.
  Time since last request: 0.000034 seconds.
  path: Packages/com.unity.timeline/Editor/StyleSheets/Images/Icons/d_TrackMuteButtonEnabled@2x.png
  importAddress: Guid(e54e20c7a9730fe4c822d63228527ae4) Importer(815301076,1909f56bfc062723c751e8b465ee728b)
Start importing Packages/com.unity.timeline/Editor/StyleSheets/Images/Icons/d_TrackMuteButtonEnabled@2x.png using Guid(e54e20c7a9730fe4c822d63228527ae4) Importer(815301076,1909f56bfc062723c751e8b465ee728b) (PreviewImporter) -> (Import Result ID: '9793ce113db6d7dbd3afa7c26600aad6') in 0.0248068 seconds [static and dynamic dependencies]. Details - ImportResultOutputID=b2fac100e73ab955c964f9797184325e DependenciesID=51fba84d67532c6b1775da8a4f1cadaf StaticDependenciesID=f9e45c72bb396c3d52a121d636ffcc42 
Number of updated asset objects reloaded before import = 0Number of asset objects unloaded after import = 2

========================================================================
Received Import Request.
  Time since last request: 0.000045 seconds.
  path: Packages/com.unity.inputsystem/InputSystem/Editor/Icons/d_InputControl.png
  importAddress: Guid(399cd90f4e31041e692a7d3a8b1aa4d0) Importer(815301076,1909f56bfc062723c751e8b465ee728b)
Start importing Packages/com.unity.inputsystem/InputSystem/Editor/Icons/d_InputControl.png using Guid(399cd90f4e31041e692a7d3a8b1aa4d0) Importer(815301076,1909f56bfc062723c751e8b465ee728b) (PreviewImporter) -> (Import Result ID: '9fca704541bd1ef672ab99a4cfec83f7') in 0.0187599 seconds [static and dynamic dependencies]. Details - ImportResultOutputID=863dbe413cd175bd7e46402d8d58ec3d DependenciesID=d87c839465a4d23a582cdd8cac116324 StaticDependenciesID=14eb87e4e9d24d2b4c6a9aeaad2f88e5 
Number of updated asset objects reloaded before import = 0Number of asset objects unloaded after import = 2

========================================================================
Received Import Request.
  Time since last request: 0.000031 seconds.
  path: Packages/com.unity.inputsystem/InputSystem/Editor/Icons/d_Position@4x.png
  importAddress: Guid(ac4c5ccb2785f4460b2dcfe47010c688) Importer(815301076,1909f56bfc062723c751e8b465ee728b)
Start importing Packages/com.unity.inputsystem/InputSystem/Editor/Icons/d_Position@4x.png using Guid(ac4c5ccb2785f4460b2dcfe47010c688) Importer(815301076,1909f56bfc062723c751e8b465ee728b) (PreviewImporter) -> (Import Result ID: '3341034b8e9088ae6d89efe1c1f1aecf') in 0.0259493 seconds [static and dynamic dependencies]. Details - ImportResultOutputID=3ea6804da2546f7f8a5fe1602a001368 DependenciesID=3778b23c53a1b503ebe959c9efa0e047 StaticDependenciesID=fe142d555f7322e581f16153fe22a9b0 
Number of updated asset objects reloaded before import = 0Number of asset objects unloaded after import = 2

========================================================================
Received Import Request.
  Time since last request: 0.000030 seconds.
  path: Packages/com.unity.2d.animation/Editor/Assets/EditorIcons/Dark/d_Edit_Geometry@2x.png
  importAddress: Guid(2d2e8c77fdf4f364c83224444f65fb4d) Importer(815301076,1909f56bfc062723c751e8b465ee728b)
Start importing Packages/com.unity.2d.animation/Editor/Assets/EditorIcons/Dark/d_Edit_Geometry@2x.png using Guid(2d2e8c77fdf4f364c83224444f65fb4d) Importer(815301076,1909f56bfc062723c751e8b465ee728b) (PreviewImporter) -> (Import Result ID: '75a52d688eec94629d67477b11d2a14a') in 0.0318412 seconds [static and dynamic dependencies]. Details - ImportResultOutputID=865d78d8549831a71fe08a57c3182b64 DependenciesID=09e9d59ddd1fd2e70962f1341f849ef4 StaticDependenciesID=b10cb42aac296cb3ba22e813d411c5ab 
Number of updated asset objects reloaded before import = 0Number of asset objects unloaded after import = 3

========================================================================
Received Import Request.
  Time since last request: 0.000038 seconds.
  path: Packages/com.unity.splines/Editor/Editor Resources/Icons/d_Tangent_Linear.png
  importAddress: Guid(a5a8010c3424a6241a13d7eba13aa4f2) Importer(815301076,1909f56bfc062723c751e8b465ee728b)
Start importing Packages/com.unity.splines/Editor/Editor Resources/Icons/d_Tangent_Linear.png using Guid(a5a8010c3424a6241a13d7eba13aa4f2) Importer(815301076,1909f56bfc062723c751e8b465ee728b) (PreviewImporter) -> (Import Result ID: 'ff8fbb542a6ee9a2ff7a30664d0572c8') in 0.0235481 seconds [static and dynamic dependencies]. Details - ImportResultOutputID=ff6d8f9ea3104d743fec25419f4bd05c DependenciesID=65ed178fdf6466c5d77a0eceed44d90c StaticDependenciesID=1e945a53132fe8221fbe452587472b97 
Number of updated asset objects reloaded before import = 0Number of asset objects unloaded after import = 2

========================================================================
Received Import Request.
  Time since last request: 0.000041 seconds.
  path: Packages/com.unity.splines/Editor/Editor Resources/Icons/d_SplineEditMode-Info@2x.png
  importAddress: Guid(92d8b52044d794450a4f29aec979a34a) Importer(815301076,1909f56bfc062723c751e8b465ee728b)
Start importing Packages/com.unity.splines/Editor/Editor Resources/Icons/d_SplineEditMode-Info@2x.png using Guid(92d8b52044d794450a4f29aec979a34a) Importer(815301076,1909f56bfc062723c751e8b465ee728b) (PreviewImporter) -> (Import Result ID: 'ed60ebd7eb3421bbd4c0232e1adb77a3') in 0.0241323 seconds [static and dynamic dependencies]. Details - ImportResultOutputID=96f456e97eafc0c12925c4cbfc53424c DependenciesID=fe8eed117909aace4cb2bd39105452a2 StaticDependenciesID=c4e89e4744667a5d63d550af35c66146 
Number of updated asset objects reloaded before import = 0Number of asset objects unloaded after import = 2

========================================================================
Received Import Request.
  Time since last request: 0.000027 seconds.
  path: Packages/com.unity.2d.tilemap/Editor/Icons/d_Tilemap.GridPaint.png
  importAddress: Guid(26f3d342b8e95b24da7ec4638d7f2322) Importer(815301076,1909f56bfc062723c751e8b465ee728b)
Start importing Packages/com.unity.2d.tilemap/Editor/Icons/d_Tilemap.GridPaint.png using Guid(26f3d342b8e95b24da7ec4638d7f2322) Importer(815301076,1909f56bfc062723c751e8b465ee728b) (PreviewImporter) -> (Import Result ID: '34dc35cb9eccab86558d2c1628748406') in 0.0327154 seconds [static and dynamic dependencies]. Details - ImportResultOutputID=a974e48b846a79db3e9262f4823655ae DependenciesID=cc8dd09281f0119701ec5976c906ac2e StaticDependenciesID=cdf70aab3e5f3eb451ec1eb0b3e66e76 
Number of updated asset objects reloaded before import = 0Number of asset objects unloaded after import = 3

========================================================================
Received Import Request.
  Time since last request: 0.000026 seconds.
  path: Packages/com.unity.timeline/Editor/StyleSheets/Images/Icons/d_TrackAvatarButtonDisabled@2x.png
  importAddress: Guid(fd194f75fe3d7ca4488fa775ae832fd8) Importer(815301076,1909f56bfc062723c751e8b465ee728b)
Start importing Packages/com.unity.timeline/Editor/StyleSheets/Images/Icons/d_TrackAvatarButtonDisabled@2x.png using Guid(fd194f75fe3d7ca4488fa775ae832fd8) Importer(815301076,1909f56bfc062723c751e8b465ee728b) (PreviewImporter) -> (Import Result ID: '86f899041d2430c0777568d115e747bd') in 0.0298881 seconds [static and dynamic dependencies]. Details - ImportResultOutputID=2e003546d5074ae757c37dcc06378726 DependenciesID=b243271a890d1857a1378fb2cf694b67 StaticDependenciesID=315930de55d45aa342ce56a928965c9c 
Number of updated asset objects reloaded before import = 0Number of asset objects unloaded after import = 2

========================================================================
Received Import Request.
  Time since last request: 0.000033 seconds.
  path: Packages/com.unity.2d.animation/Editor/Assets/ComponentIcons/d_Animation.SpriteLibrary.png
  importAddress: Guid(4d3519975d99540eba1637a8a3e58f11) Importer(815301076,1909f56bfc062723c751e8b465ee728b)
Start importing Packages/com.unity.2d.animation/Editor/Assets/ComponentIcons/d_Animation.SpriteLibrary.png using Guid(4d3519975d99540eba1637a8a3e58f11) Importer(815301076,1909f56bfc062723c751e8b465ee728b) (PreviewImporter) -> (Import Result ID: '3593df4e0a3f03611b072f72fd028577') in 0.0320217 seconds [static and dynamic dependencies]. Details - ImportResultOutputID=b038e9cf0b8e10062e811981b9cfd7a1 DependenciesID=d0ca2790446fb87dfbeccd17dcf06526 StaticDependenciesID=4c2be3c774753f13fb6f63bcd1114211 
Number of updated asset objects reloaded before import = 0Number of asset objects unloaded after import = 3

========================================================================
Received Import Request.
  Time since last request: 0.000050 seconds.
  path: Packages/com.unity.2d.animation/Editor/Assets/EditorIcons/Dark/d_True.png
  importAddress: Guid(4573e6fe13e8f4b68a6e290c779078cd) Importer(815301076,1909f56bfc062723c751e8b465ee728b)
Start importing Packages/com.unity.2d.animation/Editor/Assets/EditorIcons/Dark/d_True.png using Guid(4573e6fe13e8f4b68a6e290c779078cd) Importer(815301076,1909f56bfc062723c751e8b465ee728b) (PreviewImporter) -> (Import Result ID: '1d5b3427ae4477446ef0039beb5f029b') in 0.0352963 seconds [static and dynamic dependencies]. Details - ImportResultOutputID=36e7379adac2ff88717a705fa2fc1540 DependenciesID=52f25eca79f6661656b50ed24d970fb8 StaticDependenciesID=06b7822f1c69da9c5cba4c574aa1e15c 
Number of updated asset objects reloaded before import = 0Number of asset objects unloaded after import = 3

========================================================================
Received Import Request.
  Time since last request: 0.000029 seconds.
  path: Packages/com.unity.multiplayer.center/Editor/MultiplayerCenterWindow/UI/Icons/d_PackageInstalled.png
  importAddress: Guid(77be953cf28de42a4ad8532539fef3f5) Importer(815301076,1909f56bfc062723c751e8b465ee728b)
Start importing Packages/com.unity.multiplayer.center/Editor/MultiplayerCenterWindow/UI/Icons/d_PackageInstalled.png using Guid(77be953cf28de42a4ad8532539fef3f5) Importer(815301076,1909f56bfc062723c751e8b465ee728b) (PreviewImporter) -> (Import Result ID: '57a6e8e953ee9157005fd9e93bb06899') in 0.025344 seconds [static and dynamic dependencies]. Details - ImportResultOutputID=db41afdeb398118e50004e63368154e4 DependenciesID=b55b840e3a9f88f008b993ae62db8c75 StaticDependenciesID=b5c5dd1efe4923be62623f7756a57d14 
Number of updated asset objects reloaded before import = 0Number of asset objects unloaded after import = 2

========================================================================
Received Import Request.
  Time since last request: 0.000032 seconds.
  path: Packages/com.unity.timeline/Editor/StyleSheets/Images/Icons/d_TrackRecordButtonDisabled.png
  importAddress: Guid(9c6daec86666cbb4b9e558b839a103db) Importer(815301076,1909f56bfc062723c751e8b465ee728b)
Start importing Packages/com.unity.timeline/Editor/StyleSheets/Images/Icons/d_TrackRecordButtonDisabled.png using Guid(9c6daec86666cbb4b9e558b839a103db) Importer(815301076,1909f56bfc062723c751e8b465ee728b) (PreviewImporter) -> (Import Result ID: '0a166f284f21fcd47441c3f85d9d3fd9') in 0.0246182 seconds [static and dynamic dependencies]. Details - ImportResultOutputID=dd8569c8dd9223f344e55d6276554e56 DependenciesID=192f1a53cf743c856ce256675b9f54a6 StaticDependenciesID=f7fc8016e02e90820c3b95e611c1ae6e 
Number of updated asset objects reloaded before import = 0Number of asset objects unloaded after import = 2

========================================================================
Received Import Request.
  Time since last request: 0.000033 seconds.
  path: Packages/com.unity.2d.animation/Editor/Assets/EditorIcons/Dark/d_Parent_Bone@4x.png
  importAddress: Guid(c6601234a3b63ef4a9386f8182db5849) Importer(815301076,1909f56bfc062723c751e8b465ee728b)
Start importing Packages/com.unity.2d.animation/Editor/Assets/EditorIcons/Dark/d_Parent_Bone@4x.png using Guid(c6601234a3b63ef4a9386f8182db5849) Importer(815301076,1909f56bfc062723c751e8b465ee728b) (PreviewImporter) -> (Import Result ID: '484a597755b1fea9ec1f39a5e3cada7c') in 0.0352044 seconds [static and dynamic dependencies]. Details - ImportResultOutputID=7a888c3c67edbff75f60a37f1a200066 DependenciesID=dcfe4d95a070ad39ca416d73117223e5 StaticDependenciesID=7167cdce1110f70cb717ee05622502c4 
Number of updated asset objects reloaded before import = 0Number of asset objects unloaded after import = 3

========================================================================
Received Import Request.
  Time since last request: 0.000081 seconds.
  path: Packages/com.unity.inputsystem/InputSystem/Editor/Icons/d_Stick@2x.png
  importAddress: Guid(5d0b11389336d4b16b96f147c9f912e2) Importer(815301076,1909f56bfc062723c751e8b465ee728b)
Start importing Packages/com.unity.inputsystem/InputSystem/Editor/Icons/d_Stick@2x.png using Guid(5d0b11389336d4b16b96f147c9f912e2) Importer(815301076,1909f56bfc062723c751e8b465ee728b) (PreviewImporter) -> (Import Result ID: 'ea1701e52582a834fdf7fb15bb1686d8') in 0.0252903 seconds [static and dynamic dependencies]. Details - ImportResultOutputID=c8e5c2d6cb686b1d30ebe85d268264c9 DependenciesID=32cab37ea62da9a9562cd4fe51832716 StaticDependenciesID=595effd2b13a7f1d89663facad689e62 
Number of updated asset objects reloaded before import = 0Number of asset objects unloaded after import = 2

========================================================================
Received Import Request.
  Time since last request: 0.000028 seconds.
  path: Packages/com.unity.render-pipelines.core/Editor/Icons/MipLevels/RenderGraphViewer/d_PassInspector@32.png
  importAddress: Guid(b98f3689f42be914d9c9db64ff280951) Importer(815301076,1909f56bfc062723c751e8b465ee728b)
Start importing Packages/com.unity.render-pipelines.core/Editor/Icons/MipLevels/RenderGraphViewer/d_PassInspector@32.png using Guid(b98f3689f42be914d9c9db64ff280951) Importer(815301076,1909f56bfc062723c751e8b465ee728b) (PreviewImporter) -> (Import Result ID: '6782356e4f37cccfeeaab89e4e60c181') in 0.023177 seconds [static and dynamic dependencies]. Details - ImportResultOutputID=ce0964a6f18307e12f9e018475136535 DependenciesID=b0df8f22a54a224e0905a3302413815b StaticDependenciesID=914d4dae9661b88a7dba530263850dcd 
Number of updated asset objects reloaded before import = 0Number of asset objects unloaded after import = 2

========================================================================
Received Import Request.
  Time since last request: 0.000029 seconds.
  path: Packages/com.unity.render-pipelines.core/Editor/LookDev/Icons/d_RightArrow@2x.png
  importAddress: Guid(28d47cbaafc98254f8d4f6184dff22cd) Importer(815301076,1909f56bfc062723c751e8b465ee728b)
Start importing Packages/com.unity.render-pipelines.core/Editor/LookDev/Icons/d_RightArrow@2x.png using Guid(28d47cbaafc98254f8d4f6184dff22cd) Importer(815301076,1909f56bfc062723c751e8b465ee728b) (PreviewImporter) -> (Import Result ID: '5c7f9751329e5a34a4ebdf9837885216') in 0.0300931 seconds [static and dynamic dependencies]. Details - ImportResultOutputID=f3e1f6bb09a456e59f06059c1f578934 DependenciesID=333fe256de56a42939fc8026ed2204b7 StaticDependenciesID=a213bb6336782acce0e2df7efba5ee43 
Number of updated asset objects reloaded before import = 0Number of asset objects unloaded after import = 3

========================================================================
Received Import Request.
  Time since last request: 0.000042 seconds.
  path: Packages/com.unity.inputsystem/InputSystem/Editor/Icons/d_Mouse.png
  importAddress: Guid(264ffc05d7d2841d5a6065854b6282ca) Importer(815301076,1909f56bfc062723c751e8b465ee728b)
Start importing Packages/com.unity.inputsystem/InputSystem/Editor/Icons/d_Mouse.png using Guid(264ffc05d7d2841d5a6065854b6282ca) Importer(815301076,1909f56bfc062723c751e8b465ee728b) (PreviewImporter) -> (Import Result ID: '81c5ed9612440cedb82d316dca5e606a') in 0.0231012 seconds [static and dynamic dependencies]. Details - ImportResultOutputID=f54713ae2ea97ed0c86bc71ee26e52ce DependenciesID=ec80c45990a0cba4b838b06c940def20 StaticDependenciesID=77da2f726cf1b508ef5b7fc1015373d0 
Number of updated asset objects reloaded before import = 0Number of asset objects unloaded after import = 2

========================================================================
Received Import Request.
  Time since last request: 0.000045 seconds.
  path: Packages/com.unity.splines/Editor/Editor Resources/Icons/d_SplineComponent@2x.png
  importAddress: Guid(9a1e76c9845005c41a09e1d83102744e) Importer(815301076,1909f56bfc062723c751e8b465ee728b)
Start importing Packages/com.unity.splines/Editor/Editor Resources/Icons/d_SplineComponent@2x.png using Guid(9a1e76c9845005c41a09e1d83102744e) Importer(815301076,1909f56bfc062723c751e8b465ee728b) (PreviewImporter) -> (Import Result ID: '887078781460ada4998a96de93dbcf3e') in 0.0275281 seconds [static and dynamic dependencies]. Details - ImportResultOutputID=3c8944ab93f60bdfac20ce79dd9aaf66 DependenciesID=f1e2f03393aa4d7b28941b658fe3c96e StaticDependenciesID=8c70651e16b98a2b2803b8a836b3ee9b 
Number of updated asset objects reloaded before import = 0Number of asset objects unloaded after import = 2

========================================================================
Received Import Request.
  Time since last request: 0.000029 seconds.
  path: Packages/com.unity.render-pipelines.core/Editor/LookDev/Icons/d_RenderDoc@2x.png
  importAddress: Guid(9c63b51755ec8c845b857cc73a35d606) Importer(815301076,1909f56bfc062723c751e8b465ee728b)
Start importing Packages/com.unity.render-pipelines.core/Editor/LookDev/Icons/d_RenderDoc@2x.png using Guid(9c63b51755ec8c845b857cc73a35d606) Importer(815301076,1909f56bfc062723c751e8b465ee728b) (PreviewImporter) -> (Import Result ID: '7c62f0a873b4e3dd9a8fbd33b0dc0581') in 0.0276521 seconds [static and dynamic dependencies]. Details - ImportResultOutputID=880fe500f6a17a5e4c58a2c2ef079bf1 DependenciesID=11cb53d3f58059d08f7c25fcad32a26a StaticDependenciesID=de9f1c3f71b30ef34dbea09c4290bc74 
Number of updated asset objects reloaded before import = 0Number of asset objects unloaded after import = 3

========================================================================
Received Import Request.
  Time since last request: 0.000033 seconds.
  path: Packages/com.unity.splines/Editor/Editor Resources/Icons/d_Tangent_Continuous@2x.png
  importAddress: Guid(eac3fab9344333949be4dd5d505179d9) Importer(815301076,1909f56bfc062723c751e8b465ee728b)
Start importing Packages/com.unity.splines/Editor/Editor Resources/Icons/d_Tangent_Continuous@2x.png using Guid(eac3fab9344333949be4dd5d505179d9) Importer(815301076,1909f56bfc062723c751e8b465ee728b) (PreviewImporter) -> (Import Result ID: '38dee3f2f31295d8625230621c7a93a7') in 0.0207571 seconds [static and dynamic dependencies]. Details - ImportResultOutputID=bee8256cb5e749a069ea1a114e6d4147 DependenciesID=5709af24003ec7d88a1f96add1723238 StaticDependenciesID=ce107771f34b3fc1adc1d8d7e20693c2 
Number of updated asset objects reloaded before import = 0Number of asset objects unloaded after import = 2

========================================================================
Received Import Request.
  Time since last request: 0.000041 seconds.
  path: Packages/com.unity.collab-proxy/Editor/Assets/Images/d_iconaddedlocal.png
  importAddress: Guid(0c6a2a64ca9f9c946a7dbbd1674cf5bd) Importer(815301076,1909f56bfc062723c751e8b465ee728b)
Start importing Packages/com.unity.collab-proxy/Editor/Assets/Images/d_iconaddedlocal.png using Guid(0c6a2a64ca9f9c946a7dbbd1674cf5bd) Importer(815301076,1909f56bfc062723c751e8b465ee728b) (PreviewImporter) -> (Import Result ID: '35dcce5e6a4913bfd2a2fb048615f533') in 0.0215821 seconds [static and dynamic dependencies]. Details - ImportResultOutputID=1215878a7d25c9cd84002575a30c8292 DependenciesID=d6a5dba0c60403cc6825043836397e96 StaticDependenciesID=61c5d5b7dd534419d9f0d4497538db12 
Number of updated asset objects reloaded before import = 0Number of asset objects unloaded after import = 2

========================================================================
Received Import Request.
  Time since last request: 0.000044 seconds.
  path: Packages/com.unity.collab-proxy/Editor/Assets/Images/d_step2@2x.png
  importAddress: Guid(cdb88fdb0cf46b244a667edaff21c7df) Importer(815301076,1909f56bfc062723c751e8b465ee728b)
Start importing Packages/com.unity.collab-proxy/Editor/Assets/Images/d_step2@2x.png using Guid(cdb88fdb0cf46b244a667edaff21c7df) Importer(815301076,1909f56bfc062723c751e8b465ee728b) (PreviewImporter) -> (Import Result ID: '74f14e98396dd8b3c2aceaef0e83fbb1') in 0.0204913 seconds [static and dynamic dependencies]. Details - ImportResultOutputID=c677a6b8bf97c50ee728e845eb129d12 DependenciesID=dd28e5100eef5a357a4e13f58cbbe88b StaticDependenciesID=a3ceb487f474a44294d7c1b60ad9ad31 
Number of updated asset objects reloaded before import = 0Number of asset objects unloaded after import = 2

========================================================================
Received Import Request.
  Time since last request: 0.000029 seconds.
  path: Packages/com.unity.2d.animation/Editor/Assets/ComponentIcons/d_Animation.SpriteLibraryVar@128.png
  importAddress: Guid(c38da00047c364d939a5857fc7e8a17a) Importer(815301076,1909f56bfc062723c751e8b465ee728b)
Start importing Packages/com.unity.2d.animation/Editor/Assets/ComponentIcons/d_Animation.SpriteLibraryVar@128.png using Guid(c38da00047c364d939a5857fc7e8a17a) Importer(815301076,1909f56bfc062723c751e8b465ee728b) (PreviewImporter) -> (Import Result ID: '27b88e6b15fa97969dc2a891e79eed72') in 0.0213735 seconds [static and dynamic dependencies]. Details - ImportResultOutputID=8908279f53b23a5d261fb5c9b25f01c8 DependenciesID=908d4657b1ad1313eb7a640db8e9d432 StaticDependenciesID=2fd6b99da0fe7b4b8d68fedaa8882509 
Number of updated asset objects reloaded before import = 0Number of asset objects unloaded after import = 3

